{"resourceType":"CodeSystem","id":"space-preventive-health-cs","text":{"status":"generated","div":"<div xmlns=\"http://www.w3.org/1999/xhtml\"><p class=\"res-header-id\"><b>Generated Narrative: CodeSystem space-preventive-health-cs</b></p><a name=\"space-preventive-health-cs\"> </a><a name=\"hcspace-preventive-health-cs\"> </a><a name=\"space-preventive-health-cs-en-US\"> </a><p>This case-sensitive code system <code>https://mitre.org/fhir/space-health/CodeSystem/space-preventive-health-cs</code> defines the following codes:</p><table class=\"codes\"><tr><td style=\"white-space:nowrap\"><b>Code</b></td><td><b>Display</b></td><td><b>Definition</b></td></tr><tr><td style=\"white-space:nowrap\">pre-flight-medical-screening<a name=\"space-preventive-health-cs-pre-flight-medical-screening\"> </a></td><td>Pre-flight Medical Screening</td><td>Comprehensive medical evaluation conducted before spaceflight</td></tr><tr><td style=\"white-space:nowrap\">radiation-exposure-monitoring<a name=\"space-preventive-health-cs-radiation-exposure-monitoring\"> </a></td><td>Radiation Exposure Monitoring</td><td>Tracking and recording astronaut exposure to radiation during spaceflight</td></tr><tr><td style=\"white-space:nowrap\">bone-density-countermeasures<a name=\"space-preventive-health-cs-bone-density-countermeasures\"> </a></td><td>Bone Density Countermeasures</td><td>Interventions to prevent bone loss during spaceflight</td></tr><tr><td style=\"white-space:nowrap\">muscle-maintenance-protocols<a name=\"space-preventive-health-cs-muscle-maintenance-protocols\"> </a></td><td>Muscle Maintenance Protocols</td><td>Protocols designed to maintain muscle mass and strength during spaceflight</td></tr><tr><td style=\"white-space:nowrap\">cardiovascular-conditioning<a name=\"space-preventive-health-cs-cardiovascular-conditioning\"> </a></td><td>Cardiovascular Conditioning</td><td>Exercises and interventions to maintain cardiovascular health during spaceflight</td></tr><tr><td style=\"white-space:nowrap\">psychological-resilience-training<a name=\"space-preventive-health-cs-psychological-resilience-training\"> </a></td><td>Psychological Resilience Training</td><td>Training to enhance psychological coping and resilience for spaceflight</td></tr><tr><td style=\"white-space:nowrap\">circadian-rhythm-management<a name=\"space-preventive-health-cs-circadian-rhythm-management\"> </a></td><td>Circadian Rhythm Management</td><td>Strategies to maintain normal circadian rhythms during spaceflight</td></tr><tr><td style=\"white-space:nowrap\">nutrition-optimization<a name=\"space-preventive-health-cs-nutrition-optimization\"> </a></td><td>Space Nutrition Optimization</td><td>Tailoring of nutrition to prevent physiological deconditioning during spaceflight</td></tr><tr><td style=\"white-space:nowrap\">immune-system-support<a name=\"space-preventive-health-cs-immune-system-support\"> </a></td><td>Immune System Support</td><td>Interventions to maintain immune function during spaceflight</td></tr><tr><td style=\"white-space:nowrap\">ocular-health-monitoring<a name=\"space-preventive-health-cs-ocular-health-monitoring\"> </a></td><td>Ocular Health Monitoring</td><td>Regular monitoring of eye health to detect SANS early</td></tr><tr><td style=\"white-space:nowrap\">cardiovascular-screening<a name=\"space-preventive-health-cs-cardiovascular-screening\"> </a></td><td>Space Cardiovascular Screening</td><td>Regular monitoring of cardiovascular health during spaceflight</td></tr><tr><td style=\"white-space:nowrap\">neurocognitive-assessment<a name=\"space-preventive-health-cs-neurocognitive-assessment\"> </a></td><td>Space Neurocognitive Assessment</td><td>Regular assessment of cognitive function during spaceflight</td></tr></table></div>"},"url":"https://mitre.org/fhir/space-health/CodeSystem/space-preventive-health-cs","version":"0.4.1","name":"SpacePreventiveHealthCodeSystem","title":"Space Preventive Health","status":"draft","experimental":true,"date":"2025-06-01T17:14:01-05:00","publisher":"MITRE","contact":[{"name":"MITRE","telecom":[{"system":"url","value":"https://www.mitre.org/"}]}],"description":"CodeSystem for space preventive health concepts not found in SNOMED CT","caseSensitive":true,"content":"complete","count":12,"concept":[{"code":"pre-flight-medical-screening","display":"Pre-flight Medical Screening","definition":"Comprehensive medical evaluation conducted before spaceflight"},{"code":"radiation-exposure-monitoring","display":"Radiation Exposure Monitoring","definition":"Tracking and recording astronaut exposure to radiation during spaceflight"},{"code":"bone-density-countermeasures","display":"Bone Density Countermeasures","definition":"Interventions to prevent bone loss during spaceflight"},{"code":"muscle-maintenance-protocols","display":"Muscle Maintenance Protocols","definition":"Protocols designed to maintain muscle mass and strength during spaceflight"},{"code":"cardiovascular-conditioning","display":"Cardiovascular Conditioning","definition":"Exercises and interventions to maintain cardiovascular health during spaceflight"},{"code":"psychological-resilience-training","display":"Psychological Resilience Training","definition":"Training to enhance psychological coping and resilience for spaceflight"},{"code":"circadian-rhythm-management","display":"Circadian Rhythm Management","definition":"Strategies to maintain normal circadian rhythms during spaceflight"},{"code":"nutrition-optimization","display":"Space Nutrition Optimization","definition":"Tailoring of nutrition to prevent physiological deconditioning during spaceflight"},{"code":"immune-system-support","display":"Immune System Support","definition":"Interventions to maintain immune function during spaceflight"},{"code":"ocular-health-monitoring","display":"Ocular Health Monitoring","definition":"Regular monitoring of eye health to detect SANS early"},{"code":"cardiovascular-screening","display":"Space Cardiovascular Screening","definition":"Regular monitoring of cardiovascular health during spaceflight"},{"code":"neurocognitive-assessment","display":"Space Neurocognitive Assessment","definition":"Regular assessment of cognitive function during spaceflight"}]}