{"resourceType":"CodeSystem","id":"space-monitoring-procedures-cs","text":{"status":"generated","div":"<div xmlns=\"http://www.w3.org/1999/xhtml\"><p class=\"res-header-id\"><b>Generated Narrative: CodeSystem space-monitoring-procedures-cs</b></p><a name=\"space-monitoring-procedures-cs\"> </a><a name=\"hcspace-monitoring-procedures-cs\"> </a><a name=\"space-monitoring-procedures-cs-en-US\"> </a><p>This case-sensitive code system <code>https://mitre.org/fhir/space-health/CodeSystem/space-monitoring-procedures-cs</code> defines the following codes:</p><table class=\"codes\"><tr><td style=\"white-space:nowrap\"><b>Code</b></td><td><b>Display</b></td><td><b>Definition</b></td></tr><tr><td style=\"white-space:nowrap\">telemedicine<a name=\"space-monitoring-procedures-cs-telemedicine\"> </a></td><td>Space Telemedicine</td><td>The remote diagnosis and treatment of patients in space by means of telecommunications technology</td></tr><tr><td style=\"white-space:nowrap\">remote-monitoring<a name=\"space-monitoring-procedures-cs-remote-monitoring\"> </a></td><td>Remote Physiological Monitoring</td><td>Continuous or periodic monitoring of astronaut physiological parameters from a distance</td></tr><tr><td style=\"white-space:nowrap\">biomonitoring<a name=\"space-monitoring-procedures-cs-biomonitoring\"> </a></td><td>Space Biomonitoring</td><td>The measurement and monitoring of biological parameters in the space environment</td></tr><tr><td style=\"white-space:nowrap\">health-monitoring<a name=\"space-monitoring-procedures-cs-health-monitoring\"> </a></td><td>Space Health Monitoring</td><td>Systematic monitoring of astronaut health status during spaceflight</td></tr><tr><td style=\"white-space:nowrap\">remote-consultation<a name=\"space-monitoring-procedures-cs-remote-consultation\"> </a></td><td>Remote Medical Consultation</td><td>Medical consultation provided to astronauts from Earth-based physicians</td></tr><tr><td style=\"white-space:nowrap\">wearable-monitoring<a name=\"space-monitoring-procedures-cs-wearable-monitoring\"> </a></td><td>Wearable Health Monitoring</td><td>Use of wearable devices to continuously monitor astronaut health parameters</td></tr><tr><td style=\"white-space:nowrap\">non-invasive-monitoring<a name=\"space-monitoring-procedures-cs-non-invasive-monitoring\"> </a></td><td>Non-invasive Health Monitoring</td><td>Monitoring health parameters without invasive procedures</td></tr><tr><td style=\"white-space:nowrap\">autonomous-medical-care<a name=\"space-monitoring-procedures-cs-autonomous-medical-care\"> </a></td><td>Autonomous Medical Care</td><td>Medical care provided with limited or delayed input from Earth, necessitated by communication delays</td></tr><tr><td style=\"white-space:nowrap\">telediagnostics<a name=\"space-monitoring-procedures-cs-telediagnostics\"> </a></td><td>Space Telediagnostics</td><td>Remote diagnostic procedures conducted on astronauts during spaceflight</td></tr><tr><td style=\"white-space:nowrap\">tele-ultrasound<a name=\"space-monitoring-procedures-cs-tele-ultrasound\"> </a></td><td>Tele-ultrasound</td><td>Remote ultrasound examination guidance provided to astronauts from Earth-based physicians</td></tr><tr><td style=\"white-space:nowrap\">medical-decision-support<a name=\"space-monitoring-procedures-cs-medical-decision-support\"> </a></td><td>Medical Decision Support Systems</td><td>Computer systems that assist in medical decision-making during spaceflight</td></tr><tr><td style=\"white-space:nowrap\">crew-self-monitoring<a name=\"space-monitoring-procedures-cs-crew-self-monitoring\"> </a></td><td>Crew Self-Monitoring</td><td>Monitoring procedures performed by astronauts on themselves or crewmates</td></tr></table></div>"},"url":"https://mitre.org/fhir/space-health/CodeSystem/space-monitoring-procedures-cs","version":"0.4.2","name":"SpaceMonitoringProceduresCodeSystem","title":"Space Monitoring Procedures","status":"draft","experimental":true,"date":"2025-06-01T23:37:11-05:00","publisher":"MITRE","contact":[{"name":"MITRE","telecom":[{"system":"url","value":"https://www.mitre.org/"}]}],"description":"CodeSystem for space monitoring procedures not found in SNOMED CT","caseSensitive":true,"content":"complete","count":12,"concept":[{"code":"telemedicine","display":"Space Telemedicine","definition":"The remote diagnosis and treatment of patients in space by means of telecommunications technology"},{"code":"remote-monitoring","display":"Remote Physiological Monitoring","definition":"Continuous or periodic monitoring of astronaut physiological parameters from a distance"},{"code":"biomonitoring","display":"Space Biomonitoring","definition":"The measurement and monitoring of biological parameters in the space environment"},{"code":"health-monitoring","display":"Space Health Monitoring","definition":"Systematic monitoring of astronaut health status during spaceflight"},{"code":"remote-consultation","display":"Remote Medical Consultation","definition":"Medical consultation provided to astronauts from Earth-based physicians"},{"code":"wearable-monitoring","display":"Wearable Health Monitoring","definition":"Use of wearable devices to continuously monitor astronaut health parameters"},{"code":"non-invasive-monitoring","display":"Non-invasive Health Monitoring","definition":"Monitoring health parameters without invasive procedures"},{"code":"autonomous-medical-care","display":"Autonomous Medical Care","definition":"Medical care provided with limited or delayed input from Earth, necessitated by communication delays"},{"code":"telediagnostics","display":"Space Telediagnostics","definition":"Remote diagnostic procedures conducted on astronauts during spaceflight"},{"code":"tele-ultrasound","display":"Tele-ultrasound","definition":"Remote ultrasound examination guidance provided to astronauts from Earth-based physicians"},{"code":"medical-decision-support","display":"Medical Decision Support Systems","definition":"Computer systems that assist in medical decision-making during spaceflight"},{"code":"crew-self-monitoring","display":"Crew Self-Monitoring","definition":"Monitoring procedures performed by astronauts on themselves or crewmates"}]}