{"resourceType":"CodeSystem","id":"isolation-syndrome-factor-cs","text":{"status":"generated","div":"<div xmlns=\"http://www.w3.org/1999/xhtml\"><p class=\"res-header-id\"><b>Generated Narrative: CodeSystem isolation-syndrome-factor-cs</b></p><a name=\"isolation-syndrome-factor-cs\"> </a><a name=\"hcisolation-syndrome-factor-cs\"> </a><p>This case-sensitive code system <code>http://hl7.org/fhir/uv/aerospace/CodeSystem/isolation-syndrome-factor-cs</code> defines the following codes:</p><table class=\"codes\"><tr><td style=\"white-space:nowrap\"><b>Code</b></td><td><b>Display</b></td><td><b>Definition</b></td></tr><tr><td style=\"white-space:nowrap\">confinement<a name=\"isolation-syndrome-factor-cs-confinement\"> </a></td><td>Confinement</td><td>Small volume, limited privacy, constrained movement.</td></tr><tr><td style=\"white-space:nowrap\">sensory-monotony<a name=\"isolation-syndrome-factor-cs-sensory-monotony\"> </a></td><td>Sensory monotony</td><td>Limited visual, auditory, and olfactory variety.</td></tr><tr><td style=\"white-space:nowrap\">interpersonal-friction<a name=\"isolation-syndrome-factor-cs-interpersonal-friction\"> </a></td><td>Interpersonal friction</td><td>Crew tension, conflict, or poor communication.</td></tr><tr><td style=\"white-space:nowrap\">role-ambiguity<a name=\"isolation-syndrome-factor-cs-role-ambiguity\"> </a></td><td>Role ambiguity</td><td>Unclear or conflicting roles and responsibilities.</td></tr><tr><td style=\"white-space:nowrap\">circadian-drift<a name=\"isolation-syndrome-factor-cs-circadian-drift\"> </a></td><td>Circadian drift</td><td>Misalignment of sleep-wake cycle with operational schedule.</td></tr><tr><td style=\"white-space:nowrap\">communications-latency<a name=\"isolation-syndrome-factor-cs-communications-latency\"> </a></td><td>Communications latency</td><td>Long delays to ground communication reducing perceived support.</td></tr><tr><td style=\"white-space:nowrap\">emergency-history<a name=\"isolation-syndrome-factor-cs-emergency-history\"> </a></td><td>Emergency history</td><td>Recent anomalies or near-miss events increasing stress load.</td></tr><tr><td style=\"white-space:nowrap\">workload-imbalance<a name=\"isolation-syndrome-factor-cs-workload-imbalance\"> </a></td><td>Workload imbalance</td><td>Unequal distribution of work or perceived unfairness.</td></tr></table></div>"},"url":"http://hl7.org/fhir/uv/aerospace/CodeSystem/isolation-syndrome-factor-cs","version":"0.5.5","name":"IsolationSyndromeFactorCS","title":"Isolation Syndrome Factor Code System","status":"active","date":"2025-12-30T00:07:25-07:00","publisher":"MITRE","contact":[{"name":"MITRE","telecom":[{"system":"url","value":"https://www.mitre.org/"}]}],"description":"Factors contributing to isolation, confinement, and psychosocial risk in aerospace missions.","caseSensitive":true,"content":"complete","count":8,"concept":[{"code":"confinement","display":"Confinement","definition":"Small volume, limited privacy, constrained movement.","designation":[{"use":{"system":"http://terminology.hl7.org/CodeSystem/hl7TermMaintInfra","code":"preferredForLanguage"},"value":"Confinement"}]},{"code":"sensory-monotony","display":"Sensory monotony","definition":"Limited visual, auditory, and olfactory variety.","designation":[{"use":{"system":"http://terminology.hl7.org/CodeSystem/hl7TermMaintInfra","code":"preferredForLanguage"},"value":"Sensory monotony"}]},{"code":"interpersonal-friction","display":"Interpersonal friction","definition":"Crew tension, conflict, or poor communication.","designation":[{"use":{"system":"http://terminology.hl7.org/CodeSystem/hl7TermMaintInfra","code":"preferredForLanguage"},"value":"Interpersonal friction"}]},{"code":"role-ambiguity","display":"Role ambiguity","definition":"Unclear or conflicting roles and responsibilities.","designation":[{"use":{"system":"http://terminology.hl7.org/CodeSystem/hl7TermMaintInfra","code":"preferredForLanguage"},"value":"Role ambiguity"}]},{"code":"circadian-drift","display":"Circadian drift","definition":"Misalignment of sleep-wake cycle with operational schedule.","designation":[{"use":{"system":"http://terminology.hl7.org/CodeSystem/hl7TermMaintInfra","code":"preferredForLanguage"},"value":"Circadian drift"}]},{"code":"communications-latency","display":"Communications latency","definition":"Long delays to ground communication reducing perceived support.","designation":[{"use":{"system":"http://terminology.hl7.org/CodeSystem/hl7TermMaintInfra","code":"preferredForLanguage"},"value":"Communications latency"}]},{"code":"emergency-history","display":"Emergency history","definition":"Recent anomalies or near-miss events increasing stress load.","designation":[{"use":{"system":"http://terminology.hl7.org/CodeSystem/hl7TermMaintInfra","code":"preferredForLanguage"},"value":"Emergency history"}]},{"code":"workload-imbalance","display":"Workload imbalance","definition":"Unequal distribution of work or perceived unfairness.","designation":[{"use":{"system":"http://terminology.hl7.org/CodeSystem/hl7TermMaintInfra","code":"preferredForLanguage"},"value":"Workload imbalance"}]}]}