{"resourceType":"CodeSystem","id":"calorie-deficit-risk-cs","text":{"status":"generated","div":"<div xmlns=\"http://www.w3.org/1999/xhtml\"><p class=\"res-header-id\"><b>Generated Narrative: CodeSystem calorie-deficit-risk-cs</b></p><a name=\"calorie-deficit-risk-cs\"> </a><a name=\"hccalorie-deficit-risk-cs\"> </a><p>This case-sensitive code system <code>https://mitre.org/fhir/space-health/CodeSystem/calorie-deficit-risk-cs</code> defines the following codes:</p><table class=\"codes\"><tr><td style=\"white-space:nowrap\"><b>Code</b></td><td><b>Display</b></td></tr><tr><td style=\"white-space:nowrap\">mild<a name=\"calorie-deficit-risk-cs-mild\"> </a></td><td>Mild (&lt;300 kcal/day)</td></tr><tr><td style=\"white-space:nowrap\">moderate<a name=\"calorie-deficit-risk-cs-moderate\"> </a></td><td>Moderate (300-600 kcal/day)</td></tr><tr><td style=\"white-space:nowrap\">severe<a name=\"calorie-deficit-risk-cs-severe\"> </a></td><td>Severe (&gt;600 kcal/day)</td></tr><tr><td style=\"white-space:nowrap\">extreme<a name=\"calorie-deficit-risk-cs-extreme\"> </a></td><td>Extreme (&gt;1000 kcal/day)</td></tr></table></div>"},"url":"https://mitre.org/fhir/space-health/CodeSystem/calorie-deficit-risk-cs","version":"0.5.2","name":"CalorieDeficitRiskCS","title":"Calorie Deficit Risk Levels","status":"active","experimental":false,"date":"2025-12-29T20:17:52-07:00","publisher":"MITRE","contact":[{"name":"MITRE","telecom":[{"system":"url","value":"https://www.mitre.org/"}]}],"description":"Risk categorization for caloric deficits","caseSensitive":true,"content":"complete","count":4,"concept":[{"code":"mild","display":"Mild (<300 kcal/day)","designation":[{"use":{"system":"http://terminology.hl7.org/CodeSystem/hl7TermMaintInfra","code":"preferredForLanguage"},"value":"Mild (<300 kcal/day)"}]},{"code":"moderate","display":"Moderate (300-600 kcal/day)","designation":[{"use":{"system":"http://terminology.hl7.org/CodeSystem/hl7TermMaintInfra","code":"preferredForLanguage"},"value":"Moderate (300-600 kcal/day)"}]},{"code":"severe","display":"Severe (>600 kcal/day)","designation":[{"use":{"system":"http://terminology.hl7.org/CodeSystem/hl7TermMaintInfra","code":"preferredForLanguage"},"value":"Severe (>600 kcal/day)"}]},{"code":"extreme","display":"Extreme (>1000 kcal/day)","designation":[{"use":{"system":"http://terminology.hl7.org/CodeSystem/hl7TermMaintInfra","code":"preferredForLanguage"},"value":"Extreme (>1000 kcal/day)"}]}]}