{"resourceType":"CodeSystem","id":"underwater-communication-cs","text":{"status":"generated","div":"<div xmlns=\"http://www.w3.org/1999/xhtml\"><p class=\"res-header-id\"><b>Generated Narrative: CodeSystem underwater-communication-cs</b></p><a name=\"underwater-communication-cs\"> </a><a name=\"hcunderwater-communication-cs\"> </a><p>This case-sensitive code system <code>https://mitre.org/fhir/space-health/CodeSystem/underwater-communication-cs</code> defines the following codes:</p><table class=\"codes\"><tr><td style=\"white-space:nowrap\"><b>Code</b></td><td><b>Display</b></td><td><b>Definition</b></td></tr><tr><td style=\"white-space:nowrap\">hardwire-comm<a name=\"underwater-communication-cs-hardwire-comm\"> </a></td><td>Hardwired Communication</td><td>Physical cable-based communication system</td></tr><tr><td style=\"white-space:nowrap\">through-water-comm<a name=\"underwater-communication-cs-through-water-comm\"> </a></td><td>Through-Water Communication</td><td>Wireless underwater communication system</td></tr><tr><td style=\"white-space:nowrap\">surface-comm<a name=\"underwater-communication-cs-surface-comm\"> </a></td><td>Surface Communication</td><td>Communication with surface support team</td></tr><tr><td style=\"white-space:nowrap\">inter-diver-comm<a name=\"underwater-communication-cs-inter-diver-comm\"> </a></td><td>Inter-Diver Communication</td><td>Communication between divers underwater</td></tr><tr><td style=\"white-space:nowrap\">full-face-mask<a name=\"underwater-communication-cs-full-face-mask\"> </a></td><td>Full Face Mask Communication</td><td>Communication through full face diving mask</td></tr><tr><td style=\"white-space:nowrap\">bone-conduction<a name=\"underwater-communication-cs-bone-conduction\"> </a></td><td>Bone Conduction Communication</td><td>Bone conduction underwater communication</td></tr><tr><td style=\"white-space:nowrap\">pneumatic-comm<a name=\"underwater-communication-cs-pneumatic-comm\"> </a></td><td>Pneumatic Communication</td><td>Air-powered communication system</td></tr><tr><td style=\"white-space:nowrap\">standard-signals<a name=\"underwater-communication-cs-standard-signals\"> </a></td><td>Standard Hand Signals</td><td>Standardized underwater hand signal protocol</td></tr><tr><td style=\"white-space:nowrap\">emergency-signals<a name=\"underwater-communication-cs-emergency-signals\"> </a></td><td>Emergency Communication</td><td>Emergency communication procedures</td></tr><tr><td style=\"white-space:nowrap\">abort-signal<a name=\"underwater-communication-cs-abort-signal\"> </a></td><td>Abort Signal</td><td>Signal to immediately terminate dive operation</td></tr><tr><td style=\"white-space:nowrap\">assistance-request<a name=\"underwater-communication-cs-assistance-request\"> </a></td><td>Assistance Request</td><td>Signal requesting help from dive partner</td></tr><tr><td style=\"white-space:nowrap\">surface-immediately<a name=\"underwater-communication-cs-surface-immediately\"> </a></td><td>Surface Immediately</td><td>Signal to ascend to surface without delay</td></tr><tr><td style=\"white-space:nowrap\">problem-signal<a name=\"underwater-communication-cs-problem-signal\"> </a></td><td>Problem Signal</td><td>General problem indication signal</td></tr><tr><td style=\"white-space:nowrap\">ok-signal<a name=\"underwater-communication-cs-ok-signal\"> </a></td><td>OK Signal</td><td>All clear/everything normal signal</td></tr><tr><td style=\"white-space:nowrap\">comm-check<a name=\"underwater-communication-cs-comm-check\"> </a></td><td>Communication Check</td><td>System communication verification</td></tr><tr><td style=\"white-space:nowrap\">signal-quality<a name=\"underwater-communication-cs-signal-quality\"> </a></td><td>Signal Quality Assessment</td><td>Quality of communication signal</td></tr><tr><td style=\"white-space:nowrap\">backup-comm<a name=\"underwater-communication-cs-backup-comm\"> </a></td><td>Backup Communication</td><td>Secondary communication system</td></tr><tr><td style=\"white-space:nowrap\">comm-failure<a name=\"underwater-communication-cs-comm-failure\"> </a></td><td>Communication Failure</td><td>Loss of communication capability</td></tr><tr><td style=\"white-space:nowrap\">range-test<a name=\"underwater-communication-cs-range-test\"> </a></td><td>Communication Range Test</td><td>Testing effective communication range</td></tr></table></div>"},"url":"https://mitre.org/fhir/space-health/CodeSystem/underwater-communication-cs","version":"0.5.6","name":"UnderwaterCommunicationCS","title":"Underwater Communication Systems","status":"active","experimental":false,"date":"2025-12-30T19:11:20-07:00","publisher":"MITRE","contact":[{"name":"MITRE","telecom":[{"system":"url","value":"https://www.mitre.org/"}]}],"description":"Communication systems and protocols for underwater training operations","caseSensitive":true,"content":"complete","count":19,"concept":[{"code":"hardwire-comm","display":"Hardwired Communication","definition":"Physical cable-based communication system","designation":[{"use":{"system":"http://terminology.hl7.org/CodeSystem/hl7TermMaintInfra","code":"preferredForLanguage"},"value":"Hardwired Communication"}]},{"code":"through-water-comm","display":"Through-Water Communication","definition":"Wireless underwater communication system","designation":[{"use":{"system":"http://terminology.hl7.org/CodeSystem/hl7TermMaintInfra","code":"preferredForLanguage"},"value":"Through-Water Communication"}]},{"code":"surface-comm","display":"Surface Communication","definition":"Communication with surface support team","designation":[{"use":{"system":"http://terminology.hl7.org/CodeSystem/hl7TermMaintInfra","code":"preferredForLanguage"},"value":"Surface Communication"}]},{"code":"inter-diver-comm","display":"Inter-Diver Communication","definition":"Communication between divers underwater","designation":[{"use":{"system":"http://terminology.hl7.org/CodeSystem/hl7TermMaintInfra","code":"preferredForLanguage"},"value":"Inter-Diver Communication"}]},{"code":"full-face-mask","display":"Full Face Mask Communication","definition":"Communication through full face diving mask","designation":[{"use":{"system":"http://terminology.hl7.org/CodeSystem/hl7TermMaintInfra","code":"preferredForLanguage"},"value":"Full Face Mask Communication"}]},{"code":"bone-conduction","display":"Bone Conduction Communication","definition":"Bone conduction underwater communication","designation":[{"use":{"system":"http://terminology.hl7.org/CodeSystem/hl7TermMaintInfra","code":"preferredForLanguage"},"value":"Bone Conduction Communication"}]},{"code":"pneumatic-comm","display":"Pneumatic Communication","definition":"Air-powered communication system","designation":[{"use":{"system":"http://terminology.hl7.org/CodeSystem/hl7TermMaintInfra","code":"preferredForLanguage"},"value":"Pneumatic Communication"}]},{"code":"standard-signals","display":"Standard Hand Signals","definition":"Standardized underwater hand signal protocol"},{"code":"emergency-signals","display":"Emergency Communication","definition":"Emergency communication procedures"},{"code":"abort-signal","display":"Abort Signal","definition":"Signal to immediately terminate dive operation"},{"code":"assistance-request","display":"Assistance Request","definition":"Signal requesting help from dive partner"},{"code":"surface-immediately","display":"Surface Immediately","definition":"Signal to ascend to surface without delay"},{"code":"problem-signal","display":"Problem Signal","definition":"General problem indication signal"},{"code":"ok-signal","display":"OK Signal","definition":"All clear/everything normal signal"},{"code":"comm-check","display":"Communication Check","definition":"System communication verification"},{"code":"signal-quality","display":"Signal Quality Assessment","definition":"Quality of communication signal"},{"code":"backup-comm","display":"Backup Communication","definition":"Secondary communication system"},{"code":"comm-failure","display":"Communication Failure","definition":"Loss of communication capability"},{"code":"range-test","display":"Communication Range Test","definition":"Testing effective communication range"}]}