{"resourceType":"CodeSystem","id":"operational-status-cs","text":{"status":"generated","div":"<div xmlns=\"http://www.w3.org/1999/xhtml\"><p class=\"res-header-id\"><b>Generated Narrative: CodeSystem operational-status-cs</b></p><a name=\"operational-status-cs\"> </a><a name=\"hcoperational-status-cs\"> </a><p>This case-sensitive code system <code>http://hl7.org/fhir/uv/aerospace/CodeSystem/operational-status-cs</code> defines the following codes:</p><table class=\"codes\"><tr><td style=\"white-space:nowrap\"><b>Code</b></td><td><b>Display</b></td><td><b>Definition</b></td></tr><tr><td style=\"white-space:nowrap\">active<a name=\"operational-status-cs-active\"> </a></td><td>Active and operational</td><td>The facility or vehicle is currently active and operational</td></tr><tr><td style=\"white-space:nowrap\">maintenance<a name=\"operational-status-cs-maintenance\"> </a></td><td>Under maintenance</td><td>The facility or vehicle is temporarily offline for maintenance</td></tr><tr><td style=\"white-space:nowrap\">standby<a name=\"operational-status-cs-standby\"> </a></td><td>Standby/ready state</td><td>The facility or vehicle is in standby mode, ready for activation</td></tr><tr><td style=\"white-space:nowrap\">inactive<a name=\"operational-status-cs-inactive\"> </a></td><td>Inactive/offline</td><td>The facility or vehicle is inactive or offline</td></tr><tr><td style=\"white-space:nowrap\">decommissioned<a name=\"operational-status-cs-decommissioned\"> </a></td><td>Permanently decommissioned</td><td>The facility or vehicle has been permanently decommissioned</td></tr><tr><td style=\"white-space:nowrap\">construction<a name=\"operational-status-cs-construction\"> </a></td><td>Under construction</td><td>The facility or vehicle is currently under construction</td></tr><tr><td style=\"white-space:nowrap\">planning<a name=\"operational-status-cs-planning\"> </a></td><td>In planning phase</td><td>The facility or vehicle is in the planning phase</td></tr></table></div>"},"url":"http://hl7.org/fhir/uv/aerospace/CodeSystem/operational-status-cs","version":"0.5.6","name":"OperationalStatusCS","title":"Operational Status Code System","status":"active","experimental":false,"date":"2025-12-30T19:11:20-07:00","publisher":"MITRE","contact":[{"name":"MITRE","telecom":[{"system":"url","value":"https://www.mitre.org/"}]}],"description":"Operational status codes for facilities and vehicles","caseSensitive":true,"content":"complete","count":7,"concept":[{"code":"active","display":"Active and operational","definition":"The facility or vehicle is currently active and operational","designation":[{"use":{"system":"http://terminology.hl7.org/CodeSystem/hl7TermMaintInfra","code":"preferredForLanguage"},"value":"Active and operational"}]},{"code":"maintenance","display":"Under maintenance","definition":"The facility or vehicle is temporarily offline for maintenance","designation":[{"use":{"system":"http://terminology.hl7.org/CodeSystem/hl7TermMaintInfra","code":"preferredForLanguage"},"value":"Under maintenance"}]},{"code":"standby","display":"Standby/ready state","definition":"The facility or vehicle is in standby mode, ready for activation","designation":[{"use":{"system":"http://terminology.hl7.org/CodeSystem/hl7TermMaintInfra","code":"preferredForLanguage"},"value":"Standby/ready state"}]},{"code":"inactive","display":"Inactive/offline","definition":"The facility or vehicle is inactive or offline","designation":[{"use":{"system":"http://terminology.hl7.org/CodeSystem/hl7TermMaintInfra","code":"preferredForLanguage"},"value":"Inactive/offline"}]},{"code":"decommissioned","display":"Permanently decommissioned","definition":"The facility or vehicle has been permanently decommissioned","designation":[{"use":{"system":"http://terminology.hl7.org/CodeSystem/hl7TermMaintInfra","code":"preferredForLanguage"},"value":"Permanently decommissioned"}]},{"code":"construction","display":"Under construction","definition":"The facility or vehicle is currently under construction","designation":[{"use":{"system":"http://terminology.hl7.org/CodeSystem/hl7TermMaintInfra","code":"preferredForLanguage"},"value":"Under construction"}]},{"code":"planning","display":"In planning phase","definition":"The facility or vehicle is in the planning phase","designation":[{"use":{"system":"http://terminology.hl7.org/CodeSystem/hl7TermMaintInfra","code":"preferredForLanguage"},"value":"In planning phase"}]}]}