{"resourceType":"CodeSystem","id":"neutral-buoyancy-training-cs","text":{"status":"generated","div":"<div xmlns=\"http://www.w3.org/1999/xhtml\"><p class=\"res-header-id\"><b>Generated Narrative: CodeSystem neutral-buoyancy-training-cs</b></p><a name=\"neutral-buoyancy-training-cs\"> </a><a name=\"hcneutral-buoyancy-training-cs\"> </a><p>This case-sensitive code system <code>https://mitre.org/fhir/space-health/CodeSystem/neutral-buoyancy-training-cs</code> defines the following codes:</p><table class=\"codes\"><tr><td style=\"white-space:nowrap\"><b>Code</b></td><td><b>Display</b></td><td><b>Definition</b></td></tr><tr><td style=\"white-space:nowrap\">eva-simulation<a name=\"neutral-buoyancy-training-cs-eva-simulation\"> </a></td><td>EVA Simulation Training</td><td>Extravehicular activity simulation in neutral buoyancy pool</td></tr><tr><td style=\"white-space:nowrap\">tool-manipulation<a name=\"neutral-buoyancy-training-cs-tool-manipulation\"> </a></td><td>Tool Manipulation Training</td><td>Training for handling tools and equipment in weightless environment</td></tr><tr><td style=\"white-space:nowrap\">emergency-egress<a name=\"neutral-buoyancy-training-cs-emergency-egress\"> </a></td><td>Emergency Egress Training</td><td>Training for emergency escape procedures from spacecraft</td></tr><tr><td style=\"white-space:nowrap\">crew-coordination<a name=\"neutral-buoyancy-training-cs-crew-coordination\"> </a></td><td>Crew Coordination Training</td><td>Multi-astronaut coordination and communication training</td></tr><tr><td style=\"white-space:nowrap\">equipment-familiarization<a name=\"neutral-buoyancy-training-cs-equipment-familiarization\"> </a></td><td>Equipment Familiarization</td><td>Introduction and practice with space equipment</td></tr><tr><td style=\"white-space:nowrap\">habitat-construction<a name=\"neutral-buoyancy-training-cs-habitat-construction\"> </a></td><td>Habitat Construction Training</td><td>Training for assembly of space habitats and structures</td></tr><tr><td style=\"white-space:nowrap\">scientific-sampling<a name=\"neutral-buoyancy-training-cs-scientific-sampling\"> </a></td><td>Scientific Sampling Training</td><td>Training for geological and biological sample collection</td></tr><tr><td style=\"white-space:nowrap\">maintenance-repair<a name=\"neutral-buoyancy-training-cs-maintenance-repair\"> </a></td><td>Maintenance and Repair Training</td><td>Training for spacecraft and equipment maintenance</td></tr><tr><td style=\"white-space:nowrap\">task-completion-time<a name=\"neutral-buoyancy-training-cs-task-completion-time\"> </a></td><td>Task Completion Time</td><td>Time required to complete assigned tasks</td></tr><tr><td style=\"white-space:nowrap\">movement-efficiency<a name=\"neutral-buoyancy-training-cs-movement-efficiency\"> </a></td><td>Movement Efficiency</td><td>Assessment of movement and navigation efficiency</td></tr><tr><td style=\"white-space:nowrap\">communication-clarity<a name=\"neutral-buoyancy-training-cs-communication-clarity\"> </a></td><td>Communication Clarity</td><td>Quality of underwater communication systems</td></tr><tr><td style=\"white-space:nowrap\">emergency-response-time<a name=\"neutral-buoyancy-training-cs-emergency-response-time\"> </a></td><td>Emergency Response Time</td><td>Response time to emergency scenarios</td></tr><tr><td style=\"white-space:nowrap\">equipment-handling<a name=\"neutral-buoyancy-training-cs-equipment-handling\"> </a></td><td>Equipment Handling Proficiency</td><td>Skill in manipulating tools and equipment</td></tr><tr><td style=\"white-space:nowrap\">spatial-orientation<a name=\"neutral-buoyancy-training-cs-spatial-orientation\"> </a></td><td>Spatial Orientation</td><td>Ability to maintain orientation in 3D environment</td></tr><tr><td style=\"white-space:nowrap\">stress-management<a name=\"neutral-buoyancy-training-cs-stress-management\"> </a></td><td>Stress Management</td><td>Performance under stress and unexpected conditions</td></tr><tr><td style=\"white-space:nowrap\">nbl-facility<a name=\"neutral-buoyancy-training-cs-nbl-facility\"> </a></td><td>Neutral Buoyancy Laboratory</td><td>NASA's Neutral Buoyancy Laboratory facility</td></tr><tr><td style=\"white-space:nowrap\">commercial-facility<a name=\"neutral-buoyancy-training-cs-commercial-facility\"> </a></td><td>Commercial Training Facility</td><td>Commercial neutral buoyancy training facility</td></tr><tr><td style=\"white-space:nowrap\">open-water<a name=\"neutral-buoyancy-training-cs-open-water\"> </a></td><td>Open Water Training</td><td>Training conducted in natural water environments</td></tr><tr><td style=\"white-space:nowrap\">saturation-habitat<a name=\"neutral-buoyancy-training-cs-saturation-habitat\"> </a></td><td>Saturation Diving Habitat</td><td>Underwater habitat for extended training missions</td></tr></table></div>"},"url":"https://mitre.org/fhir/space-health/CodeSystem/neutral-buoyancy-training-cs","version":"0.5.1","name":"NeutralBuoyancyTrainingCS","title":"Neutral Buoyancy Training Code System","status":"active","experimental":false,"date":"2025-12-29T13:16:13-07:00","publisher":"MITRE","contact":[{"name":"MITRE","telecom":[{"system":"url","value":"https://www.mitre.org/"}]}],"description":"Specialized codes for neutral buoyancy training activities and assessments","caseSensitive":true,"content":"complete","count":19,"concept":[{"code":"eva-simulation","display":"EVA Simulation Training","definition":"Extravehicular activity simulation in neutral buoyancy pool","designation":[{"use":{"system":"http://terminology.hl7.org/CodeSystem/hl7TermMaintInfra","code":"preferredForLanguage"},"value":"EVA Simulation Training"}]},{"code":"tool-manipulation","display":"Tool Manipulation Training","definition":"Training for handling tools and equipment in weightless environment","designation":[{"use":{"system":"http://terminology.hl7.org/CodeSystem/hl7TermMaintInfra","code":"preferredForLanguage"},"value":"Tool Manipulation Training"}]},{"code":"emergency-egress","display":"Emergency Egress Training","definition":"Training for emergency escape procedures from spacecraft","designation":[{"use":{"system":"http://terminology.hl7.org/CodeSystem/hl7TermMaintInfra","code":"preferredForLanguage"},"value":"Emergency Egress Training"}]},{"code":"crew-coordination","display":"Crew Coordination Training","definition":"Multi-astronaut coordination and communication training","designation":[{"use":{"system":"http://terminology.hl7.org/CodeSystem/hl7TermMaintInfra","code":"preferredForLanguage"},"value":"Crew Coordination Training"}]},{"code":"equipment-familiarization","display":"Equipment Familiarization","definition":"Introduction and practice with space equipment","designation":[{"use":{"system":"http://terminology.hl7.org/CodeSystem/hl7TermMaintInfra","code":"preferredForLanguage"},"value":"Equipment Familiarization"}]},{"code":"habitat-construction","display":"Habitat Construction Training","definition":"Training for assembly of space habitats and structures","designation":[{"use":{"system":"http://terminology.hl7.org/CodeSystem/hl7TermMaintInfra","code":"preferredForLanguage"},"value":"Habitat Construction Training"}]},{"code":"scientific-sampling","display":"Scientific Sampling Training","definition":"Training for geological and biological sample collection","designation":[{"use":{"system":"http://terminology.hl7.org/CodeSystem/hl7TermMaintInfra","code":"preferredForLanguage"},"value":"Scientific Sampling Training"}]},{"code":"maintenance-repair","display":"Maintenance and Repair Training","definition":"Training for spacecraft and equipment maintenance","designation":[{"use":{"system":"http://terminology.hl7.org/CodeSystem/hl7TermMaintInfra","code":"preferredForLanguage"},"value":"Maintenance and Repair Training"}]},{"code":"task-completion-time","display":"Task Completion Time","definition":"Time required to complete assigned tasks"},{"code":"movement-efficiency","display":"Movement Efficiency","definition":"Assessment of movement and navigation efficiency"},{"code":"communication-clarity","display":"Communication Clarity","definition":"Quality of underwater communication systems"},{"code":"emergency-response-time","display":"Emergency Response Time","definition":"Response time to emergency scenarios"},{"code":"equipment-handling","display":"Equipment Handling Proficiency","definition":"Skill in manipulating tools and equipment"},{"code":"spatial-orientation","display":"Spatial Orientation","definition":"Ability to maintain orientation in 3D environment"},{"code":"stress-management","display":"Stress Management","definition":"Performance under stress and unexpected conditions"},{"code":"nbl-facility","display":"Neutral Buoyancy Laboratory","definition":"NASA's Neutral Buoyancy Laboratory facility"},{"code":"commercial-facility","display":"Commercial Training Facility","definition":"Commercial neutral buoyancy training facility"},{"code":"open-water","display":"Open Water Training","definition":"Training conducted in natural water environments"},{"code":"saturation-habitat","display":"Saturation Diving Habitat","definition":"Underwater habitat for extended training missions"}]}