{"resourceType":"CodeSystem","id":"psychological-countermeasure-cs","text":{"status":"generated","div":"<div xmlns=\"http://www.w3.org/1999/xhtml\"><p class=\"res-header-id\"><b>Generated Narrative: CodeSystem psychological-countermeasure-cs</b></p><a name=\"psychological-countermeasure-cs\"> </a><a name=\"hcpsychological-countermeasure-cs\"> </a><p>This case-sensitive code system <code>http://hl7.org/fhir/uv/aerospace/CodeSystem/psychological-countermeasure-cs</code> defines the following codes:</p><table class=\"codes\"><tr><td style=\"white-space:nowrap\"><b>Code</b></td><td><b>Display</b></td><td><b>Definition</b></td></tr><tr><td style=\"white-space:nowrap\">cbt-session<a name=\"psychological-countermeasure-cs-cbt-session\"> </a></td><td>Cognitive behavioral therapy session</td><td>Formal CBT or counseling session (in-person or telemedicine).</td></tr><tr><td style=\"white-space:nowrap\">supportive-counseling<a name=\"psychological-countermeasure-cs-supportive-counseling\"> </a></td><td>Supportive counseling</td><td>Non-directive supportive conversation with behavioral health personnel.</td></tr><tr><td style=\"white-space:nowrap\">exercise-countermeasure<a name=\"psychological-countermeasure-cs-exercise-countermeasure\"> </a></td><td>Exercise countermeasure</td><td>Physical exercise targeting stress reduction or mood improvement.</td></tr><tr><td style=\"white-space:nowrap\">bright-light-therapy<a name=\"psychological-countermeasure-cs-bright-light-therapy\"> </a></td><td>Bright light therapy</td><td>Timed bright light exposure to stabilize circadian rhythms.</td></tr><tr><td style=\"white-space:nowrap\">guided-meditation<a name=\"psychological-countermeasure-cs-guided-meditation\"> </a></td><td>Guided meditation</td><td>Structured mindfulness or meditation session.</td></tr><tr><td style=\"white-space:nowrap\">crew-debrief<a name=\"psychological-countermeasure-cs-crew-debrief\"> </a></td><td>Crew debrief</td><td>Guided crew-level debrief to process events and conflict.</td></tr><tr><td style=\"white-space:nowrap\">sleep-hygiene-coaching<a name=\"psychological-countermeasure-cs-sleep-hygiene-coaching\"> </a></td><td>Sleep hygiene coaching</td><td>Behavioral intervention to improve sleep habits.</td></tr><tr><td style=\"white-space:nowrap\">pharmacologic-anxiolytic<a name=\"psychological-countermeasure-cs-pharmacologic-anxiolytic\"> </a></td><td>Pharmacologic anxiolytic</td><td>Medication used to reduce acute anxiety.</td></tr><tr><td style=\"white-space:nowrap\">pharmacologic-sedative<a name=\"psychological-countermeasure-cs-pharmacologic-sedative\"> </a></td><td>Pharmacologic sedative</td><td>Medication used to promote sleep.</td></tr><tr><td style=\"white-space:nowrap\">vr-relaxation<a name=\"psychological-countermeasure-cs-vr-relaxation\"> </a></td><td>VR relaxation protocol</td><td>Immersive virtual environment for relaxation or mood support.</td></tr></table></div>"},"url":"http://hl7.org/fhir/uv/aerospace/CodeSystem/psychological-countermeasure-cs","version":"0.5.0","name":"PsychologicalCountermeasureCS","title":"Psychological Countermeasure Code System","status":"active","date":"2025-12-25T11:43:35-07:00","publisher":"MITRE","contact":[{"name":"MITRE","telecom":[{"system":"url","value":"https://www.mitre.org/"}]}],"description":"Codes for psychological countermeasure interventions in aerospace missions.","caseSensitive":true,"content":"complete","count":10,"concept":[{"code":"cbt-session","display":"Cognitive behavioral therapy session","definition":"Formal CBT or counseling session (in-person or telemedicine).","designation":[{"use":{"system":"http://terminology.hl7.org/CodeSystem/hl7TermMaintInfra","code":"preferredForLanguage"},"value":"Cognitive behavioral therapy session"}]},{"code":"supportive-counseling","display":"Supportive counseling","definition":"Non-directive supportive conversation with behavioral health personnel.","designation":[{"use":{"system":"http://terminology.hl7.org/CodeSystem/hl7TermMaintInfra","code":"preferredForLanguage"},"value":"Supportive counseling"}]},{"code":"exercise-countermeasure","display":"Exercise countermeasure","definition":"Physical exercise targeting stress reduction or mood improvement.","designation":[{"use":{"system":"http://terminology.hl7.org/CodeSystem/hl7TermMaintInfra","code":"preferredForLanguage"},"value":"Exercise countermeasure"}]},{"code":"bright-light-therapy","display":"Bright light therapy","definition":"Timed bright light exposure to stabilize circadian rhythms.","designation":[{"use":{"system":"http://terminology.hl7.org/CodeSystem/hl7TermMaintInfra","code":"preferredForLanguage"},"value":"Bright light therapy"}]},{"code":"guided-meditation","display":"Guided meditation","definition":"Structured mindfulness or meditation session.","designation":[{"use":{"system":"http://terminology.hl7.org/CodeSystem/hl7TermMaintInfra","code":"preferredForLanguage"},"value":"Guided meditation"}]},{"code":"crew-debrief","display":"Crew debrief","definition":"Guided crew-level debrief to process events and conflict.","designation":[{"use":{"system":"http://terminology.hl7.org/CodeSystem/hl7TermMaintInfra","code":"preferredForLanguage"},"value":"Crew debrief"}]},{"code":"sleep-hygiene-coaching","display":"Sleep hygiene coaching","definition":"Behavioral intervention to improve sleep habits.","designation":[{"use":{"system":"http://terminology.hl7.org/CodeSystem/hl7TermMaintInfra","code":"preferredForLanguage"},"value":"Sleep hygiene coaching"}]},{"code":"pharmacologic-anxiolytic","display":"Pharmacologic anxiolytic","definition":"Medication used to reduce acute anxiety.","designation":[{"use":{"system":"http://terminology.hl7.org/CodeSystem/hl7TermMaintInfra","code":"preferredForLanguage"},"value":"Pharmacologic anxiolytic"}]},{"code":"pharmacologic-sedative","display":"Pharmacologic sedative","definition":"Medication used to promote sleep.","designation":[{"use":{"system":"http://terminology.hl7.org/CodeSystem/hl7TermMaintInfra","code":"preferredForLanguage"},"value":"Pharmacologic sedative"}]},{"code":"vr-relaxation","display":"VR relaxation protocol","definition":"Immersive virtual environment for relaxation or mood support.","designation":[{"use":{"system":"http://terminology.hl7.org/CodeSystem/hl7TermMaintInfra","code":"preferredForLanguage"},"value":"VR relaxation protocol"}]}]}