{"resourceType":"CodeSystem","id":"nutrition-inventory-status-cs","text":{"status":"generated","div":"<div xmlns=\"http://www.w3.org/1999/xhtml\"><p class=\"res-header-id\"><b>Generated Narrative: CodeSystem nutrition-inventory-status-cs</b></p><a name=\"nutrition-inventory-status-cs\"> </a><a name=\"hcnutrition-inventory-status-cs\"> </a><p>This case-sensitive code system <code>https://mitre.org/fhir/space-health/CodeSystem/nutrition-inventory-status-cs</code> defines the following codes:</p><table class=\"codes\"><tr><td style=\"white-space:nowrap\"><b>Code</b></td><td><b>Display</b></td></tr><tr><td style=\"white-space:nowrap\">adequate<a name=\"nutrition-inventory-status-cs-adequate\"> </a></td><td>Adequate Supply</td></tr><tr><td style=\"white-space:nowrap\">low<a name=\"nutrition-inventory-status-cs-low\"> </a></td><td>Low Supply</td></tr><tr><td style=\"white-space:nowrap\">critical<a name=\"nutrition-inventory-status-cs-critical\"> </a></td><td>Critical Supply</td></tr><tr><td style=\"white-space:nowrap\">expired<a name=\"nutrition-inventory-status-cs-expired\"> </a></td><td>Expired Items Present</td></tr><tr><td style=\"white-space:nowrap\">shortage<a name=\"nutrition-inventory-status-cs-shortage\"> </a></td><td>Shortage Detected</td></tr><tr><td style=\"white-space:nowrap\">nominal<a name=\"nutrition-inventory-status-cs-nominal\"> </a></td><td>Nominal Status</td></tr><tr><td style=\"white-space:nowrap\">caution<a name=\"nutrition-inventory-status-cs-caution\"> </a></td><td>Caution Required</td></tr></table></div>"},"url":"https://mitre.org/fhir/space-health/CodeSystem/nutrition-inventory-status-cs","version":"0.5.6","name":"NutritionInventoryStatusCS","title":"Nutrition Inventory Status","status":"active","experimental":false,"date":"2025-12-30T19:11:20-07:00","publisher":"MITRE","contact":[{"name":"MITRE","telecom":[{"system":"url","value":"https://www.mitre.org/"}]}],"description":"Status levels for nutrition inventory management","caseSensitive":true,"content":"complete","count":7,"concept":[{"code":"adequate","display":"Adequate Supply","designation":[{"use":{"system":"http://terminology.hl7.org/CodeSystem/hl7TermMaintInfra","code":"preferredForLanguage"},"value":"Adequate Supply"}]},{"code":"low","display":"Low Supply","designation":[{"use":{"system":"http://terminology.hl7.org/CodeSystem/hl7TermMaintInfra","code":"preferredForLanguage"},"value":"Low Supply"}]},{"code":"critical","display":"Critical Supply","designation":[{"use":{"system":"http://terminology.hl7.org/CodeSystem/hl7TermMaintInfra","code":"preferredForLanguage"},"value":"Critical Supply"}]},{"code":"expired","display":"Expired Items Present","designation":[{"use":{"system":"http://terminology.hl7.org/CodeSystem/hl7TermMaintInfra","code":"preferredForLanguage"},"value":"Expired Items Present"}]},{"code":"shortage","display":"Shortage Detected","designation":[{"use":{"system":"http://terminology.hl7.org/CodeSystem/hl7TermMaintInfra","code":"preferredForLanguage"},"value":"Shortage Detected"}]},{"code":"nominal","display":"Nominal Status","designation":[{"use":{"system":"http://terminology.hl7.org/CodeSystem/hl7TermMaintInfra","code":"preferredForLanguage"},"value":"Nominal Status"}]},{"code":"caution","display":"Caution Required","designation":[{"use":{"system":"http://terminology.hl7.org/CodeSystem/hl7TermMaintInfra","code":"preferredForLanguage"},"value":"Caution Required"}]}]}