{"resourceType":"CodeSystem","id":"decompression-protocol-cs","text":{"status":"generated","div":"<div xmlns=\"http://www.w3.org/1999/xhtml\"><p class=\"res-header-id\"><b>Generated Narrative: CodeSystem decompression-protocol-cs</b></p><a name=\"decompression-protocol-cs\"> </a><a name=\"hcdecompression-protocol-cs\"> </a><p>This case-sensitive code system <code>https://mitre.org/fhir/space-health/CodeSystem/decompression-protocol-cs</code> defines the following codes:</p><table class=\"codes\"><tr><td style=\"white-space:nowrap\"><b>Code</b></td><td><b>Display</b></td><td><b>Definition</b></td></tr><tr><td style=\"white-space:nowrap\">buhlmann-zh-l16c<a name=\"decompression-protocol-cs-buhlmann-zh-l16c\"> </a></td><td>Bühlmann ZH-L16C</td><td>Bühlmann decompression algorithm</td></tr><tr><td style=\"white-space:nowrap\">rgbm<a name=\"decompression-protocol-cs-rgbm\"> </a></td><td>Reduced Gradient Bubble Model</td><td>RGBM decompression algorithm</td></tr><tr><td style=\"white-space:nowrap\">vpm<a name=\"decompression-protocol-cs-vpm\"> </a></td><td>Varying Permeability Model</td><td>VPM decompression algorithm</td></tr><tr><td style=\"white-space:nowrap\">usn-tables<a name=\"decompression-protocol-cs-usn-tables\"> </a></td><td>US Navy Tables</td><td>US Navy decompression tables</td></tr><tr><td style=\"white-space:nowrap\">noaa-tables<a name=\"decompression-protocol-cs-noaa-tables\"> </a></td><td>NOAA Tables</td><td>NOAA decompression tables</td></tr><tr><td style=\"white-space:nowrap\">padi-tables<a name=\"decompression-protocol-cs-padi-tables\"> </a></td><td>PADI Tables</td><td>PADI recreational decompression tables</td></tr><tr><td style=\"white-space:nowrap\">safety-stop-3min<a name=\"decompression-protocol-cs-safety-stop-3min\"> </a></td><td>3-Minute Safety Stop</td><td>Standard 3-minute safety stop at 15 feet</td></tr><tr><td style=\"white-space:nowrap\">safety-stop-5min<a name=\"decompression-protocol-cs-safety-stop-5min\"> </a></td><td>5-Minute Safety Stop</td><td>Extended 5-minute safety stop</td></tr><tr><td style=\"white-space:nowrap\">deep-stop<a name=\"decompression-protocol-cs-deep-stop\"> </a></td><td>Deep Stop</td><td>Deep safety stop at half maximum depth</td></tr><tr><td style=\"white-space:nowrap\">mandatory-deco<a name=\"decompression-protocol-cs-mandatory-deco\"> </a></td><td>Mandatory Decompression</td><td>Required decompression stop</td></tr><tr><td style=\"white-space:nowrap\">emergency-deco<a name=\"decompression-protocol-cs-emergency-deco\"> </a></td><td>Emergency Decompression</td><td>Emergency decompression procedure</td></tr><tr><td style=\"white-space:nowrap\">normal-ascent<a name=\"decompression-protocol-cs-normal-ascent\"> </a></td><td>Normal Ascent</td><td>Standard controlled ascent procedure</td></tr><tr><td style=\"white-space:nowrap\">emergency-ascent<a name=\"decompression-protocol-cs-emergency-ascent\"> </a></td><td>Emergency Ascent</td><td>Rapid emergency ascent procedure</td></tr><tr><td style=\"white-space:nowrap\">assisted-ascent<a name=\"decompression-protocol-cs-assisted-ascent\"> </a></td><td>Assisted Ascent</td><td>Ascent with assistance from dive partner</td></tr><tr><td style=\"white-space:nowrap\">controlled-emergency-ascent<a name=\"decompression-protocol-cs-controlled-emergency-ascent\"> </a></td><td>Controlled Emergency Ascent</td><td>Controlled emergency swimming ascent</td></tr><tr><td style=\"white-space:nowrap\">buoyant-ascent<a name=\"decompression-protocol-cs-buoyant-ascent\"> </a></td><td>Buoyant Emergency Ascent</td><td>Emergency ascent using buoyancy control</td></tr><tr><td style=\"white-space:nowrap\">nitrox-switch<a name=\"decompression-protocol-cs-nitrox-switch\"> </a></td><td>Nitrox Gas Switch</td><td>Switching to nitrox decompression gas</td></tr><tr><td style=\"white-space:nowrap\">oxygen-switch<a name=\"decompression-protocol-cs-oxygen-switch\"> </a></td><td>Oxygen Switch</td><td>Switching to pure oxygen for decompression</td></tr><tr><td style=\"white-space:nowrap\">trimix-switch<a name=\"decompression-protocol-cs-trimix-switch\"> </a></td><td>Trimix Switch</td><td>Switching between trimix breathing gases</td></tr><tr><td style=\"white-space:nowrap\">air-break<a name=\"decompression-protocol-cs-air-break\"> </a></td><td>Air Break</td><td>Air break during oxygen decompression</td></tr><tr><td style=\"white-space:nowrap\">altitude-diving<a name=\"decompression-protocol-cs-altitude-diving\"> </a></td><td>Altitude Diving</td><td>Decompression procedures for altitude diving</td></tr><tr><td style=\"white-space:nowrap\">cold-water<a name=\"decompression-protocol-cs-cold-water\"> </a></td><td>Cold Water Diving</td><td>Cold water decompression considerations</td></tr><tr><td style=\"white-space:nowrap\">overhead-environment<a name=\"decompression-protocol-cs-overhead-environment\"> </a></td><td>Overhead Environment</td><td>Decompression in overhead environments</td></tr><tr><td style=\"white-space:nowrap\">repetitive-diving<a name=\"decompression-protocol-cs-repetitive-diving\"> </a></td><td>Repetitive Diving</td><td>Multiple dive decompression planning</td></tr></table></div>"},"url":"https://mitre.org/fhir/space-health/CodeSystem/decompression-protocol-cs","version":"0.5.6","name":"DecompressionProtocolCS","title":"Decompression Protocols and Procedures","status":"active","experimental":false,"date":"2025-12-30T19:11:20-07:00","publisher":"MITRE","contact":[{"name":"MITRE","telecom":[{"system":"url","value":"https://www.mitre.org/"}]}],"description":"Standardized decompression protocols and safety procedures","caseSensitive":true,"content":"complete","count":24,"concept":[{"code":"buhlmann-zh-l16c","display":"Bühlmann ZH-L16C","definition":"Bühlmann decompression algorithm","designation":[{"use":{"system":"http://terminology.hl7.org/CodeSystem/hl7TermMaintInfra","code":"preferredForLanguage"},"value":"Bühlmann ZH-L16C"}]},{"code":"rgbm","display":"Reduced Gradient Bubble Model","definition":"RGBM decompression algorithm","designation":[{"use":{"system":"http://terminology.hl7.org/CodeSystem/hl7TermMaintInfra","code":"preferredForLanguage"},"value":"Reduced Gradient Bubble Model"}]},{"code":"vpm","display":"Varying Permeability Model","definition":"VPM decompression algorithm","designation":[{"use":{"system":"http://terminology.hl7.org/CodeSystem/hl7TermMaintInfra","code":"preferredForLanguage"},"value":"Varying Permeability Model"}]},{"code":"usn-tables","display":"US Navy Tables","definition":"US Navy decompression tables","designation":[{"use":{"system":"http://terminology.hl7.org/CodeSystem/hl7TermMaintInfra","code":"preferredForLanguage"},"value":"US Navy Tables"}]},{"code":"noaa-tables","display":"NOAA Tables","definition":"NOAA decompression tables","designation":[{"use":{"system":"http://terminology.hl7.org/CodeSystem/hl7TermMaintInfra","code":"preferredForLanguage"},"value":"NOAA Tables"}]},{"code":"padi-tables","display":"PADI Tables","definition":"PADI recreational decompression tables","designation":[{"use":{"system":"http://terminology.hl7.org/CodeSystem/hl7TermMaintInfra","code":"preferredForLanguage"},"value":"PADI Tables"}]},{"code":"safety-stop-3min","display":"3-Minute Safety Stop","definition":"Standard 3-minute safety stop at 15 feet","designation":[{"use":{"system":"http://terminology.hl7.org/CodeSystem/hl7TermMaintInfra","code":"preferredForLanguage"},"value":"3-Minute Safety Stop"}]},{"code":"safety-stop-5min","display":"5-Minute Safety Stop","definition":"Extended 5-minute safety stop","designation":[{"use":{"system":"http://terminology.hl7.org/CodeSystem/hl7TermMaintInfra","code":"preferredForLanguage"},"value":"5-Minute Safety Stop"}]},{"code":"deep-stop","display":"Deep Stop","definition":"Deep safety stop at half maximum depth","designation":[{"use":{"system":"http://terminology.hl7.org/CodeSystem/hl7TermMaintInfra","code":"preferredForLanguage"},"value":"Deep Stop"}]},{"code":"mandatory-deco","display":"Mandatory Decompression","definition":"Required decompression stop","designation":[{"use":{"system":"http://terminology.hl7.org/CodeSystem/hl7TermMaintInfra","code":"preferredForLanguage"},"value":"Mandatory Decompression"}]},{"code":"emergency-deco","display":"Emergency Decompression","definition":"Emergency decompression procedure","designation":[{"use":{"system":"http://terminology.hl7.org/CodeSystem/hl7TermMaintInfra","code":"preferredForLanguage"},"value":"Emergency Decompression"}]},{"code":"normal-ascent","display":"Normal Ascent","definition":"Standard controlled ascent procedure","designation":[{"use":{"system":"http://terminology.hl7.org/CodeSystem/hl7TermMaintInfra","code":"preferredForLanguage"},"value":"Normal Ascent"}]},{"code":"emergency-ascent","display":"Emergency Ascent","definition":"Rapid emergency ascent procedure","designation":[{"use":{"system":"http://terminology.hl7.org/CodeSystem/hl7TermMaintInfra","code":"preferredForLanguage"},"value":"Emergency Ascent"}]},{"code":"assisted-ascent","display":"Assisted Ascent","definition":"Ascent with assistance from dive partner","designation":[{"use":{"system":"http://terminology.hl7.org/CodeSystem/hl7TermMaintInfra","code":"preferredForLanguage"},"value":"Assisted Ascent"}]},{"code":"controlled-emergency-ascent","display":"Controlled Emergency Ascent","definition":"Controlled emergency swimming ascent","designation":[{"use":{"system":"http://terminology.hl7.org/CodeSystem/hl7TermMaintInfra","code":"preferredForLanguage"},"value":"Controlled Emergency Ascent"}]},{"code":"buoyant-ascent","display":"Buoyant Emergency Ascent","definition":"Emergency ascent using buoyancy control","designation":[{"use":{"system":"http://terminology.hl7.org/CodeSystem/hl7TermMaintInfra","code":"preferredForLanguage"},"value":"Buoyant Emergency Ascent"}]},{"code":"nitrox-switch","display":"Nitrox Gas Switch","definition":"Switching to nitrox decompression gas","designation":[{"use":{"system":"http://terminology.hl7.org/CodeSystem/hl7TermMaintInfra","code":"preferredForLanguage"},"value":"Nitrox Gas Switch"}]},{"code":"oxygen-switch","display":"Oxygen Switch","definition":"Switching to pure oxygen for decompression","designation":[{"use":{"system":"http://terminology.hl7.org/CodeSystem/hl7TermMaintInfra","code":"preferredForLanguage"},"value":"Oxygen Switch"}]},{"code":"trimix-switch","display":"Trimix Switch","definition":"Switching between trimix breathing gases","designation":[{"use":{"system":"http://terminology.hl7.org/CodeSystem/hl7TermMaintInfra","code":"preferredForLanguage"},"value":"Trimix Switch"}]},{"code":"air-break","display":"Air Break","definition":"Air break during oxygen decompression","designation":[{"use":{"system":"http://terminology.hl7.org/CodeSystem/hl7TermMaintInfra","code":"preferredForLanguage"},"value":"Air Break"}]},{"code":"altitude-diving","display":"Altitude Diving","definition":"Decompression procedures for altitude diving","designation":[{"use":{"system":"http://terminology.hl7.org/CodeSystem/hl7TermMaintInfra","code":"preferredForLanguage"},"value":"Altitude Diving"}]},{"code":"cold-water","display":"Cold Water Diving","definition":"Cold water decompression considerations","designation":[{"use":{"system":"http://terminology.hl7.org/CodeSystem/hl7TermMaintInfra","code":"preferredForLanguage"},"value":"Cold Water Diving"}]},{"code":"overhead-environment","display":"Overhead Environment","definition":"Decompression in overhead environments","designation":[{"use":{"system":"http://terminology.hl7.org/CodeSystem/hl7TermMaintInfra","code":"preferredForLanguage"},"value":"Overhead Environment"}]},{"code":"repetitive-diving","display":"Repetitive Diving","definition":"Multiple dive decompression planning","designation":[{"use":{"system":"http://terminology.hl7.org/CodeSystem/hl7TermMaintInfra","code":"preferredForLanguage"},"value":"Repetitive Diving"}]}]}