{"resourceType":"ValueSet","id":"radiation-countermeasures-vs","text":{"status":"generated","div":"<div xmlns=\"http://www.w3.org/1999/xhtml\"><p class=\"res-header-id\"><b>Generated Narrative: ValueSet radiation-countermeasures-vs</b></p><a name=\"radiation-countermeasures-vs\"> </a><a name=\"hcradiation-countermeasures-vs\"> </a><ul><li>Include all codes defined in <a href=\"CodeSystem-radiation-countermeasures-cs.html\"><code>https://mitre.org/fhir/space-health/CodeSystem/radiation-countermeasures-cs</code></a><span title=\"Version is not explicitly stated, which means it is fixed to the version provided in this specification\"> version &#x1F4E6;0.5.2</span></li></ul></div>"},"url":"https://mitre.org/fhir/space-health/ValueSet/radiation-countermeasures-vs","version":"0.5.2","name":"RadiationCountermeasuresVS","title":"Radiation Countermeasures","status":"draft","experimental":false,"date":"2025-12-29T20:17:52-07:00","publisher":"MITRE","contact":[{"name":"MITRE","telecom":[{"system":"url","value":"https://www.mitre.org/"}]}],"description":"Protective measures against radiation","compose":{"include":[{"system":"https://mitre.org/fhir/space-health/CodeSystem/radiation-countermeasures-cs"}]}}