{"resourceType":"ValueSet","id":"space-cardiovascular-effects","text":{"status":"generated","div":"<div xmlns=\"http://www.w3.org/1999/xhtml\"><p class=\"res-header-id\"><b>Generated Narrative: ValueSet space-cardiovascular-effects</b></p><a name=\"space-cardiovascular-effects\"> </a><a name=\"hcspace-cardiovascular-effects\"> </a><ul><li>Include these codes as defined in <a href=\"http://www.snomed.org/\"><code>http://snomed.info/sct</code></a><span title=\"Version is not explicitly stated. No matching Code System found\"> version Not Stated (use latest from terminology server)</span><table class=\"none\"><tr><td style=\"white-space:nowrap\"><b>Code</b></td><td><b>Display</b></td></tr><tr><td><a href=\"http://snomed.info/id/28651003\">28651003</a></td><td>Orthostatic hypotension</td></tr><tr><td><a href=\"http://snomed.info/id/75181005\">75181005</a></td><td>Chronic orthostatic hypotension</td></tr><tr><td><a href=\"http://snomed.info/id/84438001\">84438001</a></td><td>Idiopathic orthostatic hypotension</td></tr><tr><td><a href=\"http://snomed.info/id/230664009\">230664009</a></td><td>Sympathotonic orthostatic hypotension</td></tr><tr><td><a href=\"http://snomed.info/id/80042002\">80042002</a></td><td>Heart rate</td></tr><tr><td><a href=\"http://snomed.info/id/28352003\">28352003</a></td><td>Irregular heart rate</td></tr><tr><td><a href=\"http://snomed.info/id/2004005\">2004005</a></td><td>Normal blood pressure</td></tr><tr><td><a href=\"http://snomed.info/id/12763006\">12763006</a></td><td>Decreased blood pressure, not hypotension</td></tr><tr><td><a href=\"http://snomed.info/id/12929001\">12929001</a></td><td>Normal systolic blood pressure</td></tr><tr><td><a href=\"http://snomed.info/id/3424008\">3424008</a></td><td>Tachycardia</td></tr><tr><td><a href=\"http://snomed.info/id/6456007\">6456007</a></td><td>Supraventricular tachycardia</td></tr><tr><td><a href=\"http://snomed.info/id/17594002\">17594002</a></td><td>Fetal bradycardia affecting management of mother</td></tr><tr><td><a href=\"http://snomed.info/id/29894000\">29894000</a></td><td>Vagal bradycardia</td></tr><tr><td><a href=\"http://snomed.info/id/6285003\">6285003</a></td><td>Tachyarrhythmia</td></tr><tr><td><a href=\"http://snomed.info/id/17366009\">17366009</a></td><td>Atrial arrhythmia</td></tr></table></li></ul></div>"},"url":"https://mitre.org/fhir/space-health/ValueSet/space-cardiovascular-effects","version":"0.5.6","name":"SpaceCardiovascularEffectsValueSet","title":"Space Cardiovascular Effects","status":"draft","experimental":true,"date":"2025-12-30T13:15:27-07:00","publisher":"MITRE","contact":[{"name":"MITRE","telecom":[{"system":"url","value":"https://www.mitre.org/"}]}],"description":"Cardiovascular effects and conditions relevant to human spaceflight, including orthostatic intolerance, heart rate changes, and blood pressure","compose":{"include":[{"system":"http://snomed.info/sct","concept":[{"code":"28651003","display":"Orthostatic hypotension"},{"code":"75181005","display":"Chronic orthostatic hypotension"},{"code":"84438001","display":"Idiopathic orthostatic hypotension"},{"code":"230664009","display":"Sympathotonic orthostatic hypotension"},{"code":"80042002","display":"Heart rate"},{"code":"28352003","display":"Irregular heart rate"},{"code":"2004005","display":"Normal blood pressure"},{"code":"12763006","display":"Decreased blood pressure, not hypotension"},{"code":"12929001","display":"Normal systolic blood pressure"},{"code":"3424008","display":"Tachycardia"},{"code":"6456007","display":"Supraventricular tachycardia"},{"code":"17594002","display":"Fetal bradycardia affecting management of mother"},{"code":"29894000","display":"Vagal bradycardia"},{"code":"6285003","display":"Tachyarrhythmia"},{"code":"17366009","display":"Atrial arrhythmia"}]}]}}