{"resourceType":"ValueSet","id":"space-radiation-dose-codes-vs-complete","text":{"status":"generated","div":"<div xmlns=\"http://www.w3.org/1999/xhtml\"><p class=\"res-header-id\"><b>Generated Narrative: ValueSet space-radiation-dose-codes-vs-complete</b></p><a name=\"space-radiation-dose-codes-vs-complete\"> </a><a name=\"hcspace-radiation-dose-codes-vs-complete\"> </a><p>This value set includes codes based on the following rules:</p><ul><li>Include these codes as defined in <a href=\"http://loinc.org\"><code>http://loinc.org</code></a><span title=\"Version is not explicitly stated. No matching Code System found\"> version Not Stated (use latest from terminology server)</span><table class=\"none\"><tr><td style=\"white-space:nowrap\"><b>Code</b></td><td><b>Display</b></td></tr><tr><td><a href=\"https://loinc.org/73536-5/\">73536-5</a></td><td>Radiation dose total</td></tr><tr><td><a href=\"https://loinc.org/77638-4/\">77638-4</a></td><td>Irradiation dose rate</td></tr></table></li><li>Include these codes as defined in <code>http://hl7.org/fhir/uv/aerospace/CodeSystem/aerospace-code-system</code><span title=\"Version is not explicitly stated. No matching Code System found\"> version Not Stated (use latest from terminology server)</span><table class=\"none\"><tr><td style=\"white-space:nowrap\"><b>Code</b></td><td><b>Display</b></td></tr><tr><td>gcr-dose</td><td>Galactic Cosmic Radiation Dose</td></tr><tr><td>spe-dose</td><td>Solar Particle Event Dose</td></tr><tr><td>trapped-dose</td><td>Trapped Radiation Dose</td></tr><tr><td>secondary-dose</td><td>Secondary Radiation Dose</td></tr><tr><td>neutron-dose</td><td>Neutron Radiation Dose</td></tr></table></li></ul></div>"},"url":"https://mitre.org/fhir/space-health/ValueSet/space-radiation-dose-codes-vs-complete","version":"0.5.4","name":"SpaceRadiationDoseCodesVSComplete","title":"Complete Space Radiation Dose Measurement Codes","status":"active","experimental":false,"date":"2025-12-29T23:18:22-07:00","publisher":"MITRE","contact":[{"name":"MITRE","telecom":[{"system":"url","value":"https://www.mitre.org/"}]}],"description":"Comprehensive codes for radiation dose measurements in space environments","compose":{"include":[{"system":"http://loinc.org","concept":[{"code":"73536-5","display":"Radiation dose total"},{"code":"77638-4","display":"Irradiation dose rate"}]},{"system":"http://hl7.org/fhir/uv/aerospace/CodeSystem/aerospace-code-system","concept":[{"code":"gcr-dose","display":"Galactic Cosmic Radiation Dose"},{"code":"spe-dose","display":"Solar Particle Event Dose"},{"code":"trapped-dose","display":"Trapped Radiation Dose"},{"code":"secondary-dose","display":"Secondary Radiation Dose"},{"code":"neutron-dose","display":"Neutron Radiation Dose"}]}]}}