{"resourceType":"ValueSet","id":"diving-contraindicated-conditions","text":{"status":"generated","div":"<div xmlns=\"http://www.w3.org/1999/xhtml\"><p class=\"res-header-id\"><b>Generated Narrative: ValueSet diving-contraindicated-conditions</b></p><a name=\"diving-contraindicated-conditions\"> </a><a name=\"hcdiving-contraindicated-conditions\"> </a><a name=\"diving-contraindicated-conditions-en-US\"> </a><ul><li>Include these codes as defined in <a href=\"http://www.snomed.org/\"><code>http://snomed.info/sct</code></a><table class=\"none\"><tr><td style=\"white-space:nowrap\"><b>Code</b></td><td><b>Display</b></td></tr><tr><td><a href=\"http://snomed.info/id/49436004\">49436004</a></td><td>Atrial fibrillation</td></tr><tr><td><a href=\"http://snomed.info/id/195967001\">195967001</a></td><td>Asthma</td></tr><tr><td><a href=\"http://snomed.info/id/84757009\">84757009</a></td><td>Epilepsy</td></tr><tr><td><a href=\"http://snomed.info/id/230690007\">230690007</a></td><td>Cerebrovascular accident</td></tr><tr><td><a href=\"http://snomed.info/id/19887002\">19887002</a></td><td>Claustrophobia</td></tr><tr><td><a href=\"http://snomed.info/id/77386006\">77386006</a></td><td>Pregnancy</td></tr><tr><td><a href=\"http://snomed.info/id/38341003\">38341003</a></td><td>Hypertensive disorder</td></tr><tr><td><a href=\"http://snomed.info/id/73211009\">73211009</a></td><td>Diabetes mellitus</td></tr><tr><td><a href=\"http://snomed.info/id/44016006\">44016006</a></td><td>Decompression sickness</td></tr><tr><td><a href=\"http://snomed.info/id/49532004\">49532004</a></td><td>Barotrauma</td></tr><tr><td><a href=\"http://snomed.info/id/233604007\">233604007</a></td><td>Pneumothorax</td></tr><tr><td><a href=\"http://snomed.info/id/128238001\">128238001</a></td><td>Chronic heart disease</td></tr></table></li></ul></div>"},"url":"https://mitre.org/fhir/space-health/ValueSet/diving-contraindicated-conditions","version":"0.4.2","name":"DivingContraindicatedConditions","title":"Diving Medical Contraindications","status":"draft","date":"2025-06-01T23:37:11-05:00","publisher":"MITRE","contact":[{"name":"MITRE","telecom":[{"system":"url","value":"https://www.mitre.org/"}]}],"description":"Medical conditions that contraindicate diving activities","compose":{"include":[{"system":"http://snomed.info/sct","concept":[{"code":"49436004","display":"Atrial fibrillation"},{"code":"195967001","display":"Asthma"},{"code":"84757009","display":"Epilepsy"},{"code":"230690007","display":"Cerebrovascular accident"},{"code":"19887002","display":"Claustrophobia"},{"code":"77386006","display":"Pregnancy"},{"code":"38341003","display":"Hypertensive disorder"},{"code":"73211009","display":"Diabetes mellitus"},{"code":"44016006","display":"Decompression sickness"},{"code":"49532004","display":"Barotrauma"},{"code":"233604007","display":"Pneumothorax"},{"code":"128238001","display":"Chronic heart disease"}]}]}}