{"resourceType":"ValueSet","id":"SleepLossHypoxiaEffect","text":{"status":"generated","div":"<div xmlns=\"http://www.w3.org/1999/xhtml\"><p class=\"res-header-id\"><b>Generated Narrative: ValueSet SleepLossHypoxiaEffect</b></p><a name=\"SleepLossHypoxiaEffect\"> </a><a name=\"hcSleepLossHypoxiaEffect\"> </a><ul><li>Include these codes as defined in <a href=\"http://www.snomed.org/\"><code>http://snomed.info/sct</code></a><span title=\"Version is not explicitly stated. No matching Code System found\"> version Not Stated (use latest from terminology server)</span><table class=\"none\"><tr><td style=\"white-space:nowrap\"><b>Code</b></td><td><b>Display</b></td></tr><tr><td><a href=\"http://snomed.info/id/86636006\">86636006</a></td><td>Sleep</td></tr><tr><td><a href=\"http://snomed.info/id/30869003\">30869003</a></td><td>Hypoxia</td></tr><tr><td><a href=\"http://snomed.info/id/246612009\">246612009</a></td><td>General visual responses</td></tr><tr><td><a href=\"http://snomed.info/id/30920001\">30920001</a></td><td>Circadian rhythm</td></tr><tr><td><a href=\"http://snomed.info/id/80216008\">80216008</a></td><td>Cognitive impairment</td></tr><tr><td><a href=\"http://snomed.info/id/113257007\">113257007</a></td><td>Cardiovascular system</td></tr><tr><td><a href=\"http://snomed.info/id/20139000\">20139000</a></td><td>Respiratory system</td></tr><tr><td><a href=\"http://snomed.info/id/104847001\">104847001</a></td><td>Oxygen saturation measurement</td></tr><tr><td><a href=\"http://snomed.info/id/284032008\">284032008</a></td><td>Oxygenation monitoring</td></tr><tr><td><a href=\"http://snomed.info/id/4452006\">4452006</a></td><td>Adaptation</td></tr><tr><td><a href=\"http://snomed.info/id/21979002\">21979002</a></td><td>Homeostasis</td></tr></table></li></ul></div>"},"url":"https://mitre.org/fhir/space-health/ValueSet/SleepLossHypoxiaEffect","version":"0.5.2","name":"SleepLossHypoxiaEffect","title":"Sleep Loss and Hypoxia Effects","status":"draft","date":"2025-12-29T20:17:52-07:00","publisher":"MITRE","contact":[{"name":"MITRE","telecom":[{"system":"url","value":"https://www.mitre.org/"}]}],"description":"Concepts related to the physiological and cognitive effects of sleep loss and hypoxia.","compose":{"include":[{"system":"http://snomed.info/sct","concept":[{"code":"86636006","display":"Sleep"},{"code":"30869003","display":"Hypoxia"},{"code":"246612009","display":"General visual responses"},{"code":"30920001","display":"Circadian rhythm"},{"code":"80216008","display":"Cognitive impairment"},{"code":"113257007","display":"Cardiovascular system"},{"code":"20139000","display":"Respiratory system"},{"code":"104847001","display":"Oxygen saturation measurement"},{"code":"284032008","display":"Oxygenation monitoring"},{"code":"4452006","display":"Adaptation"},{"code":"21979002","display":"Homeostasis"}]}]}}