{"resourceType":"ValueSet","id":"space-nutrition-type-vs","text":{"status":"generated","div":"<div xmlns=\"http://www.w3.org/1999/xhtml\"><p class=\"res-header-id\"><b>Generated Narrative: ValueSet space-nutrition-type-vs</b></p><a name=\"space-nutrition-type-vs\"> </a><a name=\"hcspace-nutrition-type-vs\"> </a><ul><li>Include all codes defined in <a href=\"CodeSystem-space-nutrition-type-cs.html\"><code>https://mitre.org/fhir/space-health/CodeSystem/space-nutrition-type-cs</code></a><span title=\"Version is not explicitly stated, which means it is fixed to the version provided in this specification\"> version &#x1F4E6;0.5.4</span></li></ul></div>"},"url":"https://mitre.org/fhir/space-health/ValueSet/space-nutrition-type-vs","version":"0.5.4","name":"SpaceNutritionTypeVS","title":"Space Nutrition Types","status":"active","experimental":false,"date":"2025-12-29T23:18:22-07:00","publisher":"MITRE","contact":[{"name":"MITRE","telecom":[{"system":"url","value":"https://www.mitre.org/"}]}],"description":"Types of nutritional products available in space missions","compose":{"include":[{"system":"https://mitre.org/fhir/space-health/CodeSystem/space-nutrition-type-cs"}]}}