{"resourceType":"ValueSet","id":"artemis-certified-devices-vs","text":{"status":"generated","div":"<div xmlns=\"http://www.w3.org/1999/xhtml\"><p class=\"res-header-id\"><b>Generated Narrative: ValueSet artemis-certified-devices-vs</b></p><a name=\"artemis-certified-devices-vs\"> </a><a name=\"hcartemis-certified-devices-vs\"> </a><ul><li>Include all codes defined in <a href=\"CodeSystem-artemis-certified-devices-cs.html\"><code>http://hl7.org/fhir/uv/aerospace/CodeSystem/artemis-certified-devices-cs</code></a><span title=\"Version is not explicitly stated, which means it is fixed to the version provided in this specification\"> version &#x1F4E6;0.5.0</span></li></ul></div>"},"url":"http://hl7.org/fhir/uv/aerospace/ValueSet/artemis-certified-devices-vs","version":"0.5.0","name":"ArtemisCertifiedDevicesVS","title":"Artemis Certified Devices","status":"active","experimental":false,"date":"2025-12-25T11:43:35-07:00","publisher":"MITRE","contact":[{"name":"MITRE","telecom":[{"system":"url","value":"https://www.mitre.org/"}]}],"description":"Flight-qualified Artemis mission hardware","compose":{"include":[{"system":"http://hl7.org/fhir/uv/aerospace/CodeSystem/artemis-certified-devices-cs"}]}}