{"resourceType":"ValueSet","id":"MuscleStiffnessAndSpaceHealth","text":{"status":"generated","div":"<div xmlns=\"http://www.w3.org/1999/xhtml\"><p class=\"res-header-id\"><b>Generated Narrative: ValueSet MuscleStiffnessAndSpaceHealth</b></p><a name=\"MuscleStiffnessAndSpaceHealth\"> </a><a name=\"hcMuscleStiffnessAndSpaceHealth\"> </a><ul><li>Include these codes as defined in <a href=\"http://www.snomed.org/\"><code>http://snomed.info/sct</code></a><span title=\"Version is not explicitly stated. No matching Code System found\"> version Not Stated (use latest from terminology server)</span><table class=\"none\"><tr><td style=\"white-space:nowrap\"><b>Code</b></td><td><b>Display</b></td></tr><tr><td><a href=\"http://snomed.info/id/16046003\">16046003</a></td><td>Muscle stiffness</td></tr><tr><td><a href=\"http://snomed.info/id/249919003\">249919003</a></td><td>Muscle stiffness</td></tr><tr><td><a href=\"http://snomed.info/id/162411004\">162411004</a></td><td>C/O: stiffness</td></tr><tr><td><a href=\"http://snomed.info/id/181696007\">181696007</a></td><td>Tibialis anterior</td></tr></table></li></ul></div>"},"url":"https://mitre.org/fhir/space-health/ValueSet/MuscleStiffnessAndSpaceHealth","version":"0.5.0","name":"MuscleStiffnessAndSpaceHealth","title":"Muscle Stiffness","status":"draft","date":"2025-12-25T11:43:35-07:00","publisher":"MITRE","contact":[{"name":"MITRE","telecom":[{"system":"url","value":"https://www.mitre.org/"}]}],"description":"Concepts related to muscle stiffness and health in the context of spaceflight and Earth-based applications.","compose":{"include":[{"system":"http://snomed.info/sct","concept":[{"code":"16046003","display":"Muscle stiffness"},{"code":"249919003","display":"Muscle stiffness"},{"code":"162411004","display":"C/O: stiffness"},{"code":"181696007","display":"Tibialis anterior"}]}]}}