{"resourceType":"ValueSet","id":"neutral-buoyancy-training-activities","text":{"status":"generated","div":"<div xmlns=\"http://www.w3.org/1999/xhtml\"><p class=\"res-header-id\"><b>Generated Narrative: ValueSet neutral-buoyancy-training-activities</b></p><a name=\"neutral-buoyancy-training-activities\"> </a><a name=\"hcneutral-buoyancy-training-activities\"> </a><a name=\"neutral-buoyancy-training-activities-en-US\"> </a><p>This value set includes codes based on the following rules:</p><ul><li>Include codes from<a href=\"CodeSystem-neutral-buoyancy-training-cs.html\"><code>https://mitre.org/fhir/space-health/CodeSystem/neutral-buoyancy-training-cs</code></a> where concept  is-a <a href=\"CodeSystem-neutral-buoyancy-training-cs.html#neutral-buoyancy-training-cs-eva-simulation\">eva-simulation</a></li><li>Include codes from<a href=\"CodeSystem-neutral-buoyancy-training-cs.html\"><code>https://mitre.org/fhir/space-health/CodeSystem/neutral-buoyancy-training-cs</code></a> where concept  is-a <a href=\"CodeSystem-neutral-buoyancy-training-cs.html#neutral-buoyancy-training-cs-tool-manipulation\">tool-manipulation</a></li><li>Include codes from<a href=\"CodeSystem-neutral-buoyancy-training-cs.html\"><code>https://mitre.org/fhir/space-health/CodeSystem/neutral-buoyancy-training-cs</code></a> where concept  is-a <a href=\"CodeSystem-neutral-buoyancy-training-cs.html#neutral-buoyancy-training-cs-emergency-egress\">emergency-egress</a></li><li>Include codes from<a href=\"CodeSystem-neutral-buoyancy-training-cs.html\"><code>https://mitre.org/fhir/space-health/CodeSystem/neutral-buoyancy-training-cs</code></a> where concept  is-a <a href=\"CodeSystem-neutral-buoyancy-training-cs.html#neutral-buoyancy-training-cs-crew-coordination\">crew-coordination</a></li><li>Include codes from<a href=\"CodeSystem-neutral-buoyancy-training-cs.html\"><code>https://mitre.org/fhir/space-health/CodeSystem/neutral-buoyancy-training-cs</code></a> where concept  is-a <a href=\"CodeSystem-neutral-buoyancy-training-cs.html#neutral-buoyancy-training-cs-equipment-familiarization\">equipment-familiarization</a></li><li>Include codes from<a href=\"CodeSystem-neutral-buoyancy-training-cs.html\"><code>https://mitre.org/fhir/space-health/CodeSystem/neutral-buoyancy-training-cs</code></a> where concept  is-a <a href=\"CodeSystem-neutral-buoyancy-training-cs.html#neutral-buoyancy-training-cs-habitat-construction\">habitat-construction</a></li><li>Include codes from<a href=\"CodeSystem-neutral-buoyancy-training-cs.html\"><code>https://mitre.org/fhir/space-health/CodeSystem/neutral-buoyancy-training-cs</code></a> where concept  is-a <a href=\"CodeSystem-neutral-buoyancy-training-cs.html#neutral-buoyancy-training-cs-scientific-sampling\">scientific-sampling</a></li><li>Include codes from<a href=\"CodeSystem-neutral-buoyancy-training-cs.html\"><code>https://mitre.org/fhir/space-health/CodeSystem/neutral-buoyancy-training-cs</code></a> where concept  is-a <a href=\"CodeSystem-neutral-buoyancy-training-cs.html#neutral-buoyancy-training-cs-maintenance-repair\">maintenance-repair</a></li></ul></div>"},"url":"https://mitre.org/fhir/space-health/ValueSet/neutral-buoyancy-training-activities","version":"0.4.2","name":"NeutralBuoyancyTrainingActivities","title":"Neutral Buoyancy Training Activities","status":"draft","experimental":false,"date":"2025-06-01T22:56:50-05:00","publisher":"MITRE","contact":[{"name":"MITRE","telecom":[{"system":"url","value":"https://www.mitre.org/"}]}],"description":"Types of training activities conducted in neutral buoyancy environments","compose":{"include":[{"system":"https://mitre.org/fhir/space-health/CodeSystem/neutral-buoyancy-training-cs","filter":[{"property":"concept","op":"is-a","value":"eva-simulation"}]},{"system":"https://mitre.org/fhir/space-health/CodeSystem/neutral-buoyancy-training-cs","filter":[{"property":"concept","op":"is-a","value":"tool-manipulation"}]},{"system":"https://mitre.org/fhir/space-health/CodeSystem/neutral-buoyancy-training-cs","filter":[{"property":"concept","op":"is-a","value":"emergency-egress"}]},{"system":"https://mitre.org/fhir/space-health/CodeSystem/neutral-buoyancy-training-cs","filter":[{"property":"concept","op":"is-a","value":"crew-coordination"}]},{"system":"https://mitre.org/fhir/space-health/CodeSystem/neutral-buoyancy-training-cs","filter":[{"property":"concept","op":"is-a","value":"equipment-familiarization"}]},{"system":"https://mitre.org/fhir/space-health/CodeSystem/neutral-buoyancy-training-cs","filter":[{"property":"concept","op":"is-a","value":"habitat-construction"}]},{"system":"https://mitre.org/fhir/space-health/CodeSystem/neutral-buoyancy-training-cs","filter":[{"property":"concept","op":"is-a","value":"scientific-sampling"}]},{"system":"https://mitre.org/fhir/space-health/CodeSystem/neutral-buoyancy-training-cs","filter":[{"property":"concept","op":"is-a","value":"maintenance-repair"}]}]}}