{"resourceType":"ValueSet","id":"underwater-communication-systems","text":{"status":"generated","div":"<div xmlns=\"http://www.w3.org/1999/xhtml\"><p class=\"res-header-id\"><b>Generated Narrative: ValueSet underwater-communication-systems</b></p><a name=\"underwater-communication-systems\"> </a><a name=\"hcunderwater-communication-systems\"> </a><p>This value set includes codes based on the following rules:</p><ul><li>Include codes from<a href=\"CodeSystem-underwater-communication-cs.html\"><code>https://mitre.org/fhir/space-health/CodeSystem/underwater-communication-cs</code></a><span title=\"Version is not explicitly stated, which means it is fixed to the version provided in this specification\"> version &#x1F4E6;0.5.3</span> where concept  is-a <a href=\"CodeSystem-underwater-communication-cs.html#underwater-communication-cs-hardwire-comm\">hardwire-comm</a></li><li>Include codes from<a href=\"CodeSystem-underwater-communication-cs.html\"><code>https://mitre.org/fhir/space-health/CodeSystem/underwater-communication-cs</code></a><span title=\"Version is not explicitly stated, which means it is fixed to the version provided in this specification\"> version &#x1F4E6;0.5.3</span> where concept  is-a <a href=\"CodeSystem-underwater-communication-cs.html#underwater-communication-cs-through-water-comm\">through-water-comm</a></li><li>Include codes from<a href=\"CodeSystem-underwater-communication-cs.html\"><code>https://mitre.org/fhir/space-health/CodeSystem/underwater-communication-cs</code></a><span title=\"Version is not explicitly stated, which means it is fixed to the version provided in this specification\"> version &#x1F4E6;0.5.3</span> where concept  is-a <a href=\"CodeSystem-underwater-communication-cs.html#underwater-communication-cs-surface-comm\">surface-comm</a></li><li>Include codes from<a href=\"CodeSystem-underwater-communication-cs.html\"><code>https://mitre.org/fhir/space-health/CodeSystem/underwater-communication-cs</code></a><span title=\"Version is not explicitly stated, which means it is fixed to the version provided in this specification\"> version &#x1F4E6;0.5.3</span> where concept  is-a <a href=\"CodeSystem-underwater-communication-cs.html#underwater-communication-cs-inter-diver-comm\">inter-diver-comm</a></li><li>Include codes from<a href=\"CodeSystem-underwater-communication-cs.html\"><code>https://mitre.org/fhir/space-health/CodeSystem/underwater-communication-cs</code></a><span title=\"Version is not explicitly stated, which means it is fixed to the version provided in this specification\"> version &#x1F4E6;0.5.3</span> where concept  is-a <a href=\"CodeSystem-underwater-communication-cs.html#underwater-communication-cs-full-face-mask\">full-face-mask</a></li><li>Include codes from<a href=\"CodeSystem-underwater-communication-cs.html\"><code>https://mitre.org/fhir/space-health/CodeSystem/underwater-communication-cs</code></a><span title=\"Version is not explicitly stated, which means it is fixed to the version provided in this specification\"> version &#x1F4E6;0.5.3</span> where concept  is-a <a href=\"CodeSystem-underwater-communication-cs.html#underwater-communication-cs-bone-conduction\">bone-conduction</a></li><li>Include codes from<a href=\"CodeSystem-underwater-communication-cs.html\"><code>https://mitre.org/fhir/space-health/CodeSystem/underwater-communication-cs</code></a><span title=\"Version is not explicitly stated, which means it is fixed to the version provided in this specification\"> version &#x1F4E6;0.5.3</span> where concept  is-a <a href=\"CodeSystem-underwater-communication-cs.html#underwater-communication-cs-pneumatic-comm\">pneumatic-comm</a></li></ul></div>"},"url":"https://mitre.org/fhir/space-health/ValueSet/underwater-communication-systems","version":"0.5.3","name":"UnderwaterCommunicationSystems","title":"Underwater Communication Systems","status":"draft","experimental":false,"date":"2025-12-29T22:23:37-07:00","publisher":"MITRE","contact":[{"name":"MITRE","telecom":[{"system":"url","value":"https://www.mitre.org/"}]}],"description":"Communication systems used in underwater training operations","compose":{"include":[{"system":"https://mitre.org/fhir/space-health/CodeSystem/underwater-communication-cs","filter":[{"property":"concept","op":"is-a","value":"hardwire-comm"}]},{"system":"https://mitre.org/fhir/space-health/CodeSystem/underwater-communication-cs","filter":[{"property":"concept","op":"is-a","value":"through-water-comm"}]},{"system":"https://mitre.org/fhir/space-health/CodeSystem/underwater-communication-cs","filter":[{"property":"concept","op":"is-a","value":"surface-comm"}]},{"system":"https://mitre.org/fhir/space-health/CodeSystem/underwater-communication-cs","filter":[{"property":"concept","op":"is-a","value":"inter-diver-comm"}]},{"system":"https://mitre.org/fhir/space-health/CodeSystem/underwater-communication-cs","filter":[{"property":"concept","op":"is-a","value":"full-face-mask"}]},{"system":"https://mitre.org/fhir/space-health/CodeSystem/underwater-communication-cs","filter":[{"property":"concept","op":"is-a","value":"bone-conduction"}]},{"system":"https://mitre.org/fhir/space-health/CodeSystem/underwater-communication-cs","filter":[{"property":"concept","op":"is-a","value":"pneumatic-comm"}]}]}}