{"resourceType":"ValueSet","id":"calorie-deficit-risk-vs","text":{"status":"generated","div":"<div xmlns=\"http://www.w3.org/1999/xhtml\"><p class=\"res-header-id\"><b>Generated Narrative: ValueSet calorie-deficit-risk-vs</b></p><a name=\"calorie-deficit-risk-vs\"> </a><a name=\"hccalorie-deficit-risk-vs\"> </a><ul><li>Include all codes defined in <a href=\"CodeSystem-calorie-deficit-risk-cs.html\"><code>https://mitre.org/fhir/space-health/CodeSystem/calorie-deficit-risk-cs</code></a><span title=\"Version is not explicitly stated, which means it is fixed to the version provided in this specification\"> version &#x1F4E6;0.5.4</span></li></ul></div>"},"url":"https://mitre.org/fhir/space-health/ValueSet/calorie-deficit-risk-vs","version":"0.5.4","name":"CalorieDeficitRiskVS","title":"Calorie Deficit Risk Levels","status":"active","experimental":false,"date":"2025-12-29T23:18:22-07:00","publisher":"MITRE","contact":[{"name":"MITRE","telecom":[{"system":"url","value":"https://www.mitre.org/"}]}],"description":"Risk categorization for caloric deficits","compose":{"include":[{"system":"https://mitre.org/fhir/space-health/CodeSystem/calorie-deficit-risk-cs"}]}}