{"resourceType":"ValueSet","id":"AircraftFumeExposureValueSet","text":{"status":"generated","div":"<div xmlns=\"http://www.w3.org/1999/xhtml\"><p class=\"res-header-id\"><b>Generated Narrative: ValueSet AircraftFumeExposureValueSet</b></p><a name=\"AircraftFumeExposureValueSet\"> </a><a name=\"hcAircraftFumeExposureValueSet\"> </a><ul><li>Include these codes as defined in <a href=\"http://www.snomed.org/\"><code>http://snomed.info/sct</code></a><span title=\"Version is not explicitly stated. No matching Code System found\"> version Not Stated (use latest from terminology server)</span><table class=\"none\"><tr><td style=\"white-space:nowrap\"><b>Code</b></td><td><b>Display</b></td></tr><tr><td><a href=\"http://snomed.info/id/36179005\">36179005</a></td><td>R.I.N.D. syndrome</td></tr><tr><td><a href=\"http://snomed.info/id/255736001\">255736001</a></td><td>Fume</td></tr><tr><td><a href=\"http://snomed.info/id/102413006\">102413006</a></td><td>Contaminated air</td></tr><tr><td><a href=\"http://snomed.info/id/139607007\">139607007</a></td><td>Transient neurological symptoms</td></tr><tr><td><a href=\"http://snomed.info/id/139175004\">139175004</a></td><td>Respiratory symptoms</td></tr><tr><td><a href=\"http://snomed.info/id/161964009\">161964009</a></td><td>Cardiovascular symptoms</td></tr><tr><td><a href=\"http://snomed.info/id/66813007\">66813007</a></td><td>Virus-like particles</td></tr><tr><td><a href=\"http://snomed.info/id/50352000\">50352000</a></td><td>Organophosphate</td></tr><tr><td><a href=\"http://snomed.info/id/262459003\">262459003</a></td><td>Low dose</td></tr><tr><td><a href=\"http://snomed.info/id/272158000\">272158000</a></td><td>Organic compounds A-C</td></tr><tr><td><a href=\"http://snomed.info/id/80216008\">80216008</a></td><td>Cognitive dysfunction</td></tr><tr><td><a href=\"http://snomed.info/id/19466003\">19466003</a></td><td>Neurotoxicity</td></tr><tr><td><a href=\"http://snomed.info/id/17762009\">17762009</a></td><td>Toxic encephalopathy</td></tr><tr><td><a href=\"http://snomed.info/id/14788002\">14788002</a></td><td>Sensitivity</td></tr><tr><td><a href=\"http://snomed.info/id/76522002\">76522002</a></td><td>Susceptibility</td></tr><tr><td><a href=\"http://snomed.info/id/67432001\">67432001</a></td><td>Endocrine disorder</td></tr><tr><td><a href=\"http://snomed.info/id/346393006\">346393006</a></td><td>Counter irritants</td></tr><tr><td><a href=\"http://snomed.info/id/246612009\">246612009</a></td><td>General visual responses</td></tr><tr><td><a href=\"http://snomed.info/id/75934005\">75934005</a></td><td>Metabolic disorder</td></tr><tr><td><a href=\"http://snomed.info/id/129681004\">129681004</a></td><td>Environmental finding</td></tr></table></li></ul></div>"},"url":"https://mitre.org/fhir/space-health/ValueSet/AircraftFumeExposureValueSet","version":"0.5.2","name":"AircraftFumeExposureValueSet","title":"Aircraft Fume Exposure","status":"draft","date":"2025-12-29T20:17:52-07:00","publisher":"MITRE","contact":[{"name":"MITRE","telecom":[{"system":"url","value":"https://www.mitre.org/"}]}],"description":"Health impacts from exposure to aircraft contaminated air and fume events.","compose":{"include":[{"system":"http://snomed.info/sct","concept":[{"code":"36179005","display":"R.I.N.D. syndrome"},{"code":"255736001","display":"Fume"},{"code":"102413006","display":"Contaminated air"},{"code":"139607007","display":"Transient neurological symptoms"},{"code":"139175004","display":"Respiratory symptoms"},{"code":"161964009","display":"Cardiovascular symptoms"},{"code":"66813007","display":"Virus-like particles"},{"code":"50352000","display":"Organophosphate"},{"code":"262459003","display":"Low dose"},{"code":"272158000","display":"Organic compounds A-C"},{"code":"80216008","display":"Cognitive dysfunction"},{"code":"19466003","display":"Neurotoxicity"},{"code":"17762009","display":"Toxic encephalopathy"},{"code":"14788002","display":"Sensitivity"},{"code":"76522002","display":"Susceptibility"},{"code":"67432001","display":"Endocrine disorder"},{"code":"346393006","display":"Counter irritants"},{"code":"246612009","display":"General visual responses"},{"code":"75934005","display":"Metabolic disorder"},{"code":"129681004","display":"Environmental finding"}]}]}}