{"resourceType":"ValueSet","id":"space-visual-effects","text":{"status":"generated","div":"<div xmlns=\"http://www.w3.org/1999/xhtml\"><p class=\"res-header-id\"><b>Generated Narrative: ValueSet space-visual-effects</b></p><a name=\"space-visual-effects\"> </a><a name=\"hcspace-visual-effects\"> </a><ul><li>Include these codes as defined in <a href=\"http://www.snomed.org/\"><code>http://snomed.info/sct</code></a><span title=\"Version is not explicitly stated. No matching Code System found\"> version Not Stated (use latest from terminology server)</span><table class=\"none\"><tr><td style=\"white-space:nowrap\"><b>Code</b></td><td><b>Display</b></td></tr><tr><td><a href=\"http://snomed.info/id/40031005\">40031005</a></td><td>Visual impairment</td></tr><tr><td><a href=\"http://snomed.info/id/193703005\">193703005</a></td><td>Better eye: near total visual impairment, Lesser eye: total visual impairment</td></tr><tr><td><a href=\"http://snomed.info/id/193704004\">193704004</a></td><td>Better eye: near total visual impairment, Lesser eye: near total visual impairment</td></tr><tr><td><a href=\"http://snomed.info/id/18234004\">18234004</a></td><td>Optic nerve</td></tr><tr><td><a href=\"http://snomed.info/id/126968005\">126968005</a></td><td>Neoplasm of optic nerve</td></tr><tr><td><a href=\"http://snomed.info/id/14460007\">14460007</a></td><td>Hemorrhage in optic nerve sheaths</td></tr><tr><td><a href=\"http://snomed.info/id/23670006\">23670006</a></td><td>Decreased intraocular pressure</td></tr><tr><td><a href=\"http://snomed.info/id/24075007\">24075007</a></td><td>Abnormal intraocular pressure</td></tr><tr><td><a href=\"http://snomed.info/id/103274003\">103274003</a></td><td>Normal intraocular pressure with narrow cleft</td></tr><tr><td><a href=\"http://snomed.info/id/111526001\">111526001</a></td><td>Papilledema</td></tr><tr><td><a href=\"http://snomed.info/id/12184005\">12184005</a></td><td>Visual field defect</td></tr><tr><td><a href=\"http://snomed.info/id/33048000\">33048000</a></td><td>Peripheral visual field defect</td></tr><tr><td><a href=\"http://snomed.info/id/13164000\">13164000</a></td><td>Reduced visual acuity</td></tr><tr><td><a href=\"http://snomed.info/id/23986001\">23986001</a></td><td>Glaucoma</td></tr><tr><td><a href=\"http://snomed.info/id/81745001\">81745001</a></td><td>Eye</td></tr></table></li></ul></div>"},"url":"https://mitre.org/fhir/space-health/ValueSet/space-visual-effects","version":"0.5.6","name":"SpaceVisualEffectsValueSet","title":"Space Visual Effects","status":"draft","experimental":true,"date":"2025-12-30T13:15:27-07:00","publisher":"MITRE","contact":[{"name":"MITRE","telecom":[{"system":"url","value":"https://www.mitre.org/"}]}],"description":"Visual and ocular effects relevant to human spaceflight, including visual impairment, optic nerve conditions, and intraocular pressure changes","compose":{"include":[{"system":"http://snomed.info/sct","concept":[{"code":"40031005","display":"Visual impairment"},{"code":"193703005","display":"Better eye: near total visual impairment, Lesser eye: total visual impairment"},{"code":"193704004","display":"Better eye: near total visual impairment, Lesser eye: near total visual impairment"},{"code":"18234004","display":"Optic nerve"},{"code":"126968005","display":"Neoplasm of optic nerve"},{"code":"14460007","display":"Hemorrhage in optic nerve sheaths"},{"code":"23670006","display":"Decreased intraocular pressure"},{"code":"24075007","display":"Abnormal intraocular pressure"},{"code":"103274003","display":"Normal intraocular pressure with narrow cleft"},{"code":"111526001","display":"Papilledema"},{"code":"12184005","display":"Visual field defect"},{"code":"33048000","display":"Peripheral visual field defect"},{"code":"13164000","display":"Reduced visual acuity"},{"code":"23986001","display":"Glaucoma"},{"code":"81745001","display":"Eye"}]}]}}