{"resourceType":"ValueSet","id":"stress-countermeasures-vs","text":{"status":"generated","div":"<div xmlns=\"http://www.w3.org/1999/xhtml\"><p class=\"res-header-id\"><b>Generated Narrative: ValueSet stress-countermeasures-vs</b></p><a name=\"stress-countermeasures-vs\"> </a><a name=\"hcstress-countermeasures-vs\"> </a><ul><li>Include all codes defined in <a href=\"CodeSystem-psychological-countermeasure-cs.html\"><code>http://hl7.org/fhir/uv/aerospace/CodeSystem/psychological-countermeasure-cs</code></a><span title=\"Version is not explicitly stated, which means it is fixed to the version provided in this specification\"> version &#x1F4E6;0.5.5</span></li></ul></div>"},"url":"http://hl7.org/fhir/uv/aerospace/ValueSet/stress-countermeasures-vs","version":"0.5.5","name":"StressCountermeasuresVS","title":"Stress Countermeasures Value Set","status":"active","date":"2025-12-30T00:07:25-07:00","publisher":"MITRE","contact":[{"name":"MITRE","telecom":[{"system":"url","value":"https://www.mitre.org/"}]}],"description":"Standardized set of psychological countermeasures used to mitigate stress and support mental health.","compose":{"include":[{"system":"http://hl7.org/fhir/uv/aerospace/CodeSystem/psychological-countermeasure-cs"}]}}