{"resourceType":"ValueSet","id":"location-capabilities-vs","text":{"status":"generated","div":"<div xmlns=\"http://www.w3.org/1999/xhtml\"><p class=\"res-header-id\"><b>Generated Narrative: ValueSet location-capabilities-vs</b></p><a name=\"location-capabilities-vs\"> </a><a name=\"hclocation-capabilities-vs\"> </a><a name=\"location-capabilities-vs-en-US\"> </a><ul><li>Include all codes defined in <a href=\"CodeSystem-location-capabilities-cs.html\"><code>http://hl7.org/fhir/uv/aerospace/CodeSystem/location-capabilities-cs</code></a></li></ul></div>"},"url":"http://hl7.org/fhir/uv/aerospace/ValueSet/location-capabilities-vs","version":"0.4.2","name":"LocationCapabilitiesVS","title":"Location Capabilities Value Set","status":"active","experimental":false,"date":"2025-06-01T22:56:50-05:00","publisher":"MITRE","contact":[{"name":"MITRE","telecom":[{"system":"url","value":"https://www.mitre.org/"}]}],"description":"Capabilities and services available at aerospace medicine locations","compose":{"include":[{"system":"http://hl7.org/fhir/uv/aerospace/CodeSystem/location-capabilities-cs"}]}}