{"resourceType":"ValueSet","id":"artemis-landing-region-vs","text":{"status":"generated","div":"<div xmlns=\"http://www.w3.org/1999/xhtml\"><p class=\"res-header-id\"><b>Generated Narrative: ValueSet artemis-landing-region-vs</b></p><a name=\"artemis-landing-region-vs\"> </a><a name=\"hcartemis-landing-region-vs\"> </a><ul><li>Include all codes defined in <a href=\"CodeSystem-artemis-landing-region-cs.html\"><code>http://hl7.org/fhir/uv/aerospace/CodeSystem/artemis-landing-region-cs</code></a><span title=\"Version is not explicitly stated, which means it is fixed to the version provided in this specification\"> version &#x1F4E6;0.5.0</span></li></ul></div>"},"url":"http://hl7.org/fhir/uv/aerospace/ValueSet/artemis-landing-region-vs","version":"0.5.0","name":"ArtemisLandingRegionVS","title":"Artemis Landing Regions","status":"active","experimental":false,"date":"2025-12-25T11:43:35-07:00","publisher":"MITRE","contact":[{"name":"MITRE","telecom":[{"system":"url","value":"https://www.mitre.org/"}]}],"description":"Candidate Artemis III south pole landing regions for Location bindings","compose":{"include":[{"system":"http://hl7.org/fhir/uv/aerospace/CodeSystem/artemis-landing-region-cs"}]}}