{"resourceType":"ValueSet","id":"hyperbaric-chamber-type-vs","text":{"status":"generated","div":"<div xmlns=\"http://www.w3.org/1999/xhtml\"><p class=\"res-header-id\"><b>Generated Narrative: ValueSet hyperbaric-chamber-type-vs</b></p><a name=\"hyperbaric-chamber-type-vs\"> </a><a name=\"hchyperbaric-chamber-type-vs\"> </a><ul><li>Include all codes defined in <a href=\"CodeSystem-hyperbaric-chamber-type-cs.html\"><code>http://hl7.org/fhir/uv/aerospace/CodeSystem/hyperbaric-chamber-type-cs</code></a><span title=\"Version is not explicitly stated, which means it is fixed to the version provided in this specification\"> version &#x1F4E6;0.5.3</span></li></ul></div>"},"url":"https://mitre.org/fhir/space-health/ValueSet/hyperbaric-chamber-type-vs","version":"0.5.3","name":"HyperbaricChamberTypeVS","title":"Hyperbaric Chamber Types","status":"active","experimental":false,"date":"2025-12-29T22:23:37-07:00","publisher":"MITRE","contact":[{"name":"MITRE","telecom":[{"system":"url","value":"https://www.mitre.org/"}]}],"description":"Types of hyperbaric chambers","compose":{"include":[{"system":"http://hl7.org/fhir/uv/aerospace/CodeSystem/hyperbaric-chamber-type-cs"}]}}