{"resourceType":"ValueSet","id":"SpaceflightStressFactors","text":{"status":"generated","div":"<div xmlns=\"http://www.w3.org/1999/xhtml\"><p class=\"res-header-id\"><b>Generated Narrative: ValueSet SpaceflightStressFactors</b></p><a name=\"SpaceflightStressFactors\"> </a><a name=\"hcSpaceflightStressFactors\"> </a><ul><li>Include these codes as defined in <a href=\"http://www.snomed.org/\"><code>http://snomed.info/sct</code></a><span title=\"Version is not explicitly stated. No matching Code System found\"> version Not Stated (use latest from terminology server)</span><table class=\"none\"><tr><td style=\"white-space:nowrap\"><b>Code</b></td><td><b>Display</b></td></tr><tr><td><a href=\"http://snomed.info/id/364565004\">364565004</a></td><td>joint stress test response</td></tr><tr><td><a href=\"http://snomed.info/id/72353004\">72353004</a></td><td>psychosocial procedure</td></tr><tr><td><a href=\"http://snomed.info/id/315722006\">315722006</a></td><td>[v]isolation</td></tr><tr><td><a href=\"http://snomed.info/id/278994005\">278994005</a></td><td>hormonal</td></tr><tr><td><a href=\"http://snomed.info/id/258395000\">258395000</a></td><td>levels</td></tr><tr><td><a href=\"http://snomed.info/id/158149000\">158149000</a></td><td>sleep disturbances</td></tr><tr><td><a href=\"http://snomed.info/id/4452006\">4452006</a></td><td>adaptation</td></tr><tr><td><a href=\"http://snomed.info/id/90780006\">90780006</a></td><td>individual bone</td></tr><tr><td><a href=\"http://snomed.info/id/76746007\">76746007</a></td><td>cardiovascular stress testing</td></tr><tr><td><a href=\"http://snomed.info/id/37523008\">37523008</a></td><td>immunological</td></tr><tr><td><a href=\"http://snomed.info/id/123036008\">123036008</a></td><td>endocrine function</td></tr><tr><td><a href=\"http://snomed.info/id/128928004\">128928004</a></td><td>neuroendocrine neoplasm</td></tr><tr><td><a href=\"http://snomed.info/id/30920001\">30920001</a></td><td>circadian rhythm</td></tr><tr><td><a href=\"http://snomed.info/id/84229001\">84229001</a></td><td>fatigue</td></tr><tr><td><a href=\"http://snomed.info/id/38237000\">38237000</a></td><td>anxiety</td></tr><tr><td><a href=\"http://snomed.info/id/35489007\">35489007</a></td><td>depression</td></tr><tr><td><a href=\"http://snomed.info/id/288005\">288005</a></td><td>cognitive function finding</td></tr><tr><td><a href=\"http://snomed.info/id/30910006\">30910006</a></td><td>emotional disorder</td></tr><tr><td><a href=\"http://snomed.info/id/85256008\">85256008</a></td><td>mood</td></tr><tr><td><a href=\"http://snomed.info/id/271893008\">271893008</a></td><td>o/e - behavioral</td></tr><tr><td><a href=\"http://snomed.info/id/227616006\">227616006</a></td><td>mars bar</td></tr><tr><td><a href=\"http://snomed.info/id/42341009\">42341009</a></td><td>loss of perception of sensory stimuli</td></tr><tr><td><a href=\"http://snomed.info/id/68130003\">68130003</a></td><td>physical activity</td></tr></table></li></ul></div>"},"url":"https://mitre.org/fhir/space-health/ValueSet/SpaceflightStressFactors","version":"0.5.4","name":"SpaceflightStressFactors","title":"Stress and Physiological Factors","status":"draft","date":"2025-12-29T23:18:22-07:00","publisher":"MITRE","contact":[{"name":"MITRE","telecom":[{"system":"url","value":"https://www.mitre.org/"}]}],"description":"Concepts related to stress, physiological, and psychological factors during spaceflight analog missions.","compose":{"include":[{"system":"http://snomed.info/sct","concept":[{"code":"364565004","display":"joint stress test response"},{"code":"72353004","display":"psychosocial procedure"},{"code":"315722006","display":"[v]isolation"},{"code":"278994005","display":"hormonal"},{"code":"258395000","display":"levels"},{"code":"158149000","display":"sleep disturbances"},{"code":"4452006","display":"adaptation"},{"code":"90780006","display":"individual bone"},{"code":"76746007","display":"cardiovascular stress testing"},{"code":"37523008","display":"immunological"},{"code":"123036008","display":"endocrine function"},{"code":"128928004","display":"neuroendocrine neoplasm"},{"code":"30920001","display":"circadian rhythm"},{"code":"84229001","display":"fatigue"},{"code":"38237000","display":"anxiety"},{"code":"35489007","display":"depression"},{"code":"288005","display":"cognitive function finding"},{"code":"30910006","display":"emotional disorder"},{"code":"85256008","display":"mood"},{"code":"271893008","display":"o/e - behavioral"},{"code":"227616006","display":"mars bar"},{"code":"42341009","display":"loss of perception of sensory stimuli"},{"code":"68130003","display":"physical activity"}]}]}}