{"resourceType":"ValueSet","id":"space-environmental-factors","text":{"status":"generated","div":"<div xmlns=\"http://www.w3.org/1999/xhtml\"><p class=\"res-header-id\"><b>Generated Narrative: ValueSet space-environmental-factors</b></p><a name=\"space-environmental-factors\"> </a><a name=\"hcspace-environmental-factors\"> </a><a name=\"space-environmental-factors-en-US\"> </a><ul><li>Include these codes as defined in <a href=\"http://www.snomed.org/\"><code>http://snomed.info/sct</code></a><table class=\"none\"><tr><td style=\"white-space:nowrap\"><b>Code</b></td><td><b>Display</b></td></tr><tr><td><a href=\"http://snomed.info/id/37247000\">37247000</a></td><td>Weightlessness</td></tr><tr><td><a href=\"http://snomed.info/id/212989002\">212989002</a></td><td>Weightlessness</td></tr><tr><td><a href=\"http://snomed.info/id/242028000\">242028000</a></td><td>Weightlessness</td></tr><tr><td><a href=\"http://snomed.info/id/46316000\">46316000</a></td><td>Cosmic radiation</td></tr><tr><td><a href=\"http://snomed.info/id/242796004\">242796004</a></td><td>Exposure to cosmic radiation</td></tr><tr><td><a href=\"http://snomed.info/id/138899005\">138899005</a></td><td>H/O: radiation exposure</td></tr><tr><td><a href=\"http://snomed.info/id/148459003\">148459003</a></td><td>Radiation exposure screening</td></tr><tr><td><a href=\"http://snomed.info/id/16197009\">16197009</a></td><td>Social isolation</td></tr><tr><td><a href=\"http://snomed.info/id/64441002\">64441002</a></td><td>Social isolation</td></tr><tr><td><a href=\"http://snomed.info/id/19842001\">19842001</a></td><td>Isolation after contact with infectious disease</td></tr><tr><td><a href=\"http://snomed.info/id/44532001\">44532001</a></td><td>Barotrauma</td></tr><tr><td><a href=\"http://snomed.info/id/49252004\">49252004</a></td><td>Otitic barotrauma</td></tr><tr><td><a href=\"http://snomed.info/id/123672002\">123672002</a></td><td>Pulmonary barotrauma</td></tr><tr><td><a href=\"http://snomed.info/id/33499000\">33499000</a></td><td>Oxygen toxicity</td></tr><tr><td><a href=\"http://snomed.info/id/78427001\">78427001</a></td><td>Occupational noise exposure</td></tr><tr><td><a href=\"http://snomed.info/id/44016006\">44016006</a></td><td>Decompression sickness</td></tr><tr><td><a href=\"http://snomed.info/id/89684003\">89684003</a></td><td>Decompression sickness</td></tr><tr><td><a href=\"http://snomed.info/id/5770003\">5770003</a></td><td>Decompression injury</td></tr></table></li></ul></div>"},"url":"https://mitre.org/fhir/space-health/ValueSet/space-environmental-factors","version":"0.4.2","name":"SpaceEnvironmentalFactorsValueSet","title":"Space Environmental Factors","status":"draft","experimental":true,"date":"2025-06-01T22:56:50-05:00","publisher":"MITRE","contact":[{"name":"MITRE","telecom":[{"system":"url","value":"https://www.mitre.org/"}]}],"description":"Environmental factors relevant to human spaceflight, including weightlessness, radiation, isolation, and decompression","compose":{"include":[{"system":"http://snomed.info/sct","concept":[{"code":"37247000","display":"Weightlessness"},{"code":"212989002","display":"Weightlessness"},{"code":"242028000","display":"Weightlessness"},{"code":"46316000","display":"Cosmic radiation"},{"code":"242796004","display":"Exposure to cosmic radiation"},{"code":"138899005","display":"H/O: radiation exposure"},{"code":"148459003","display":"Radiation exposure screening"},{"code":"16197009","display":"Social isolation"},{"code":"64441002","display":"Social isolation"},{"code":"19842001","display":"Isolation after contact with infectious disease"},{"code":"44532001","display":"Barotrauma"},{"code":"49252004","display":"Otitic barotrauma"},{"code":"123672002","display":"Pulmonary barotrauma"},{"code":"33499000","display":"Oxygen toxicity"},{"code":"78427001","display":"Occupational noise exposure"},{"code":"44016006","display":"Decompression sickness"},{"code":"89684003","display":"Decompression sickness"},{"code":"5770003","display":"Decompression injury"}]}]}}