{"resourceType":"ValueSet","id":"SpaceRadiationRisksVS","text":{"status":"generated","div":"<div xmlns=\"http://www.w3.org/1999/xhtml\"><p class=\"res-header-id\"><b>Generated Narrative: ValueSet SpaceRadiationRisksVS</b></p><a name=\"SpaceRadiationRisksVS\"> </a><a name=\"hcSpaceRadiationRisksVS\"> </a><ul><li>Include these codes as defined in <a href=\"http://www.snomed.org/\"><code>http://snomed.info/sct</code></a><span title=\"Version is not explicitly stated. No matching Code System found\"> version Not Stated (use latest from terminology server)</span><table class=\"none\"><tr><td style=\"white-space:nowrap\"><b>Code</b></td><td><b>Display</b></td></tr><tr><td><a href=\"http://snomed.info/id/138899005\">138899005</a></td><td>H/O: radiation exposure</td></tr><tr><td><a href=\"http://snomed.info/id/95722004\">95722004</a></td><td>Bilateral cataracts</td></tr><tr><td><a href=\"http://snomed.info/id/229040007\">229040007</a></td><td>radiation absorbed dose</td></tr></table></li></ul></div>"},"url":"https://mitre.org/fhir/space-health/ValueSet/SpaceRadiationRisksVS","version":"0.5.6","name":"SpaceRadiationRisksVS","title":"Space Radiation Risks ValueSet","status":"draft","date":"2025-12-30T13:15:27-07:00","publisher":"MITRE","contact":[{"name":"MITRE","telecom":[{"system":"url","value":"https://www.mitre.org/"}]}],"description":"Concepts relevant to space radiation risks and associated health concerns identified from Artemis I mission data.","compose":{"include":[{"system":"http://snomed.info/sct","concept":[{"code":"138899005","display":"H/O: radiation exposure"},{"code":"95722004","display":"Bilateral cataracts"},{"code":"229040007","display":"radiation absorbed dose"}]}]}}