{"resourceType":"ValueSet","id":"artemis-mission-vs","text":{"status":"generated","div":"<div xmlns=\"http://www.w3.org/1999/xhtml\"><p class=\"res-header-id\"><b>Generated Narrative: ValueSet artemis-mission-vs</b></p><a name=\"artemis-mission-vs\"> </a><a name=\"hcartemis-mission-vs\"> </a><ul><li>Include all codes defined in <a href=\"CodeSystem-artemis-mission-cs.html\"><code>http://hl7.org/fhir/uv/aerospace/CodeSystem/artemis-mission-cs</code></a><span title=\"Version is not explicitly stated, which means it is fixed to the version provided in this specification\"> version &#x1F4E6;0.5.3</span></li></ul></div>"},"url":"http://hl7.org/fhir/uv/aerospace/ValueSet/artemis-mission-vs","version":"0.5.3","name":"ArtemisMissionVS","title":"Artemis Missions","status":"active","experimental":false,"date":"2025-12-29T22:23:37-07:00","publisher":"MITRE","contact":[{"name":"MITRE","telecom":[{"system":"url","value":"https://www.mitre.org/"}]}],"description":"All Artemis program missions I-V","compose":{"include":[{"system":"http://hl7.org/fhir/uv/aerospace/CodeSystem/artemis-mission-cs"}]}}