{"resourceType":"ValueSet","id":"SpaceTravelBrainChanges","text":{"status":"generated","div":"<div xmlns=\"http://www.w3.org/1999/xhtml\"><p class=\"res-header-id\"><b>Generated Narrative: ValueSet SpaceTravelBrainChanges</b></p><a name=\"SpaceTravelBrainChanges\"> </a><a name=\"hcSpaceTravelBrainChanges\"> </a><a name=\"SpaceTravelBrainChanges-en-US\"> </a><ul><li>Include these codes as defined in <a href=\"http://www.snomed.org/\"><code>http://snomed.info/sct</code></a><table class=\"none\"><tr><td style=\"white-space:nowrap\"><b>Code</b></td><td><b>Display</b></td></tr><tr><td><a href=\"http://snomed.info/id/65124004\">65124004</a></td><td>Part of body puffy</td></tr><tr><td><a href=\"http://snomed.info/id/361533001\">361533001</a></td><td>Vestibular system</td></tr><tr><td><a href=\"http://snomed.info/id/68523003\">68523003</a></td><td>Cerebral white matter</td></tr><tr><td><a href=\"http://snomed.info/id/90545009\">90545009</a></td><td>Sensory perception</td></tr><tr><td><a href=\"http://snomed.info/id/37031009\">37031009</a></td><td>Motion sickness</td></tr><tr><td><a href=\"http://snomed.info/id/102957003\">102957003</a></td><td>Neuro-obs</td></tr><tr><td><a href=\"http://snomed.info/id/56246009\">56246009</a></td><td>Enlargement</td></tr><tr><td><a href=\"http://snomed.info/id/258450006\">258450006</a></td><td>CSF - Cerebrospinal fluid sample</td></tr><tr><td><a href=\"http://snomed.info/id/148269006\">148269006</a></td><td>Health education - exercise</td></tr></table></li></ul></div>"},"url":"https://mitre.org/fhir/space-health/ValueSet/SpaceTravelBrainChanges","version":"0.4.2","name":"SpaceTravelBrainChanges","title":"Brain and Neurologic Changes","status":"draft","date":"2025-06-01T23:37:11-05:00","publisher":"MITRE","contact":[{"name":"MITRE","telecom":[{"system":"url","value":"https://www.mitre.org/"}]}],"description":"Concepts related to physiological and neurological changes from prolonged space travel.","compose":{"include":[{"system":"http://snomed.info/sct","concept":[{"code":"65124004","display":"Part of body puffy"},{"code":"361533001","display":"Vestibular system"},{"code":"68523003","display":"Cerebral white matter"},{"code":"90545009","display":"Sensory perception"},{"code":"37031009","display":"Motion sickness"},{"code":"102957003","display":"Neuro-obs"},{"code":"56246009","display":"Enlargement"},{"code":"258450006","display":"CSF - Cerebrospinal fluid sample"},{"code":"148269006","display":"Health education - exercise"}]}]}}