{"resourceType":"ValueSet","id":"space-exercise-modality-vs","text":{"status":"generated","div":"<div xmlns=\"http://www.w3.org/1999/xhtml\"><p class=\"res-header-id\"><b>Generated Narrative: ValueSet space-exercise-modality-vs</b></p><a name=\"space-exercise-modality-vs\"> </a><a name=\"hcspace-exercise-modality-vs\"> </a><ul><li>Include all codes defined in <a href=\"CodeSystem-space-exercise-modality-cs.html\"><code>http://hl7.org/fhir/uv/aerospace/CodeSystem/space-exercise-modality-cs</code></a><span title=\"Version is not explicitly stated, which means it is fixed to the version provided in this specification\"> version &#x1F4E6;0.5.1</span></li></ul></div>"},"url":"http://hl7.org/fhir/uv/aerospace/ValueSet/space-exercise-modality-vs","version":"0.5.1","name":"SpaceExerciseModalityVS","title":"Space Exercise Modality Value Set","status":"active","experimental":false,"date":"2025-12-29T13:16:13-07:00","publisher":"MITRE","contact":[{"name":"MITRE","telecom":[{"system":"url","value":"https://www.mitre.org/"}]}],"description":"Permitted space exercise modalities, derived from the Space Exercise Modality Code System.","compose":{"include":[{"system":"http://hl7.org/fhir/uv/aerospace/CodeSystem/space-exercise-modality-cs"}]}}