{"resourceType":"ValueSet","id":"underwater-training-procedures","text":{"status":"generated","div":"<div xmlns=\"http://www.w3.org/1999/xhtml\"><p class=\"res-header-id\"><b>Generated Narrative: ValueSet underwater-training-procedures</b></p><a name=\"underwater-training-procedures\"> </a><a name=\"hcunderwater-training-procedures\"> </a><ul><li>Include these codes as defined in <a href=\"http://www.snomed.org/\"><code>http://snomed.info/sct</code></a><span title=\"Version is not explicitly stated. No matching Code System found\"> version Not Stated (use latest from terminology server)</span><table class=\"none\"><tr><td style=\"white-space:nowrap\"><b>Code</b></td><td><b>Display</b></td></tr><tr><td><a href=\"http://snomed.info/id/182813001\">182813001</a></td><td>Training activity</td></tr><tr><td><a href=\"http://snomed.info/id/LA6165-9\">LA6165-9</a></td><td>EVA simulation</td></tr><tr><td><a href=\"http://snomed.info/id/LA6166-7\">LA6166-7</a></td><td>Tool manipulation training</td></tr><tr><td><a href=\"http://snomed.info/id/LA6167-5\">LA6167-5</a></td><td>Emergency egress training</td></tr><tr><td><a href=\"http://snomed.info/id/LA6168-3\">LA6168-3</a></td><td>Communication training</td></tr><tr><td><a href=\"http://snomed.info/id/LA6169-1\">LA6169-1</a></td><td>Crew coordination training</td></tr><tr><td><a href=\"http://snomed.info/id/LA6170-9\">LA6170-9</a></td><td>Equipment familiarization</td></tr></table></li></ul></div>"},"url":"https://mitre.org/fhir/space-health/ValueSet/underwater-training-procedures","version":"0.5.1","name":"UnderwaterTrainingProcedures","title":"Underwater Training Procedures","status":"draft","date":"2025-12-29T13:16:13-07:00","publisher":"MITRE","contact":[{"name":"MITRE","telecom":[{"system":"url","value":"https://www.mitre.org/"}]}],"description":"Procedures and activities conducted during underwater training","compose":{"include":[{"system":"http://snomed.info/sct","concept":[{"code":"182813001","display":"Training activity"},{"code":"LA6165-9","display":"EVA simulation"},{"code":"LA6166-7","display":"Tool manipulation training"},{"code":"LA6167-5","display":"Emergency egress training"},{"code":"LA6168-3","display":"Communication training"},{"code":"LA6169-1","display":"Crew coordination training"},{"code":"LA6170-9","display":"Equipment familiarization"}]}]}}