<?xml version="1.0" encoding="UTF-8"?><CodeSystem xmlns="http://hl7.org/fhir"><id value="space-nutrition-type-cs"/><text><status value="generated"/><div xmlns="http://www.w3.org/1999/xhtml"><p class="res-header-id"><b>Generated Narrative: CodeSystem space-nutrition-type-cs</b></p><a name="space-nutrition-type-cs"> </a><a name="hcspace-nutrition-type-cs"> </a><p>This case-sensitive code system <code>https://mitre.org/fhir/space-health/CodeSystem/space-nutrition-type-cs</code> defines the following codes:</p><table class="codes"><tr><td style="white-space:nowrap"><b>Code</b></td><td><b>Display</b></td></tr><tr><td style="white-space:nowrap">freeze-dried-meal<a name="space-nutrition-type-cs-freeze-dried-meal"> </a></td><td>Freeze-Dried Meal</td></tr><tr><td style="white-space:nowrap">thermo-stabilized-entree<a name="space-nutrition-type-cs-thermo-stabilized-entree"> </a></td><td>Thermo-Stabilized Entrée</td></tr><tr><td style="white-space:nowrap">fresh-produce<a name="space-nutrition-type-cs-fresh-produce"> </a></td><td>Fresh Produce Payload</td></tr><tr><td style="white-space:nowrap">electrolyte-mix<a name="space-nutrition-type-cs-electrolyte-mix"> </a></td><td>Supplemental Electrolyte Mix</td></tr><tr><td style="white-space:nowrap">irradiated-food<a name="space-nutrition-type-cs-irradiated-food"> </a></td><td>Irradiated Food Package</td></tr><tr><td style="white-space:nowrap">intermediate-moisture<a name="space-nutrition-type-cs-intermediate-moisture"> </a></td><td>Intermediate Moisture Food</td></tr><tr><td style="white-space:nowrap">natural-form<a name="space-nutrition-type-cs-natural-form"> </a></td><td>Natural Form Food</td></tr><tr><td style="white-space:nowrap">rehydratable<a name="space-nutrition-type-cs-rehydratable"> </a></td><td>Rehydratable Food</td></tr><tr><td style="white-space:nowrap">beverage-powder<a name="space-nutrition-type-cs-beverage-powder"> </a></td><td>Beverage Powder</td></tr><tr><td style="white-space:nowrap">nutritional-supplement<a name="space-nutrition-type-cs-nutritional-supplement"> </a></td><td>Nutritional Supplement</td></tr></table></div></text><url value="https://mitre.org/fhir/space-health/CodeSystem/space-nutrition-type-cs"/><version value="0.5.6"/><name value="SpaceNutritionTypeCS"/><title value="Space Nutrition Product Types"/><status value="active"/><experimental value="false"/><date value="2025-12-30T13:15:27-07:00"/><publisher value="MITRE"/><contact><name value="MITRE"/><telecom><system value="url"/><value value="https://www.mitre.org/"/></telecom></contact><description value="Types of nutritional products used in space missions"/><caseSensitive value="true"/><content value="complete"/><count value="10"/><concept><code value="freeze-dried-meal"/><display value="Freeze-Dried Meal"/><designation><use><system value="http://terminology.hl7.org/CodeSystem/hl7TermMaintInfra"/><code value="preferredForLanguage"/></use><value value="Freeze-Dried Meal"/></designation></concept><concept><code value="thermo-stabilized-entree"/><display value="Thermo-Stabilized Entrée"/><designation><use><system value="http://terminology.hl7.org/CodeSystem/hl7TermMaintInfra"/><code value="preferredForLanguage"/></use><value value="Thermo-Stabilized Entrée"/></designation></concept><concept><code value="fresh-produce"/><display value="Fresh Produce Payload"/><designation><use><system value="http://terminology.hl7.org/CodeSystem/hl7TermMaintInfra"/><code value="preferredForLanguage"/></use><value value="Fresh Produce Payload"/></designation></concept><concept><code value="electrolyte-mix"/><display value="Supplemental Electrolyte Mix"/><designation><use><system value="http://terminology.hl7.org/CodeSystem/hl7TermMaintInfra"/><code value="preferredForLanguage"/></use><value value="Supplemental Electrolyte Mix"/></designation></concept><concept><code value="irradiated-food"/><display value="Irradiated Food Package"/><designation><use><system value="http://terminology.hl7.org/CodeSystem/hl7TermMaintInfra"/><code value="preferredForLanguage"/></use><value value="Irradiated Food Package"/></designation></concept><concept><code value="intermediate-moisture"/><display value="Intermediate Moisture Food"/><designation><use><system value="http://terminology.hl7.org/CodeSystem/hl7TermMaintInfra"/><code value="preferredForLanguage"/></use><value value="Intermediate Moisture Food"/></designation></concept><concept><code value="natural-form"/><display value="Natural Form Food"/><designation><use><system value="http://terminology.hl7.org/CodeSystem/hl7TermMaintInfra"/><code value="preferredForLanguage"/></use><value value="Natural Form Food"/></designation></concept><concept><code value="rehydratable"/><display value="Rehydratable Food"/><designation><use><system value="http://terminology.hl7.org/CodeSystem/hl7TermMaintInfra"/><code value="preferredForLanguage"/></use><value value="Rehydratable Food"/></designation></concept><concept><code value="beverage-powder"/><display value="Beverage Powder"/><designation><use><system value="http://terminology.hl7.org/CodeSystem/hl7TermMaintInfra"/><code value="preferredForLanguage"/></use><value value="Beverage Powder"/></designation></concept><concept><code value="nutritional-supplement"/><display value="Nutritional Supplement"/><designation><use><system value="http://terminology.hl7.org/CodeSystem/hl7TermMaintInfra"/><code value="preferredForLanguage"/></use><value value="Nutritional Supplement"/></designation></concept></CodeSystem>