<?xml version="1.0" encoding="UTF-8"?><CodeSystem xmlns="http://hl7.org/fhir"><id value="space-psychological-effects-cs"/><text><status value="generated"/><div xmlns="http://www.w3.org/1999/xhtml"><p class="res-header-id"><b>Generated Narrative: CodeSystem space-psychological-effects-cs</b></p><a name="space-psychological-effects-cs"> </a><a name="hcspace-psychological-effects-cs"> </a><p>This case-sensitive code system <code>https://mitre.org/fhir/space-health/CodeSystem/space-psychological-effects-cs</code> defines the following codes:</p><table class="codes"><tr><td style="white-space:nowrap"><b>Code</b></td><td><b>Display</b></td><td><b>Definition</b></td></tr><tr><td style="white-space:nowrap">confinement-anxiety<a name="space-psychological-effects-cs-confinement-anxiety"> </a></td><td>Confinement Anxiety</td><td>Anxiety specifically related to the confined conditions of spacecraft</td></tr><tr><td style="white-space:nowrap">chronic-mission-stress<a name="space-psychological-effects-cs-chronic-mission-stress"> </a></td><td>Chronic Mission Stress</td><td>Prolonged stress experienced during extended space missions</td></tr><tr><td style="white-space:nowrap">earth-out-of-view-phenomenon<a name="space-psychological-effects-cs-earth-out-of-view-phenomenon"> </a></td><td>Earth-Out-of-View Phenomenon</td><td>Psychological effects of not being able to see Earth during deep space missions</td></tr><tr><td style="white-space:nowrap">crew-cohesion-issues<a name="space-psychological-effects-cs-crew-cohesion-issues"> </a></td><td>Crew Cohesion Issues</td><td>Problems with interpersonal relationships and group dynamics during spaceflight</td></tr><tr><td style="white-space:nowrap">mission-fatigue<a name="space-psychological-effects-cs-mission-fatigue"> </a></td><td>Mission Fatigue</td><td>Cumulative fatigue, both physical and mental, experienced during long-duration missions</td></tr><tr><td style="white-space:nowrap">space-asthenia<a name="space-psychological-effects-cs-space-asthenia"> </a></td><td>Space Asthenia</td><td>A condition characterized by weakness, fatigue, and emotional lability during long-duration spaceflight</td></tr><tr><td style="white-space:nowrap">behavioral-health<a name="space-psychological-effects-cs-behavioral-health"> </a></td><td>Space Behavioral Health</td><td>Overall mental and behavioral well-being during spaceflight</td></tr><tr><td style="white-space:nowrap">communication-delay-stress<a name="space-psychological-effects-cs-communication-delay-stress"> </a></td><td>Communication Delay Stress</td><td>Psychological effects of delayed communications with Earth during deep space missions</td></tr><tr><td style="white-space:nowrap">third-quarter-phenomenon<a name="space-psychological-effects-cs-third-quarter-phenomenon"> </a></td><td>Third-Quarter Phenomenon</td><td>A period of decreased motivation and morale that often occurs after the midpoint of a mission</td></tr><tr><td style="white-space:nowrap">salutogenesis<a name="space-psychological-effects-cs-salutogenesis"> </a></td><td>Salutogenesis in Space</td><td>Positive psychological effects and personal growth experienced during spaceflight</td></tr><tr><td style="white-space:nowrap">space-euphoria<a name="space-psychological-effects-cs-space-euphoria"> </a></td><td>Space Euphoria</td><td>Intense feelings of bliss and connectedness reported by some astronauts, particularly during spacewalks</td></tr><tr><td style="white-space:nowrap">overview-effect<a name="space-psychological-effects-cs-overview-effect"> </a></td><td>Overview Effect</td><td>Profound cognitive shift in awareness reported by astronauts while viewing Earth from space</td></tr></table></div></text><url value="https://mitre.org/fhir/space-health/CodeSystem/space-psychological-effects-cs"/><version value="0.4.2"/><name value="SpacePsychologicalEffectsCodeSystem"/><title value="Space Psychological Effects"/><status value="draft"/><experimental value="true"/><date value="2025-12-24T13:07:45-07:00"/><publisher value="MITRE"/><contact><name value="MITRE"/><telecom><system value="url"/><value value="https://www.mitre.org/"/></telecom></contact><description value="CodeSystem for space psychological effects not found in SNOMED CT"/><caseSensitive value="true"/><content value="complete"/><count value="12"/><concept><code value="confinement-anxiety"/><display value="Confinement Anxiety"/><definition value="Anxiety specifically related to the confined conditions of spacecraft"/></concept><concept><code value="chronic-mission-stress"/><display value="Chronic Mission Stress"/><definition value="Prolonged stress experienced during extended space missions"/></concept><concept><code value="earth-out-of-view-phenomenon"/><display value="Earth-Out-of-View Phenomenon"/><definition value="Psychological effects of not being able to see Earth during deep space missions"/></concept><concept><code value="crew-cohesion-issues"/><display value="Crew Cohesion Issues"/><definition value="Problems with interpersonal relationships and group dynamics during spaceflight"/></concept><concept><code value="mission-fatigue"/><display value="Mission Fatigue"/><definition value="Cumulative fatigue, both physical and mental, experienced during long-duration missions"/></concept><concept><code value="space-asthenia"/><display value="Space Asthenia"/><definition value="A condition characterized by weakness, fatigue, and emotional lability during long-duration spaceflight"/></concept><concept><code value="behavioral-health"/><display value="Space Behavioral Health"/><definition value="Overall mental and behavioral well-being during spaceflight"/></concept><concept><code value="communication-delay-stress"/><display value="Communication Delay Stress"/><definition value="Psychological effects of delayed communications with Earth during deep space missions"/></concept><concept><code value="third-quarter-phenomenon"/><display value="Third-Quarter Phenomenon"/><definition value="A period of decreased motivation and morale that often occurs after the midpoint of a mission"/></concept><concept><code value="salutogenesis"/><display value="Salutogenesis in Space"/><definition value="Positive psychological effects and personal growth experienced during spaceflight"/></concept><concept><code value="space-euphoria"/><display value="Space Euphoria"/><definition value="Intense feelings of bliss and connectedness reported by some astronauts, particularly during spacewalks"/></concept><concept><code value="overview-effect"/><display value="Overview Effect"/><definition value="Profound cognitive shift in awareness reported by astronauts while viewing Earth from space"/></concept></CodeSystem>