<?xml version="1.0" encoding="UTF-8"?><CodeSystem xmlns="http://hl7.org/fhir"><id value="macronutrient-metrics-cs"/><text><status value="generated"/><div xmlns="http://www.w3.org/1999/xhtml"><p class="res-header-id"><b>Generated Narrative: CodeSystem macronutrient-metrics-cs</b></p><a name="macronutrient-metrics-cs"> </a><a name="hcmacronutrient-metrics-cs"> </a><p>This case-sensitive code system <code>https://mitre.org/fhir/space-health/CodeSystem/macronutrient-metrics-cs</code> defines the following codes:</p><table class="codes"><tr><td style="white-space:nowrap"><b>Code</b></td><td><b>Display</b></td></tr><tr><td style="white-space:nowrap">calorie-intake<a name="macronutrient-metrics-cs-calorie-intake"> </a></td><td>Calorie Intake</td></tr><tr><td style="white-space:nowrap">calorie-expenditure<a name="macronutrient-metrics-cs-calorie-expenditure"> </a></td><td>Calorie Expenditure</td></tr><tr><td style="white-space:nowrap">calorie-deficit<a name="macronutrient-metrics-cs-calorie-deficit"> </a></td><td>Calorie Deficit</td></tr><tr><td style="white-space:nowrap">calorie-surplus<a name="macronutrient-metrics-cs-calorie-surplus"> </a></td><td>Calorie Surplus</td></tr><tr><td style="white-space:nowrap">protein-grams<a name="macronutrient-metrics-cs-protein-grams"> </a></td><td>Protein Intake (grams)</td></tr><tr><td style="white-space:nowrap">carbohydrate-grams<a name="macronutrient-metrics-cs-carbohydrate-grams"> </a></td><td>Carbohydrate Intake (grams)</td></tr><tr><td style="white-space:nowrap">fat-grams<a name="macronutrient-metrics-cs-fat-grams"> </a></td><td>Fat Intake (grams)</td></tr><tr><td style="white-space:nowrap">fiber-grams<a name="macronutrient-metrics-cs-fiber-grams"> </a></td><td>Fiber Intake (grams)</td></tr><tr><td style="white-space:nowrap">protein-per-kg<a name="macronutrient-metrics-cs-protein-per-kg"> </a></td><td>Protein per Kilogram Body Weight</td></tr></table></div></text><url value="https://mitre.org/fhir/space-health/CodeSystem/macronutrient-metrics-cs"/><version value="0.5.6"/><name value="MacronutrientMetricsCS"/><title value="Macronutrient Metrics"/><status value="active"/><experimental value="false"/><date value="2025-12-30T13:15:27-07:00"/><publisher value="MITRE"/><contact><name value="MITRE"/><telecom><system value="url"/><value value="https://www.mitre.org/"/></telecom></contact><description value="Measurement types for macronutrient tracking"/><caseSensitive value="true"/><content value="complete"/><count value="9"/><concept><code value="calorie-intake"/><display value="Calorie Intake"/><designation><use><system value="http://terminology.hl7.org/CodeSystem/hl7TermMaintInfra"/><code value="preferredForLanguage"/></use><value value="Calorie Intake"/></designation></concept><concept><code value="calorie-expenditure"/><display value="Calorie Expenditure"/><designation><use><system value="http://terminology.hl7.org/CodeSystem/hl7TermMaintInfra"/><code value="preferredForLanguage"/></use><value value="Calorie Expenditure"/></designation></concept><concept><code value="calorie-deficit"/><display value="Calorie Deficit"/><designation><use><system value="http://terminology.hl7.org/CodeSystem/hl7TermMaintInfra"/><code value="preferredForLanguage"/></use><value value="Calorie Deficit"/></designation></concept><concept><code value="calorie-surplus"/><display value="Calorie Surplus"/><designation><use><system value="http://terminology.hl7.org/CodeSystem/hl7TermMaintInfra"/><code value="preferredForLanguage"/></use><value value="Calorie Surplus"/></designation></concept><concept><code value="protein-grams"/><display value="Protein Intake (grams)"/><designation><use><system value="http://terminology.hl7.org/CodeSystem/hl7TermMaintInfra"/><code value="preferredForLanguage"/></use><value value="Protein Intake (grams)"/></designation></concept><concept><code value="carbohydrate-grams"/><display value="Carbohydrate Intake (grams)"/><designation><use><system value="http://terminology.hl7.org/CodeSystem/hl7TermMaintInfra"/><code value="preferredForLanguage"/></use><value value="Carbohydrate Intake (grams)"/></designation></concept><concept><code value="fat-grams"/><display value="Fat Intake (grams)"/><designation><use><system value="http://terminology.hl7.org/CodeSystem/hl7TermMaintInfra"/><code value="preferredForLanguage"/></use><value value="Fat Intake (grams)"/></designation></concept><concept><code value="fiber-grams"/><display value="Fiber Intake (grams)"/><designation><use><system value="http://terminology.hl7.org/CodeSystem/hl7TermMaintInfra"/><code value="preferredForLanguage"/></use><value value="Fiber Intake (grams)"/></designation></concept><concept><code value="protein-per-kg"/><display value="Protein per Kilogram Body Weight"/><designation><use><system value="http://terminology.hl7.org/CodeSystem/hl7TermMaintInfra"/><code value="preferredForLanguage"/></use><value value="Protein per Kilogram Body Weight"/></designation></concept></CodeSystem>