<?xml version="1.0" encoding="UTF-8"?><CodeSystem xmlns="http://hl7.org/fhir"><id value="space-radiation-type-cs"/><text><status value="generated"/><div xmlns="http://www.w3.org/1999/xhtml"><p class="res-header-id"><b>Generated Narrative: CodeSystem space-radiation-type-cs</b></p><a name="space-radiation-type-cs"> </a><a name="hcspace-radiation-type-cs"> </a><a name="space-radiation-type-cs-en-US"> </a><p>This case-sensitive code system <code>https://mitre.org/fhir/space-health/CodeSystem/space-radiation-type-cs</code> defines the following codes:</p><table class="codes"><tr><td style="white-space:nowrap"><b>Code</b></td><td><b>Display</b></td><td><b>Definition</b></td></tr><tr><td style="white-space:nowrap">gcr<a name="space-radiation-type-cs-gcr"> </a></td><td>Galactic Cosmic Radiation</td><td>High-energy particles from outside the solar system</td></tr><tr><td style="white-space:nowrap">spe<a name="space-radiation-type-cs-spe"> </a></td><td>Solar Particle Event</td><td>Radiation from solar flares and coronal mass ejections</td></tr><tr><td style="white-space:nowrap">trapped<a name="space-radiation-type-cs-trapped"> </a></td><td>Trapped Radiation</td><td>Charged particles trapped in planetary magnetic fields</td></tr><tr><td style="white-space:nowrap">secondary<a name="space-radiation-type-cs-secondary"> </a></td><td>Secondary Radiation</td><td>Radiation produced by interaction with spacecraft materials</td></tr><tr><td style="white-space:nowrap">neutron<a name="space-radiation-type-cs-neutron"> </a></td><td>Neutron Radiation</td><td>Secondary neutrons from cosmic ray interactions</td></tr></table></div></text><url value="https://mitre.org/fhir/space-health/CodeSystem/space-radiation-type-cs"/><version value="0.4.2"/><name value="SpaceRadiationTypeCS"/><title value="Space Radiation Types"/><status value="draft"/><experimental value="false"/><date value="2025-06-01T17:51:37-05:00"/><publisher value="MITRE"/><contact><name value="MITRE"/><telecom><system value="url"/><value value="https://www.mitre.org/"/></telecom></contact><description value="Code system for types of space radiation"/><caseSensitive value="true"/><content value="complete"/><count value="5"/><concept><code value="gcr"/><display value="Galactic Cosmic Radiation"/><definition value="High-energy particles from outside the solar system"/><designation><use><system value="http://terminology.hl7.org/CodeSystem/designation-usage"/><code value="display"/></use><value value="Galactic Cosmic Radiation"/></designation></concept><concept><code value="spe"/><display value="Solar Particle Event"/><definition value="Radiation from solar flares and coronal mass ejections"/><designation><use><system value="http://terminology.hl7.org/CodeSystem/designation-usage"/><code value="display"/></use><value value="Solar Particle Event"/></designation></concept><concept><code value="trapped"/><display value="Trapped Radiation"/><definition value="Charged particles trapped in planetary magnetic fields"/><designation><use><system value="http://terminology.hl7.org/CodeSystem/designation-usage"/><code value="display"/></use><value value="Trapped Radiation"/></designation></concept><concept><code value="secondary"/><display value="Secondary Radiation"/><definition value="Radiation produced by interaction with spacecraft materials"/><designation><use><system value="http://terminology.hl7.org/CodeSystem/designation-usage"/><code value="display"/></use><value value="Secondary Radiation"/></designation></concept><concept><code value="neutron"/><display value="Neutron Radiation"/><definition value="Secondary neutrons from cosmic ray interactions"/><designation><use><system value="http://terminology.hl7.org/CodeSystem/designation-usage"/><code value="display"/></use><value value="Neutron Radiation"/></designation></concept></CodeSystem>