<?xml version="1.0" encoding="UTF-8"?><CodeSystem xmlns="http://hl7.org/fhir"><id value="diving-medicine-cs"/><text><status value="generated"/><div xmlns="http://www.w3.org/1999/xhtml"><p class="res-header-id"><b>Generated Narrative: CodeSystem diving-medicine-cs</b></p><a name="diving-medicine-cs"> </a><a name="hcdiving-medicine-cs"> </a><p>This case-sensitive code system <code>https://mitre.org/fhir/space-health/CodeSystem/diving-medicine-cs</code> defines the following codes:</p><table class="codes"><tr><td style="white-space:nowrap"><b>Code</b></td><td><b>Display</b></td><td><b>Definition</b></td></tr><tr><td style="white-space:nowrap">dive-medical-exam<a name="diving-medicine-cs-dive-medical-exam"> </a></td><td>Diving Medical Examination</td><td>Comprehensive medical examination for diving fitness</td></tr><tr><td style="white-space:nowrap">hyperbaric-clearance<a name="diving-medicine-cs-hyperbaric-clearance"> </a></td><td>Hyperbaric Medical Clearance</td><td>Medical clearance for hyperbaric exposures</td></tr><tr><td style="white-space:nowrap">fitness-assessment<a name="diving-medicine-cs-fitness-assessment"> </a></td><td>Diving Fitness Assessment</td><td>Assessment of physical fitness for diving operations</td></tr><tr><td style="white-space:nowrap">post-incident-eval<a name="diving-medicine-cs-post-incident-eval"> </a></td><td>Post-Incident Medical Evaluation</td><td>Medical evaluation following diving incident</td></tr><tr><td style="white-space:nowrap">annual-recert<a name="diving-medicine-cs-annual-recert"> </a></td><td>Annual Diving Recertification</td><td>Annual medical recertification for diving</td></tr><tr><td style="white-space:nowrap">dive-profile<a name="diving-medicine-cs-dive-profile"> </a></td><td>Dive Profile</td><td>Complete diving profile including depth and time data</td></tr><tr><td style="white-space:nowrap">maximum-depth<a name="diving-medicine-cs-maximum-depth"> </a></td><td>Maximum Depth</td><td>Deepest point reached during dive</td></tr><tr><td style="white-space:nowrap">bottom-time<a name="diving-medicine-cs-bottom-time"> </a></td><td>Bottom Time</td><td>Time spent at maximum depth</td></tr><tr><td style="white-space:nowrap">ascent-rate<a name="diving-medicine-cs-ascent-rate"> </a></td><td>Ascent Rate</td><td>Rate of ascent from depth</td></tr><tr><td style="white-space:nowrap">surface-interval<a name="diving-medicine-cs-surface-interval"> </a></td><td>Surface Interval</td><td>Time spent at surface between dives</td></tr><tr><td style="white-space:nowrap">decompression-time<a name="diving-medicine-cs-decompression-time"> </a></td><td>Decompression Time</td><td>Time required for decompression stops</td></tr><tr><td style="white-space:nowrap">breathing-gas<a name="diving-medicine-cs-breathing-gas"> </a></td><td>Breathing Gas Mixture</td><td>Composition of breathing gas used</td></tr><tr><td style="white-space:nowrap">water-temperature<a name="diving-medicine-cs-water-temperature"> </a></td><td>Water Temperature</td><td>Temperature of water during dive</td></tr><tr><td style="white-space:nowrap">visibility<a name="diving-medicine-cs-visibility"> </a></td><td>Underwater Visibility</td><td>Visual range underwater</td></tr><tr><td style="white-space:nowrap">current-conditions<a name="diving-medicine-cs-current-conditions"> </a></td><td>Current Conditions</td><td>Water current strength and direction</td></tr><tr><td style="white-space:nowrap">nitrogen-loading<a name="diving-medicine-cs-nitrogen-loading"> </a></td><td>Nitrogen Tissue Loading</td><td>Calculated nitrogen saturation in tissues</td></tr><tr><td style="white-space:nowrap">decompression-obligation<a name="diving-medicine-cs-decompression-obligation"> </a></td><td>Decompression Obligation</td><td>Required decompression stops</td></tr><tr><td style="white-space:nowrap">no-deco-limit<a name="diving-medicine-cs-no-deco-limit"> </a></td><td>No-Decompression Limit</td><td>Maximum time at depth without required stops</td></tr><tr><td style="white-space:nowrap">repetitive-dive<a name="diving-medicine-cs-repetitive-dive"> </a></td><td>Repetitive Dive</td><td>Dive with residual nitrogen from previous dive</td></tr><tr><td style="white-space:nowrap">surface-pressure<a name="diving-medicine-cs-surface-pressure"> </a></td><td>Surface Equivalent Pressure</td><td>Pressure equivalent at sea level</td></tr><tr><td style="white-space:nowrap">usn-table-5<a name="diving-medicine-cs-usn-table-5"> </a></td><td>USN Treatment Table 5</td><td>US Navy Treatment Table 5 for mild DCS</td></tr><tr><td style="white-space:nowrap">usn-table-6<a name="diving-medicine-cs-usn-table-6"> </a></td><td>USN Treatment Table 6</td><td>US Navy Treatment Table 6 for serious DCS</td></tr><tr><td style="white-space:nowrap">usn-table-6a<a name="diving-medicine-cs-usn-table-6a"> </a></td><td>USN Treatment Table 6A</td><td>US Navy Treatment Table 6A with extensions</td></tr><tr><td style="white-space:nowrap">usn-table-4<a name="diving-medicine-cs-usn-table-4"> </a></td><td>USN Treatment Table 4</td><td>US Navy Treatment Table 4 for arterial gas embolism</td></tr><tr><td style="white-space:nowrap">hbo-wound<a name="diving-medicine-cs-hbo-wound"> </a></td><td>HBO Wound Treatment</td><td>Hyperbaric oxygen for wound healing</td></tr><tr><td style="white-space:nowrap">hbo-carbon-monoxide<a name="diving-medicine-cs-hbo-carbon-monoxide"> </a></td><td>HBO Carbon Monoxide</td><td>Hyperbaric oxygen for CO poisoning</td></tr><tr><td style="white-space:nowrap">buddy-system<a name="diving-medicine-cs-buddy-system"> </a></td><td>Buddy System Protocol</td><td>Two-diver safety protocol</td></tr><tr><td style="white-space:nowrap">surface-supplied<a name="diving-medicine-cs-surface-supplied"> </a></td><td>Surface Supplied Diving</td><td>Diving with surface-supplied breathing gas</td></tr><tr><td style="white-space:nowrap">emergency-ascent<a name="diving-medicine-cs-emergency-ascent"> </a></td><td>Emergency Ascent Protocol</td><td>Procedures for emergency surface ascent</td></tr><tr><td style="white-space:nowrap">lost-diver<a name="diving-medicine-cs-lost-diver"> </a></td><td>Lost Diver Protocol</td><td>Search and rescue procedures for missing diver</td></tr><tr><td style="white-space:nowrap">equipment-failure<a name="diving-medicine-cs-equipment-failure"> </a></td><td>Equipment Failure Protocol</td><td>Response to life support equipment failure</td></tr></table></div></text><url value="https://mitre.org/fhir/space-health/CodeSystem/diving-medicine-cs"/><version value="0.4.2"/><name value="DivingMedicineCS"/><title value="Diving Medicine Code System"/><status value="active"/><experimental value="false"/><date value="2025-12-24T15:11:38-07:00"/><publisher value="MITRE"/><contact><name value="MITRE"/><telecom><system value="url"/><value value="https://www.mitre.org/"/></telecom></contact><description value="Medical codes specific to diving medicine and hyperbaric treatments"/><caseSensitive value="true"/><content value="complete"/><count value="31"/><concept><code value="dive-medical-exam"/><display value="Diving Medical Examination"/><definition value="Comprehensive medical examination for diving fitness"/><designation><use><system value="http://terminology.hl7.org/CodeSystem/hl7TermMaintInfra"/><code value="preferredForLanguage"/></use><value value="Diving Medical Examination"/></designation></concept><concept><code value="hyperbaric-clearance"/><display value="Hyperbaric Medical Clearance"/><definition value="Medical clearance for hyperbaric exposures"/><designation><use><system value="http://terminology.hl7.org/CodeSystem/hl7TermMaintInfra"/><code value="preferredForLanguage"/></use><value value="Hyperbaric Medical Clearance"/></designation></concept><concept><code value="fitness-assessment"/><display value="Diving Fitness Assessment"/><definition value="Assessment of physical fitness for diving operations"/><designation><use><system value="http://terminology.hl7.org/CodeSystem/hl7TermMaintInfra"/><code value="preferredForLanguage"/></use><value value="Diving Fitness Assessment"/></designation></concept><concept><code value="post-incident-eval"/><display value="Post-Incident Medical Evaluation"/><definition value="Medical evaluation following diving incident"/><designation><use><system value="http://terminology.hl7.org/CodeSystem/hl7TermMaintInfra"/><code value="preferredForLanguage"/></use><value value="Post-Incident Medical Evaluation"/></designation></concept><concept><code value="annual-recert"/><display value="Annual Diving Recertification"/><definition value="Annual medical recertification for diving"/><designation><use><system value="http://terminology.hl7.org/CodeSystem/hl7TermMaintInfra"/><code value="preferredForLanguage"/></use><value value="Annual Diving Recertification"/></designation></concept><concept><code value="dive-profile"/><display value="Dive Profile"/><definition value="Complete diving profile including depth and time data"/></concept><concept><code value="maximum-depth"/><display value="Maximum Depth"/><definition value="Deepest point reached during dive"/></concept><concept><code value="bottom-time"/><display value="Bottom Time"/><definition value="Time spent at maximum depth"/></concept><concept><code value="ascent-rate"/><display value="Ascent Rate"/><definition value="Rate of ascent from depth"/></concept><concept><code value="surface-interval"/><display value="Surface Interval"/><definition value="Time spent at surface between dives"/></concept><concept><code value="decompression-time"/><display value="Decompression Time"/><definition value="Time required for decompression stops"/></concept><concept><code value="breathing-gas"/><display value="Breathing Gas Mixture"/><definition value="Composition of breathing gas used"/></concept><concept><code value="water-temperature"/><display value="Water Temperature"/><definition value="Temperature of water during dive"/></concept><concept><code value="visibility"/><display value="Underwater Visibility"/><definition value="Visual range underwater"/></concept><concept><code value="current-conditions"/><display value="Current Conditions"/><definition value="Water current strength and direction"/></concept><concept><code value="nitrogen-loading"/><display value="Nitrogen Tissue Loading"/><definition value="Calculated nitrogen saturation in tissues"/></concept><concept><code value="decompression-obligation"/><display value="Decompression Obligation"/><definition value="Required decompression stops"/></concept><concept><code value="no-deco-limit"/><display value="No-Decompression Limit"/><definition value="Maximum time at depth without required stops"/></concept><concept><code value="repetitive-dive"/><display value="Repetitive Dive"/><definition value="Dive with residual nitrogen from previous dive"/></concept><concept><code value="surface-pressure"/><display value="Surface Equivalent Pressure"/><definition value="Pressure equivalent at sea level"/></concept><concept><code value="usn-table-5"/><display value="USN Treatment Table 5"/><definition value="US Navy Treatment Table 5 for mild DCS"/></concept><concept><code value="usn-table-6"/><display value="USN Treatment Table 6"/><definition value="US Navy Treatment Table 6 for serious DCS"/></concept><concept><code value="usn-table-6a"/><display value="USN Treatment Table 6A"/><definition value="US Navy Treatment Table 6A with extensions"/></concept><concept><code value="usn-table-4"/><display value="USN Treatment Table 4"/><definition value="US Navy Treatment Table 4 for arterial gas embolism"/></concept><concept><code value="hbo-wound"/><display value="HBO Wound Treatment"/><definition value="Hyperbaric oxygen for wound healing"/></concept><concept><code value="hbo-carbon-monoxide"/><display value="HBO Carbon Monoxide"/><definition value="Hyperbaric oxygen for CO poisoning"/></concept><concept><code value="buddy-system"/><display value="Buddy System Protocol"/><definition value="Two-diver safety protocol"/></concept><concept><code value="surface-supplied"/><display value="Surface Supplied Diving"/><definition value="Diving with surface-supplied breathing gas"/></concept><concept><code value="emergency-ascent"/><display value="Emergency Ascent Protocol"/><definition value="Procedures for emergency surface ascent"/></concept><concept><code value="lost-diver"/><display value="Lost Diver Protocol"/><definition value="Search and rescue procedures for missing diver"/></concept><concept><code value="equipment-failure"/><display value="Equipment Failure Protocol"/><definition value="Response to life support equipment failure"/></concept></CodeSystem>