<?xml version="1.0" encoding="UTF-8"?><CodeSystem xmlns="http://hl7.org/fhir"><id value="nutrition-inventory-status-cs"/><text><status value="generated"/><div xmlns="http://www.w3.org/1999/xhtml"><p class="res-header-id"><b>Generated Narrative: CodeSystem nutrition-inventory-status-cs</b></p><a name="nutrition-inventory-status-cs"> </a><a name="hcnutrition-inventory-status-cs"> </a><p>This case-sensitive code system <code>https://mitre.org/fhir/space-health/CodeSystem/nutrition-inventory-status-cs</code> defines the following codes:</p><table class="codes"><tr><td style="white-space:nowrap"><b>Code</b></td><td><b>Display</b></td></tr><tr><td style="white-space:nowrap">adequate<a name="nutrition-inventory-status-cs-adequate"> </a></td><td>Adequate Supply</td></tr><tr><td style="white-space:nowrap">low<a name="nutrition-inventory-status-cs-low"> </a></td><td>Low Supply</td></tr><tr><td style="white-space:nowrap">critical<a name="nutrition-inventory-status-cs-critical"> </a></td><td>Critical Supply</td></tr><tr><td style="white-space:nowrap">expired<a name="nutrition-inventory-status-cs-expired"> </a></td><td>Expired Items Present</td></tr><tr><td style="white-space:nowrap">shortage<a name="nutrition-inventory-status-cs-shortage"> </a></td><td>Shortage Detected</td></tr><tr><td style="white-space:nowrap">nominal<a name="nutrition-inventory-status-cs-nominal"> </a></td><td>Nominal Status</td></tr><tr><td style="white-space:nowrap">caution<a name="nutrition-inventory-status-cs-caution"> </a></td><td>Caution Required</td></tr></table></div></text><url value="https://mitre.org/fhir/space-health/CodeSystem/nutrition-inventory-status-cs"/><version value="0.4.2"/><name value="NutritionInventoryStatusCS"/><title value="Nutrition Inventory Status"/><status value="active"/><experimental value="false"/><date value="2025-12-24T13:07:45-07:00"/><publisher value="MITRE"/><contact><name value="MITRE"/><telecom><system value="url"/><value value="https://www.mitre.org/"/></telecom></contact><description value="Status levels for nutrition inventory management"/><caseSensitive value="true"/><content value="complete"/><count value="7"/><concept><code value="adequate"/><display value="Adequate Supply"/><designation><use><system value="http://terminology.hl7.org/CodeSystem/hl7TermMaintInfra"/><code value="preferredForLanguage"/></use><value value="Adequate Supply"/></designation></concept><concept><code value="low"/><display value="Low Supply"/><designation><use><system value="http://terminology.hl7.org/CodeSystem/hl7TermMaintInfra"/><code value="preferredForLanguage"/></use><value value="Low Supply"/></designation></concept><concept><code value="critical"/><display value="Critical Supply"/><designation><use><system value="http://terminology.hl7.org/CodeSystem/hl7TermMaintInfra"/><code value="preferredForLanguage"/></use><value value="Critical Supply"/></designation></concept><concept><code value="expired"/><display value="Expired Items Present"/><designation><use><system value="http://terminology.hl7.org/CodeSystem/hl7TermMaintInfra"/><code value="preferredForLanguage"/></use><value value="Expired Items Present"/></designation></concept><concept><code value="shortage"/><display value="Shortage Detected"/><designation><use><system value="http://terminology.hl7.org/CodeSystem/hl7TermMaintInfra"/><code value="preferredForLanguage"/></use><value value="Shortage Detected"/></designation></concept><concept><code value="nominal"/><display value="Nominal Status"/><designation><use><system value="http://terminology.hl7.org/CodeSystem/hl7TermMaintInfra"/><code value="preferredForLanguage"/></use><value value="Nominal Status"/></designation></concept><concept><code value="caution"/><display value="Caution Required"/><designation><use><system value="http://terminology.hl7.org/CodeSystem/hl7TermMaintInfra"/><code value="preferredForLanguage"/></use><value value="Caution Required"/></designation></concept></CodeSystem>