<?xml version="1.0" encoding="UTF-8"?><CodeSystem xmlns="http://hl7.org/fhir"><id value="hyperbaric-capabilities-cs"/><text><status value="generated"/><div xmlns="http://www.w3.org/1999/xhtml"><p class="res-header-id"><b>Generated Narrative: CodeSystem hyperbaric-capabilities-cs</b></p><a name="hyperbaric-capabilities-cs"> </a><a name="hchyperbaric-capabilities-cs"> </a><p>This case-sensitive code system <code>http://hl7.org/fhir/uv/aerospace/CodeSystem/hyperbaric-capabilities-cs</code> defines the following codes:</p><table class="codes"><tr><td style="white-space:nowrap"><b>Code</b></td><td><b>Display</b></td></tr><tr><td style="white-space:nowrap">decompression-treatment<a name="hyperbaric-capabilities-cs-decompression-treatment"> </a></td><td>Decompression Sickness Treatment</td></tr><tr><td style="white-space:nowrap">wound-healing<a name="hyperbaric-capabilities-cs-wound-healing"> </a></td><td>Wound Healing Therapy</td></tr><tr><td style="white-space:nowrap">carbon-monoxide-treatment<a name="hyperbaric-capabilities-cs-carbon-monoxide-treatment"> </a></td><td>Carbon Monoxide Poisoning Treatment</td></tr><tr><td style="white-space:nowrap">emergency-treatment<a name="hyperbaric-capabilities-cs-emergency-treatment"> </a></td><td>Emergency Hyperbaric Treatment</td></tr><tr><td style="white-space:nowrap">research<a name="hyperbaric-capabilities-cs-research"> </a></td><td>Research and Training</td></tr><tr><td style="white-space:nowrap">multi-patient<a name="hyperbaric-capabilities-cs-multi-patient"> </a></td><td>Multi-Patient Capability</td></tr><tr><td style="white-space:nowrap">critical-care<a name="hyperbaric-capabilities-cs-critical-care"> </a></td><td>Critical Care Monitoring</td></tr></table></div></text><url value="http://hl7.org/fhir/uv/aerospace/CodeSystem/hyperbaric-capabilities-cs"/><version value="0.4.2"/><name value="HyperbaricCapabilitiesCS"/><title value="Hyperbaric Chamber Capabilities"/><status value="active"/><experimental value="false"/><date value="2025-12-24T19:44:53-07:00"/><publisher value="MITRE"/><contact><name value="MITRE"/><telecom><system value="url"/><value value="https://www.mitre.org/"/></telecom></contact><description value="Capabilities and services available in hyperbaric chambers"/><caseSensitive value="true"/><content value="complete"/><count value="7"/><concept><code value="decompression-treatment"/><display value="Decompression Sickness Treatment"/><designation><use><system value="http://terminology.hl7.org/CodeSystem/hl7TermMaintInfra"/><code value="preferredForLanguage"/></use><value value="Decompression Sickness Treatment"/></designation></concept><concept><code value="wound-healing"/><display value="Wound Healing Therapy"/><designation><use><system value="http://terminology.hl7.org/CodeSystem/hl7TermMaintInfra"/><code value="preferredForLanguage"/></use><value value="Wound Healing Therapy"/></designation></concept><concept><code value="carbon-monoxide-treatment"/><display value="Carbon Monoxide Poisoning Treatment"/><designation><use><system value="http://terminology.hl7.org/CodeSystem/hl7TermMaintInfra"/><code value="preferredForLanguage"/></use><value value="Carbon Monoxide Poisoning Treatment"/></designation></concept><concept><code value="emergency-treatment"/><display value="Emergency Hyperbaric Treatment"/><designation><use><system value="http://terminology.hl7.org/CodeSystem/hl7TermMaintInfra"/><code value="preferredForLanguage"/></use><value value="Emergency Hyperbaric Treatment"/></designation></concept><concept><code value="research"/><display value="Research and Training"/><designation><use><system value="http://terminology.hl7.org/CodeSystem/hl7TermMaintInfra"/><code value="preferredForLanguage"/></use><value value="Research and Training"/></designation></concept><concept><code value="multi-patient"/><display value="Multi-Patient Capability"/><designation><use><system value="http://terminology.hl7.org/CodeSystem/hl7TermMaintInfra"/><code value="preferredForLanguage"/></use><value value="Multi-Patient Capability"/></designation></concept><concept><code value="critical-care"/><display value="Critical Care Monitoring"/><designation><use><system value="http://terminology.hl7.org/CodeSystem/hl7TermMaintInfra"/><code value="preferredForLanguage"/></use><value value="Critical Care Monitoring"/></designation></concept></CodeSystem>