<?xml version="1.0" encoding="UTF-8"?><CodeSystem xmlns="http://hl7.org/fhir"><id value="radiation-detector-type-cs"/><text><status value="generated"/><div xmlns="http://www.w3.org/1999/xhtml"><p class="res-header-id"><b>Generated Narrative: CodeSystem radiation-detector-type-cs</b></p><a name="radiation-detector-type-cs"> </a><a name="hcradiation-detector-type-cs"> </a><p>This case-sensitive code system <code>https://mitre.org/fhir/space-health/CodeSystem/radiation-detector-type-cs</code> defines the following codes:</p><table class="codes"><tr><td style="white-space:nowrap"><b>Code</b></td><td><b>Display</b></td></tr><tr><td style="white-space:nowrap">tld<a name="radiation-detector-type-cs-tld"> </a></td><td>Thermoluminescent Dosimeter</td></tr><tr><td style="white-space:nowrap">osld<a name="radiation-detector-type-cs-osld"> </a></td><td>Optically Stimulated Luminescence Detector</td></tr><tr><td style="white-space:nowrap">epd<a name="radiation-detector-type-cs-epd"> </a></td><td>Electronic Personal Dosimeter</td></tr><tr><td style="white-space:nowrap">tepc<a name="radiation-detector-type-cs-tepc"> </a></td><td>Tissue Equivalent Proportional Counter</td></tr></table></div></text><url value="https://mitre.org/fhir/space-health/CodeSystem/radiation-detector-type-cs"/><version value="0.5.6"/><name value="RadiationDetectorTypeCS"/><title value="Radiation Detector Type Code System"/><status value="draft"/><experimental value="false"/><date value="2025-12-30T13:15:27-07:00"/><publisher value="MITRE"/><contact><name value="MITRE"/><telecom><system value="url"/><value value="https://www.mitre.org/"/></telecom></contact><description value="Types of radiation detection equipment"/><caseSensitive value="true"/><content value="complete"/><count value="4"/><concept><code value="tld"/><display value="Thermoluminescent Dosimeter"/><designation><use><system value="http://terminology.hl7.org/CodeSystem/hl7TermMaintInfra"/><code value="preferredForLanguage"/></use><value value="Thermoluminescent Dosimeter"/></designation></concept><concept><code value="osld"/><display value="Optically Stimulated Luminescence Detector"/><designation><use><system value="http://terminology.hl7.org/CodeSystem/hl7TermMaintInfra"/><code value="preferredForLanguage"/></use><value value="Optically Stimulated Luminescence Detector"/></designation></concept><concept><code value="epd"/><display value="Electronic Personal Dosimeter"/><designation><use><system value="http://terminology.hl7.org/CodeSystem/hl7TermMaintInfra"/><code value="preferredForLanguage"/></use><value value="Electronic Personal Dosimeter"/></designation></concept><concept><code value="tepc"/><display value="Tissue Equivalent Proportional Counter"/><designation><use><system value="http://terminology.hl7.org/CodeSystem/hl7TermMaintInfra"/><code value="preferredForLanguage"/></use><value value="Tissue Equivalent Proportional Counter"/></designation></concept></CodeSystem>