<?xml version="1.0" encoding="UTF-8"?><CodeSystem xmlns="http://hl7.org/fhir"><id value="space-cardiovascular-effects-cs"/><text><status value="generated"/><div xmlns="http://www.w3.org/1999/xhtml"><p class="res-header-id"><b>Generated Narrative: CodeSystem space-cardiovascular-effects-cs</b></p><a name="space-cardiovascular-effects-cs"> </a><a name="hcspace-cardiovascular-effects-cs"> </a><p>This case-sensitive code system <code>https://mitre.org/fhir/space-health/CodeSystem/space-cardiovascular-effects-cs</code> defines the following codes:</p><table class="codes"><tr><td style="white-space:nowrap"><b>Code</b></td><td><b>Display</b></td><td><b>Definition</b></td></tr><tr><td style="white-space:nowrap">post-flight-orthostatic-intolerance<a name="space-cardiovascular-effects-cs-post-flight-orthostatic-intolerance"> </a></td><td>Post-flight Orthostatic Intolerance</td><td>Inability to maintain normal blood pressure when standing after return from spaceflight</td></tr><tr><td style="white-space:nowrap">cardiac-atrophy<a name="space-cardiovascular-effects-cs-cardiac-atrophy"> </a></td><td>Cardiac Atrophy</td><td>Reduction in heart mass resulting from extended exposure to microgravity</td></tr><tr><td style="white-space:nowrap">vascular-remodeling<a name="space-cardiovascular-effects-cs-vascular-remodeling"> </a></td><td>Vascular Remodeling</td><td>Changes in blood vessel structure and function as a result of spaceflight</td></tr><tr><td style="white-space:nowrap">baroreceptor-dysfunction<a name="space-cardiovascular-effects-cs-baroreceptor-dysfunction"> </a></td><td>Baroreceptor Dysfunction</td><td>Altered function of baroreceptors responsible for regulating blood pressure during and after spaceflight</td></tr><tr><td style="white-space:nowrap">altered-cardiac-output<a name="space-cardiovascular-effects-cs-altered-cardiac-output"> </a></td><td>Altered Cardiac Output</td><td>Changes in the volume of blood pumped by the heart during spaceflight</td></tr><tr><td style="white-space:nowrap">microgravity-induced-cardiac-arrhythmias<a name="space-cardiovascular-effects-cs-microgravity-induced-cardiac-arrhythmias"> </a></td><td>Microgravity-Induced Cardiac Arrhythmias</td><td>Abnormal heart rhythms associated with adaptation to microgravity</td></tr><tr><td style="white-space:nowrap">venous-compliance-changes<a name="space-cardiovascular-effects-cs-venous-compliance-changes"> </a></td><td>Venous Compliance Changes</td><td>Alterations in the capacity of veins to distend and store blood during spaceflight</td></tr><tr><td style="white-space:nowrap">cardiovascular-deconditioning<a name="space-cardiovascular-effects-cs-cardiovascular-deconditioning"> </a></td><td>Cardiovascular Deconditioning</td><td>Overall decrease in cardiovascular function resulting from spaceflight</td></tr></table></div></text><url value="https://mitre.org/fhir/space-health/CodeSystem/space-cardiovascular-effects-cs"/><version value="0.4.2"/><name value="SpaceCardiovascularEffectsCodeSystem"/><title value="Space Cardiovascular Effects"/><status value="draft"/><experimental value="true"/><date value="2025-12-24T17:35:27-07:00"/><publisher value="MITRE"/><contact><name value="MITRE"/><telecom><system value="url"/><value value="https://www.mitre.org/"/></telecom></contact><description value="CodeSystem for space cardiovascular effects not found in SNOMED CT"/><caseSensitive value="true"/><content value="complete"/><count value="8"/><concept><code value="post-flight-orthostatic-intolerance"/><display value="Post-flight Orthostatic Intolerance"/><definition value="Inability to maintain normal blood pressure when standing after return from spaceflight"/></concept><concept><code value="cardiac-atrophy"/><display value="Cardiac Atrophy"/><definition value="Reduction in heart mass resulting from extended exposure to microgravity"/></concept><concept><code value="vascular-remodeling"/><display value="Vascular Remodeling"/><definition value="Changes in blood vessel structure and function as a result of spaceflight"/></concept><concept><code value="baroreceptor-dysfunction"/><display value="Baroreceptor Dysfunction"/><definition value="Altered function of baroreceptors responsible for regulating blood pressure during and after spaceflight"/></concept><concept><code value="altered-cardiac-output"/><display value="Altered Cardiac Output"/><definition value="Changes in the volume of blood pumped by the heart during spaceflight"/></concept><concept><code value="microgravity-induced-cardiac-arrhythmias"/><display value="Microgravity-Induced Cardiac Arrhythmias"/><definition value="Abnormal heart rhythms associated with adaptation to microgravity"/></concept><concept><code value="venous-compliance-changes"/><display value="Venous Compliance Changes"/><definition value="Alterations in the capacity of veins to distend and store blood during spaceflight"/></concept><concept><code value="cardiovascular-deconditioning"/><display value="Cardiovascular Deconditioning"/><definition value="Overall decrease in cardiovascular function resulting from spaceflight"/></concept></CodeSystem>