<?xml version="1.0" encoding="UTF-8"?><CodeSystem xmlns="http://hl7.org/fhir"><id value="space-monitoring-procedures-cs"/><text><status value="generated"/><div xmlns="http://www.w3.org/1999/xhtml"><p class="res-header-id"><b>Generated Narrative: CodeSystem space-monitoring-procedures-cs</b></p><a name="space-monitoring-procedures-cs"> </a><a name="hcspace-monitoring-procedures-cs"> </a><p>This case-sensitive code system <code>https://mitre.org/fhir/space-health/CodeSystem/space-monitoring-procedures-cs</code> defines the following codes:</p><table class="codes"><tr><td style="white-space:nowrap"><b>Code</b></td><td><b>Display</b></td><td><b>Definition</b></td></tr><tr><td style="white-space:nowrap">telemedicine<a name="space-monitoring-procedures-cs-telemedicine"> </a></td><td>Space Telemedicine</td><td>The remote diagnosis and treatment of patients in space by means of telecommunications technology</td></tr><tr><td style="white-space:nowrap">remote-monitoring<a name="space-monitoring-procedures-cs-remote-monitoring"> </a></td><td>Remote Physiological Monitoring</td><td>Continuous or periodic monitoring of astronaut physiological parameters from a distance</td></tr><tr><td style="white-space:nowrap">biomonitoring<a name="space-monitoring-procedures-cs-biomonitoring"> </a></td><td>Space Biomonitoring</td><td>The measurement and monitoring of biological parameters in the space environment</td></tr><tr><td style="white-space:nowrap">health-monitoring<a name="space-monitoring-procedures-cs-health-monitoring"> </a></td><td>Space Health Monitoring</td><td>Systematic monitoring of astronaut health status during spaceflight</td></tr><tr><td style="white-space:nowrap">remote-consultation<a name="space-monitoring-procedures-cs-remote-consultation"> </a></td><td>Remote Medical Consultation</td><td>Medical consultation provided to astronauts from Earth-based physicians</td></tr><tr><td style="white-space:nowrap">wearable-monitoring<a name="space-monitoring-procedures-cs-wearable-monitoring"> </a></td><td>Wearable Health Monitoring</td><td>Use of wearable devices to continuously monitor astronaut health parameters</td></tr><tr><td style="white-space:nowrap">non-invasive-monitoring<a name="space-monitoring-procedures-cs-non-invasive-monitoring"> </a></td><td>Non-invasive Health Monitoring</td><td>Monitoring health parameters without invasive procedures</td></tr><tr><td style="white-space:nowrap">autonomous-medical-care<a name="space-monitoring-procedures-cs-autonomous-medical-care"> </a></td><td>Autonomous Medical Care</td><td>Medical care provided with limited or delayed input from Earth, necessitated by communication delays</td></tr><tr><td style="white-space:nowrap">telediagnostics<a name="space-monitoring-procedures-cs-telediagnostics"> </a></td><td>Space Telediagnostics</td><td>Remote diagnostic procedures conducted on astronauts during spaceflight</td></tr><tr><td style="white-space:nowrap">tele-ultrasound<a name="space-monitoring-procedures-cs-tele-ultrasound"> </a></td><td>Tele-ultrasound</td><td>Remote ultrasound examination guidance provided to astronauts from Earth-based physicians</td></tr><tr><td style="white-space:nowrap">medical-decision-support<a name="space-monitoring-procedures-cs-medical-decision-support"> </a></td><td>Medical Decision Support Systems</td><td>Computer systems that assist in medical decision-making during spaceflight</td></tr><tr><td style="white-space:nowrap">crew-self-monitoring<a name="space-monitoring-procedures-cs-crew-self-monitoring"> </a></td><td>Crew Self-Monitoring</td><td>Monitoring procedures performed by astronauts on themselves or crewmates</td></tr></table></div></text><url value="https://mitre.org/fhir/space-health/CodeSystem/space-monitoring-procedures-cs"/><version value="0.4.2"/><name value="SpaceMonitoringProceduresCodeSystem"/><title value="Space Monitoring Procedures"/><status value="draft"/><experimental value="true"/><date value="2025-12-24T19:44:53-07:00"/><publisher value="MITRE"/><contact><name value="MITRE"/><telecom><system value="url"/><value value="https://www.mitre.org/"/></telecom></contact><description value="CodeSystem for space monitoring procedures not found in SNOMED CT"/><caseSensitive value="true"/><content value="complete"/><count value="12"/><concept><code value="telemedicine"/><display value="Space Telemedicine"/><definition value="The remote diagnosis and treatment of patients in space by means of telecommunications technology"/></concept><concept><code value="remote-monitoring"/><display value="Remote Physiological Monitoring"/><definition value="Continuous or periodic monitoring of astronaut physiological parameters from a distance"/></concept><concept><code value="biomonitoring"/><display value="Space Biomonitoring"/><definition value="The measurement and monitoring of biological parameters in the space environment"/></concept><concept><code value="health-monitoring"/><display value="Space Health Monitoring"/><definition value="Systematic monitoring of astronaut health status during spaceflight"/></concept><concept><code value="remote-consultation"/><display value="Remote Medical Consultation"/><definition value="Medical consultation provided to astronauts from Earth-based physicians"/></concept><concept><code value="wearable-monitoring"/><display value="Wearable Health Monitoring"/><definition value="Use of wearable devices to continuously monitor astronaut health parameters"/></concept><concept><code value="non-invasive-monitoring"/><display value="Non-invasive Health Monitoring"/><definition value="Monitoring health parameters without invasive procedures"/></concept><concept><code value="autonomous-medical-care"/><display value="Autonomous Medical Care"/><definition value="Medical care provided with limited or delayed input from Earth, necessitated by communication delays"/></concept><concept><code value="telediagnostics"/><display value="Space Telediagnostics"/><definition value="Remote diagnostic procedures conducted on astronauts during spaceflight"/></concept><concept><code value="tele-ultrasound"/><display value="Tele-ultrasound"/><definition value="Remote ultrasound examination guidance provided to astronauts from Earth-based physicians"/></concept><concept><code value="medical-decision-support"/><display value="Medical Decision Support Systems"/><definition value="Computer systems that assist in medical decision-making during spaceflight"/></concept><concept><code value="crew-self-monitoring"/><display value="Crew Self-Monitoring"/><definition value="Monitoring procedures performed by astronauts on themselves or crewmates"/></concept></CodeSystem>