<?xml version="1.0" encoding="UTF-8"?><CodeSystem xmlns="http://hl7.org/fhir"><id value="aerospace-behavioral-state-cs"/><text><status value="generated"/><div xmlns="http://www.w3.org/1999/xhtml"><p class="res-header-id"><b>Generated Narrative: CodeSystem aerospace-behavioral-state-cs</b></p><a name="aerospace-behavioral-state-cs"> </a><a name="hcaerospace-behavioral-state-cs"> </a><p>This case-sensitive code system <code>http://hl7.org/fhir/uv/aerospace/CodeSystem/aerospace-behavioral-state-cs</code> defines the following codes:</p><table class="codes"><tr><td style="white-space:nowrap"><b>Code</b></td><td><b>Display</b></td><td><b>Definition</b></td></tr><tr><td style="white-space:nowrap">mood-level<a name="aerospace-behavioral-state-cs-mood-level"> </a></td><td>Mood level</td><td>Numeric or ordinal scoring of current mood (e.g., -3 to +3).</td></tr><tr><td style="white-space:nowrap">anxiety-level<a name="aerospace-behavioral-state-cs-anxiety-level"> </a></td><td>Anxiety level</td><td>Numeric or ordinal scoring of current anxiety state.</td></tr><tr><td style="white-space:nowrap">irritability-score<a name="aerospace-behavioral-state-cs-irritability-score"> </a></td><td>Irritability score</td><td>Behavioral metric representing irritability and frustration.</td></tr><tr><td style="white-space:nowrap">conflict-index<a name="aerospace-behavioral-state-cs-conflict-index"> </a></td><td>Conflict index</td><td>Estimated probability or degree of interpersonal conflict risk.</td></tr><tr><td style="white-space:nowrap">coping-capacity<a name="aerospace-behavioral-state-cs-coping-capacity"> </a></td><td>Coping capacity</td><td>Perceived ability to cope with mission demands and stressors.</td></tr><tr><td style="white-space:nowrap">cumulative-stress<a name="aerospace-behavioral-state-cs-cumulative-stress"> </a></td><td>Cumulative stress burden</td><td>Integrated measure of stress load over a defined mission interval.</td></tr><tr><td style="white-space:nowrap">social-connectedness<a name="aerospace-behavioral-state-cs-social-connectedness"> </a></td><td>Social connectedness</td><td>Degree of perceived social support and connectedness with crew and ground.</td></tr><tr><td style="white-space:nowrap">sleep-quality<a name="aerospace-behavioral-state-cs-sleep-quality"> </a></td><td>Sleep quality</td><td>Subjective or composite index of sleep quality.</td></tr><tr><td style="white-space:nowrap">cognitive-readiness<a name="aerospace-behavioral-state-cs-cognitive-readiness"> </a></td><td>Cognitive readiness</td><td>Readiness for complex decision-making and EVA or critical operations.</td></tr></table></div></text><url value="http://hl7.org/fhir/uv/aerospace/CodeSystem/aerospace-behavioral-state-cs"/><version value="0.4.2"/><name value="AerospaceBehavioralStateCS"/><title value="Aerospace Behavioral State Code System"/><status value="active"/><date value="2025-12-24T15:11:38-07:00"/><publisher value="MITRE"/><contact><name value="MITRE"/><telecom><system value="url"/><value value="https://www.mitre.org/"/></telecom></contact><description value="Codes describing behavioral and psychological state parameters in aerospace missions."/><caseSensitive value="true"/><content value="complete"/><count value="9"/><concept><code value="mood-level"/><display value="Mood level"/><definition value="Numeric or ordinal scoring of current mood (e.g., -3 to +3)."/></concept><concept><code value="anxiety-level"/><display value="Anxiety level"/><definition value="Numeric or ordinal scoring of current anxiety state."/></concept><concept><code value="irritability-score"/><display value="Irritability score"/><definition value="Behavioral metric representing irritability and frustration."/></concept><concept><code value="conflict-index"/><display value="Conflict index"/><definition value="Estimated probability or degree of interpersonal conflict risk."/></concept><concept><code value="coping-capacity"/><display value="Coping capacity"/><definition value="Perceived ability to cope with mission demands and stressors."/></concept><concept><code value="cumulative-stress"/><display value="Cumulative stress burden"/><definition value="Integrated measure of stress load over a defined mission interval."/></concept><concept><code value="social-connectedness"/><display value="Social connectedness"/><definition value="Degree of perceived social support and connectedness with crew and ground."/></concept><concept><code value="sleep-quality"/><display value="Sleep quality"/><definition value="Subjective or composite index of sleep quality."/></concept><concept><code value="cognitive-readiness"/><display value="Cognitive readiness"/><definition value="Readiness for complex decision-making and EVA or critical operations."/></concept></CodeSystem>