<?xml version="1.0" encoding="UTF-8"?><ValueSet xmlns="http://hl7.org/fhir"><id value="location-capabilities-vs"/><text><status value="generated"/><div xmlns="http://www.w3.org/1999/xhtml"><p class="res-header-id"><b>Generated Narrative: ValueSet location-capabilities-vs</b></p><a name="location-capabilities-vs"> </a><a name="hclocation-capabilities-vs"> </a><ul><li>Include all codes defined in <a href="CodeSystem-location-capabilities-cs.html"><code>http://hl7.org/fhir/uv/aerospace/CodeSystem/location-capabilities-cs</code></a><span title="Version is not explicitly stated, which means it is fixed to the version provided in this specification"> version 📦0.4.2</span></li></ul></div></text><url value="http://hl7.org/fhir/uv/aerospace/ValueSet/location-capabilities-vs"/><version value="0.4.2"/><name value="LocationCapabilitiesVS"/><title value="Location Capabilities Value Set"/><status value="active"/><experimental value="false"/><date value="2025-12-24T15:11:38-07:00"/><publisher value="MITRE"/><contact><name value="MITRE"/><telecom><system value="url"/><value value="https://www.mitre.org/"/></telecom></contact><description value="Capabilities and services available at aerospace medicine locations"/><compose><include><system value="http://hl7.org/fhir/uv/aerospace/CodeSystem/location-capabilities-cs"/></include></compose></ValueSet>