<?xml version="1.0" encoding="UTF-8"?><ValueSet xmlns="http://hl7.org/fhir"><id value="isolation-syndrome-factors-vs"/><text><status value="generated"/><div xmlns="http://www.w3.org/1999/xhtml"><p class="res-header-id"><b>Generated Narrative: ValueSet isolation-syndrome-factors-vs</b></p><a name="isolation-syndrome-factors-vs"> </a><a name="hcisolation-syndrome-factors-vs"> </a><ul><li>Include all codes defined in <a href="CodeSystem-isolation-syndrome-factor-cs.html"><code>http://hl7.org/fhir/uv/aerospace/CodeSystem/isolation-syndrome-factor-cs</code></a><span title="Version is not explicitly stated, which means it is fixed to the version provided in this specification"> version 📦0.5.5</span></li></ul></div></text><url value="http://hl7.org/fhir/uv/aerospace/ValueSet/isolation-syndrome-factors-vs"/><version value="0.5.5"/><name value="IsolationSyndromeFactorsVS"/><title value="Isolation Syndrome Factors Value Set"/><status value="active"/><date value="2025-12-30T10:45:53-07:00"/><publisher value="MITRE"/><contact><name value="MITRE"/><telecom><system value="url"/><value value="https://www.mitre.org/"/></telecom></contact><description value="Risk factors related to isolation and confinement that affect behavioral health."/><compose><include><system value="http://hl7.org/fhir/uv/aerospace/CodeSystem/isolation-syndrome-factor-cs"/></include></compose></ValueSet>