<?xml version="1.0" encoding="UTF-8"?><ValueSet xmlns="http://hl7.org/fhir"><id value="LunarDustToxicityValueSet"/><text><status value="generated"/><div xmlns="http://www.w3.org/1999/xhtml"><p class="res-header-id"><b>Generated Narrative: ValueSet LunarDustToxicityValueSet</b></p><a name="LunarDustToxicityValueSet"> </a><a name="hcLunarDustToxicityValueSet"> </a><ul><li>Include these codes as defined in <a href="http://www.snomed.org/"><code>http://snomed.info/sct</code></a><span title="Version is not explicitly stated. No matching Code System found"> version Not Stated (use latest from terminology server)</span><table class="none"><tr><td style="white-space:nowrap"><b>Code</b></td><td><b>Display</b></td></tr><tr><td><a href="http://snomed.info/id/60481001">60481001</a></td><td>Toxicity</td></tr><tr><td><a href="http://snomed.info/id/51615001">51615001</a></td><td>Pulmonary fibrosis</td></tr><tr><td><a href="http://snomed.info/id/13645005">13645005</a></td><td>Chronic obstructive pulmonary disease</td></tr><tr><td><a href="http://snomed.info/id/257553007">257553007</a></td><td>Irritation</td></tr><tr><td><a href="http://snomed.info/id/4979002">4979002</a></td><td>Dermatitis</td></tr><tr><td><a href="http://snomed.info/id/11214006">11214006</a></td><td>Reactive</td></tr><tr><td><a href="http://snomed.info/id/2296009">2296009</a></td><td>Iron dextran toxicity</td></tr><tr><td><a href="http://snomed.info/id/271794005">271794005</a></td><td>Circadian dysregulation</td></tr><tr><td><a href="http://snomed.info/id/187875007">187875007</a></td><td>Lung cancer</td></tr><tr><td><a href="http://snomed.info/id/805002">805002</a></td><td>Silicosis</td></tr><tr><td><a href="http://snomed.info/id/84499006">84499006</a></td><td>Chronic inflammation</td></tr><tr><td><a href="http://snomed.info/id/71677004">71677004</a></td><td>Exposure</td></tr><tr><td><a href="http://snomed.info/id/139175004">139175004</a></td><td>Respiratory symptoms</td></tr><tr><td><a href="http://snomed.info/id/144417005">144417005</a></td><td>Renal function tests</td></tr><tr><td><a href="http://snomed.info/id/195978009">195978009</a></td><td>Exacerbation of asthma</td></tr><tr><td><a href="http://snomed.info/id/23583003">23583003</a></td><td>Inflammation</td></tr><tr><td><a href="http://snomed.info/id/5410007">5410007</a></td><td>Oxidative phosphorylation</td></tr><tr><td><a href="http://snomed.info/id/46595003">46595003</a></td><td>Deposition</td></tr></table></li></ul></div></text><url value="https://mitre.org/fhir/space-health/ValueSet/LunarDustToxicityValueSet"/><version value="0.4.2"/><name value="LunarDustToxicityValueSet"/><title value="Lunar Dust Toxicity"/><status value="draft"/><date value="2025-12-24T15:11:38-07:00"/><publisher value="MITRE"/><contact><name value="MITRE"/><telecom><system value="url"/><value value="https://www.mitre.org/"/></telecom></contact><description value="Conditions and effects associated with lunar dust exposure, including respiratory, ocular, and systemic toxicities."/><compose><include><system value="http://snomed.info/sct"/><concept><code value="60481001"/><display value="Toxicity"/></concept><concept><code value="51615001"/><display value="Pulmonary fibrosis"/></concept><concept><code value="13645005"/><display value="Chronic obstructive pulmonary disease"/></concept><concept><code value="257553007"/><display value="Irritation"/></concept><concept><code value="4979002"/><display value="Dermatitis"/></concept><concept><code value="11214006"/><display value="Reactive"/></concept><concept><code value="2296009"/><display value="Iron dextran toxicity"/></concept><concept><code value="271794005"/><display value="Circadian dysregulation"/></concept><concept><code value="187875007"/><display value="Lung cancer"/></concept><concept><code value="805002"/><display value="Silicosis"/></concept><concept><code value="84499006"/><display value="Chronic inflammation"/></concept><concept><code value="71677004"/><display value="Exposure"/></concept><concept><code value="139175004"/><display value="Respiratory symptoms"/></concept><concept><code value="144417005"/><display value="Renal function tests"/></concept><concept><code value="195978009"/><display value="Exacerbation of asthma"/></concept><concept><code value="23583003"/><display value="Inflammation"/></concept><concept><code value="5410007"/><display value="Oxidative phosphorylation"/></concept><concept><code value="46595003"/><display value="Deposition"/></concept></include></compose></ValueSet>