<?xml version="1.0" encoding="UTF-8"?><ValueSet xmlns="http://hl7.org/fhir"><id value="space-radiation-effects"/><text><status value="generated"/><div xmlns="http://www.w3.org/1999/xhtml"><p class="res-header-id"><b>Generated Narrative: ValueSet space-radiation-effects</b></p><a name="space-radiation-effects"> </a><a name="hcspace-radiation-effects"> </a><ul><li>Include these codes as defined in <a href="http://www.snomed.org/"><code>http://snomed.info/sct</code></a><span title="Version is not explicitly stated. No matching Code System found"> version Not Stated (use latest from terminology server)</span><table class="none"><tr><td style="white-space:nowrap"><b>Code</b></td><td><b>Display</b></td></tr><tr><td><a href="http://snomed.info/id/46316000">46316000</a></td><td>Cosmic radiation</td></tr><tr><td><a href="http://snomed.info/id/242796004">242796004</a></td><td>Exposure to cosmic radiation</td></tr><tr><td><a href="http://snomed.info/id/20558004">20558004</a></td><td>Radiation sickness</td></tr><tr><td><a href="http://snomed.info/id/85983004">85983004</a></td><td>Radiation sickness</td></tr><tr><td><a href="http://snomed.info/id/32215002">32215002</a></td><td>Subacute radiation sickness</td></tr><tr><td><a href="http://snomed.info/id/45941008">45941008</a></td><td>Chronic radiation sickness</td></tr><tr><td><a href="http://snomed.info/id/1791001">1791001</a></td><td>Radiation injury with fibrosis</td></tr><tr><td><a href="http://snomed.info/id/22483007">22483007</a></td><td>Radiation injury with inflammation</td></tr><tr><td><a href="http://snomed.info/id/30386001">30386001</a></td><td>Radiation injury with necrosis</td></tr><tr><td><a href="http://snomed.info/id/81018009">81018009</a></td><td>Radiation injury</td></tr><tr><td><a href="http://snomed.info/id/109301001">109301001</a></td><td>Radiation injury of bone</td></tr><tr><td><a href="http://snomed.info/id/109953003">109953003</a></td><td>Radiation injury of bone marrow</td></tr><tr><td><a href="http://snomed.info/id/123730007">123730007</a></td><td>Acute radiation injury</td></tr><tr><td><a href="http://snomed.info/id/360002">360002</a></td><td>Acute radiation disease</td></tr><tr><td><a href="http://snomed.info/id/2966007">2966007</a></td><td>Aplastic anemia secondary to radiation</td></tr><tr><td><a href="http://snomed.info/id/11804009">11804009</a></td><td>Contact dermatitis due to solar radiation</td></tr></table></li></ul></div></text><url value="https://mitre.org/fhir/space-health/ValueSet/space-radiation-effects"/><version value="0.5.5"/><name value="SpaceRadiationEffectsValueSet"/><title value="Space Radiation Effects"/><status value="draft"/><experimental value="true"/><date value="2025-12-30T10:45:53-07:00"/><publisher value="MITRE"/><contact><name value="MITRE"/><telecom><system value="url"/><value value="https://www.mitre.org/"/></telecom></contact><description value="Radiation effects and conditions relevant to human spaceflight, including cosmic radiation, radiation sickness, and radiation injuries"/><compose><include><system value="http://snomed.info/sct"/><concept><code value="46316000"/><display value="Cosmic radiation"/></concept><concept><code value="242796004"/><display value="Exposure to cosmic radiation"/></concept><concept><code value="20558004"/><display value="Radiation sickness"/></concept><concept><code value="85983004"/><display value="Radiation sickness"/></concept><concept><code value="32215002"/><display value="Subacute radiation sickness"/></concept><concept><code value="45941008"/><display value="Chronic radiation sickness"/></concept><concept><code value="1791001"/><display value="Radiation injury with fibrosis"/></concept><concept><code value="22483007"/><display value="Radiation injury with inflammation"/></concept><concept><code value="30386001"/><display value="Radiation injury with necrosis"/></concept><concept><code value="81018009"/><display value="Radiation injury"/></concept><concept><code value="109301001"/><display value="Radiation injury of bone"/></concept><concept><code value="109953003"/><display value="Radiation injury of bone marrow"/></concept><concept><code value="123730007"/><display value="Acute radiation injury"/></concept><concept><code value="360002"/><display value="Acute radiation disease"/></concept><concept><code value="2966007"/><display value="Aplastic anemia secondary to radiation"/></concept><concept><code value="11804009"/><display value="Contact dermatitis due to solar radiation"/></concept></include></compose></ValueSet>