<?xml version="1.0" encoding="UTF-8"?><ValueSet xmlns="http://hl7.org/fhir"><id value="artemis-landing-region-vs"/><text><status value="generated"/><div xmlns="http://www.w3.org/1999/xhtml"><p class="res-header-id"><b>Generated Narrative: ValueSet artemis-landing-region-vs</b></p><a name="artemis-landing-region-vs"> </a><a name="hcartemis-landing-region-vs"> </a><ul><li>Include all codes defined in <a href="CodeSystem-artemis-landing-region-cs.html"><code>http://hl7.org/fhir/uv/aerospace/CodeSystem/artemis-landing-region-cs</code></a><span title="Version is not explicitly stated, which means it is fixed to the version provided in this specification"> version 📦0.4.2</span></li></ul></div></text><url value="http://hl7.org/fhir/uv/aerospace/ValueSet/artemis-landing-region-vs"/><version value="0.4.2"/><name value="ArtemisLandingRegionVS"/><title value="Artemis Landing Regions"/><status value="active"/><experimental value="false"/><date value="2025-12-24T17:35:27-07:00"/><publisher value="MITRE"/><contact><name value="MITRE"/><telecom><system value="url"/><value value="https://www.mitre.org/"/></telecom></contact><description value="Candidate Artemis III south pole landing regions for Location bindings"/><compose><include><system value="http://hl7.org/fhir/uv/aerospace/CodeSystem/artemis-landing-region-cs"/></include></compose></ValueSet>