<?xml version="1.0" encoding="UTF-8"?><ValueSet xmlns="http://hl7.org/fhir"><id value="space-exercise-modality-vs"/><text><status value="generated"/><div xmlns="http://www.w3.org/1999/xhtml"><p class="res-header-id"><b>Generated Narrative: ValueSet space-exercise-modality-vs</b></p><a name="space-exercise-modality-vs"> </a><a name="hcspace-exercise-modality-vs"> </a><ul><li>Include all codes defined in <a href="CodeSystem-space-exercise-modality-cs.html"><code>http://hl7.org/fhir/uv/aerospace/CodeSystem/space-exercise-modality-cs</code></a><span title="Version is not explicitly stated, which means it is fixed to the version provided in this specification"> version 📦0.4.2</span></li></ul></div></text><url value="http://hl7.org/fhir/uv/aerospace/ValueSet/space-exercise-modality-vs"/><version value="0.4.2"/><name value="SpaceExerciseModalityVS"/><title value="Space Exercise Modality Value Set"/><status value="active"/><experimental value="false"/><date value="2025-12-24T15:11:38-07:00"/><publisher value="MITRE"/><contact><name value="MITRE"/><telecom><system value="url"/><value value="https://www.mitre.org/"/></telecom></contact><description value="Permitted space exercise modalities, derived from the Space Exercise Modality Code System."/><compose><include><system value="http://hl7.org/fhir/uv/aerospace/CodeSystem/space-exercise-modality-cs"/></include></compose></ValueSet>