<?xml version="1.0" encoding="UTF-8"?><ValueSet xmlns="http://hl7.org/fhir"><id value="hyperbaric-capabilities-vs"/><text><status value="generated"/><div xmlns="http://www.w3.org/1999/xhtml"><p class="res-header-id"><b>Generated Narrative: ValueSet hyperbaric-capabilities-vs</b></p><a name="hyperbaric-capabilities-vs"> </a><a name="hchyperbaric-capabilities-vs"> </a><ul><li>Include all codes defined in <a href="CodeSystem-hyperbaric-capabilities-cs.html"><code>http://hl7.org/fhir/uv/aerospace/CodeSystem/hyperbaric-capabilities-cs</code></a><span title="Version is not explicitly stated, which means it is fixed to the version provided in this specification"> version 📦0.4.2</span></li></ul></div></text><url value="https://mitre.org/fhir/space-health/ValueSet/hyperbaric-capabilities-vs"/><version value="0.4.2"/><name value="HyperbaricCapabilitiesVS"/><title value="Hyperbaric Chamber Capabilities"/><status value="active"/><experimental value="false"/><date value="2025-12-24T19:44:53-07:00"/><publisher value="MITRE"/><contact><name value="MITRE"/><telecom><system value="url"/><value value="https://www.mitre.org/"/></telecom></contact><description value="Capabilities available in hyperbaric chambers"/><compose><include><system value="http://hl7.org/fhir/uv/aerospace/CodeSystem/hyperbaric-capabilities-cs"/></include></compose></ValueSet>