<?xml version="1.0" encoding="UTF-8"?><ValueSet xmlns="http://hl7.org/fhir"><id value="space-cardiovascular-effects"/><text><status value="generated"/><div xmlns="http://www.w3.org/1999/xhtml"><p class="res-header-id"><b>Generated Narrative: ValueSet space-cardiovascular-effects</b></p><a name="space-cardiovascular-effects"> </a><a name="hcspace-cardiovascular-effects"> </a><ul><li>Include these codes as defined in <a href="http://www.snomed.org/"><code>http://snomed.info/sct</code></a><span title="Version is not explicitly stated. No matching Code System found"> version Not Stated (use latest from terminology server)</span><table class="none"><tr><td style="white-space:nowrap"><b>Code</b></td><td><b>Display</b></td></tr><tr><td><a href="http://snomed.info/id/28651003">28651003</a></td><td>Orthostatic hypotension</td></tr><tr><td><a href="http://snomed.info/id/75181005">75181005</a></td><td>Chronic orthostatic hypotension</td></tr><tr><td><a href="http://snomed.info/id/84438001">84438001</a></td><td>Idiopathic orthostatic hypotension</td></tr><tr><td><a href="http://snomed.info/id/230664009">230664009</a></td><td>Sympathotonic orthostatic hypotension</td></tr><tr><td><a href="http://snomed.info/id/80042002">80042002</a></td><td>Heart rate</td></tr><tr><td><a href="http://snomed.info/id/28352003">28352003</a></td><td>Irregular heart rate</td></tr><tr><td><a href="http://snomed.info/id/2004005">2004005</a></td><td>Normal blood pressure</td></tr><tr><td><a href="http://snomed.info/id/12763006">12763006</a></td><td>Decreased blood pressure, not hypotension</td></tr><tr><td><a href="http://snomed.info/id/12929001">12929001</a></td><td>Normal systolic blood pressure</td></tr><tr><td><a href="http://snomed.info/id/3424008">3424008</a></td><td>Tachycardia</td></tr><tr><td><a href="http://snomed.info/id/6456007">6456007</a></td><td>Supraventricular tachycardia</td></tr><tr><td><a href="http://snomed.info/id/17594002">17594002</a></td><td>Fetal bradycardia affecting management of mother</td></tr><tr><td><a href="http://snomed.info/id/29894000">29894000</a></td><td>Vagal bradycardia</td></tr><tr><td><a href="http://snomed.info/id/6285003">6285003</a></td><td>Tachyarrhythmia</td></tr><tr><td><a href="http://snomed.info/id/17366009">17366009</a></td><td>Atrial arrhythmia</td></tr></table></li></ul></div></text><url value="https://mitre.org/fhir/space-health/ValueSet/space-cardiovascular-effects"/><version value="0.5.6"/><name value="SpaceCardiovascularEffectsValueSet"/><title value="Space Cardiovascular Effects"/><status value="draft"/><experimental value="true"/><date value="2025-12-30T13:15:27-07:00"/><publisher value="MITRE"/><contact><name value="MITRE"/><telecom><system value="url"/><value value="https://www.mitre.org/"/></telecom></contact><description value="Cardiovascular effects and conditions relevant to human spaceflight, including orthostatic intolerance, heart rate changes, and blood pressure"/><compose><include><system value="http://snomed.info/sct"/><concept><code value="28651003"/><display value="Orthostatic hypotension"/></concept><concept><code value="75181005"/><display value="Chronic orthostatic hypotension"/></concept><concept><code value="84438001"/><display value="Idiopathic orthostatic hypotension"/></concept><concept><code value="230664009"/><display value="Sympathotonic orthostatic hypotension"/></concept><concept><code value="80042002"/><display value="Heart rate"/></concept><concept><code value="28352003"/><display value="Irregular heart rate"/></concept><concept><code value="2004005"/><display value="Normal blood pressure"/></concept><concept><code value="12763006"/><display value="Decreased blood pressure, not hypotension"/></concept><concept><code value="12929001"/><display value="Normal systolic blood pressure"/></concept><concept><code value="3424008"/><display value="Tachycardia"/></concept><concept><code value="6456007"/><display value="Supraventricular tachycardia"/></concept><concept><code value="17594002"/><display value="Fetal bradycardia affecting management of mother"/></concept><concept><code value="29894000"/><display value="Vagal bradycardia"/></concept><concept><code value="6285003"/><display value="Tachyarrhythmia"/></concept><concept><code value="17366009"/><display value="Atrial arrhythmia"/></concept></include></compose></ValueSet>