<?xml version="1.0" encoding="UTF-8"?><ValueSet xmlns="http://hl7.org/fhir"><id value="SleepLossHypoxiaEffect"/><text><status value="generated"/><div xmlns="http://www.w3.org/1999/xhtml"><p class="res-header-id"><b>Generated Narrative: ValueSet SleepLossHypoxiaEffect</b></p><a name="SleepLossHypoxiaEffect"> </a><a name="hcSleepLossHypoxiaEffect"> </a><a name="SleepLossHypoxiaEffect-en-US"> </a><ul><li>Include these codes as defined in <a href="http://www.snomed.org/"><code>http://snomed.info/sct</code></a><table class="none"><tr><td style="white-space:nowrap"><b>Code</b></td><td><b>Display</b></td></tr><tr><td><a href="http://snomed.info/id/86636006">86636006</a></td><td>Sleep</td></tr><tr><td><a href="http://snomed.info/id/30869003">30869003</a></td><td>Hypoxia</td></tr><tr><td><a href="http://snomed.info/id/246612009">246612009</a></td><td>General visual responses</td></tr><tr><td><a href="http://snomed.info/id/30920001">30920001</a></td><td>Circadian rhythm</td></tr><tr><td><a href="http://snomed.info/id/80216008">80216008</a></td><td>Cognitive impairment</td></tr><tr><td><a href="http://snomed.info/id/113257007">113257007</a></td><td>Cardiovascular system</td></tr><tr><td><a href="http://snomed.info/id/20139000">20139000</a></td><td>Respiratory system</td></tr><tr><td><a href="http://snomed.info/id/104847001">104847001</a></td><td>Oxygen saturation measurement</td></tr><tr><td><a href="http://snomed.info/id/284032008">284032008</a></td><td>Oxygenation monitoring</td></tr><tr><td><a href="http://snomed.info/id/4452006">4452006</a></td><td>Adaptation</td></tr><tr><td><a href="http://snomed.info/id/21979002">21979002</a></td><td>Homeostasis</td></tr></table></li></ul></div></text><url value="https://mitre.org/fhir/space-health/ValueSet/SleepLossHypoxiaEffect"/><version value="0.4.2"/><name value="SleepLossHypoxiaEffect"/><title value="Sleep Loss and Hypoxia Effects"/><status value="draft"/><date value="2025-06-01T17:51:37-05:00"/><publisher value="MITRE"/><contact><name value="MITRE"/><telecom><system value="url"/><value value="https://www.mitre.org/"/></telecom></contact><description value="Concepts related to the physiological and cognitive effects of sleep loss and hypoxia."/><compose><include><system value="http://snomed.info/sct"/><concept><code value="86636006"/><display value="Sleep"/></concept><concept><code value="30869003"/><display value="Hypoxia"/></concept><concept><code value="246612009"/><display value="General visual responses"/></concept><concept><code value="30920001"/><display value="Circadian rhythm"/></concept><concept><code value="80216008"/><display value="Cognitive impairment"/></concept><concept><code value="113257007"/><display value="Cardiovascular system"/></concept><concept><code value="20139000"/><display value="Respiratory system"/></concept><concept><code value="104847001"/><display value="Oxygen saturation measurement"/></concept><concept><code value="284032008"/><display value="Oxygenation monitoring"/></concept><concept><code value="4452006"/><display value="Adaptation"/></concept><concept><code value="21979002"/><display value="Homeostasis"/></concept></include></compose></ValueSet>