<?xml version="1.0" encoding="UTF-8"?><ValueSet xmlns="http://hl7.org/fhir"><id value="radiation-countermeasures-vs"/><text><status value="generated"/><div xmlns="http://www.w3.org/1999/xhtml"><p class="res-header-id"><b>Generated Narrative: ValueSet radiation-countermeasures-vs</b></p><a name="radiation-countermeasures-vs"> </a><a name="hcradiation-countermeasures-vs"> </a><ul><li>Include all codes defined in <a href="CodeSystem-radiation-countermeasures-cs.html"><code>https://mitre.org/fhir/space-health/CodeSystem/radiation-countermeasures-cs</code></a><span title="Version is not explicitly stated, which means it is fixed to the version provided in this specification"> version 📦0.4.2</span></li></ul></div></text><url value="https://mitre.org/fhir/space-health/ValueSet/radiation-countermeasures-vs"/><version value="0.4.2"/><name value="RadiationCountermeasuresVS"/><title value="Radiation Countermeasures"/><status value="draft"/><experimental value="false"/><date value="2025-12-24T13:59:08-07:00"/><publisher value="MITRE"/><contact><name value="MITRE"/><telecom><system value="url"/><value value="https://www.mitre.org/"/></telecom></contact><description value="Protective measures against radiation"/><compose><include><system value="https://mitre.org/fhir/space-health/CodeSystem/radiation-countermeasures-cs"/></include></compose></ValueSet>