<?xml version="1.0" encoding="UTF-8"?><ValueSet xmlns="http://hl7.org/fhir"><id value="organ-dose-codes-vs-complete"/><text><status value="generated"/><div xmlns="http://www.w3.org/1999/xhtml"><p class="res-header-id"><b>Generated Narrative: ValueSet organ-dose-codes-vs-complete</b></p><a name="organ-dose-codes-vs-complete"> </a><a name="hcorgan-dose-codes-vs-complete"> </a><ul><li>Include these codes as defined in <code>http://hl7.org/fhir/uv/aerospace/CodeSystem/aerospace-code-system</code><span title="Version is not explicitly stated. No matching Code System found"> version Not Stated (use latest from terminology server)</span><table class="none"><tr><td style="white-space:nowrap"><b>Code</b></td><td><b>Display</b></td></tr><tr><td>bone-marrow-dose</td><td>Bone Marrow Dose</td></tr><tr><td>eye-lens-dose</td><td>Eye Lens Dose</td></tr><tr><td>skin-dose</td><td>Skin Dose</td></tr><tr><td>cns-dose</td><td>Central Nervous System Dose</td></tr><tr><td>thyroid-dose</td><td>Thyroid Dose</td></tr><tr><td>gonad-dose</td><td>Gonad Dose</td></tr><tr><td>lung-dose</td><td>Lung Dose</td></tr><tr><td>gi-tract-dose</td><td>GI Tract Dose</td></tr></table></li></ul></div></text><url value="https://mitre.org/fhir/space-health/ValueSet/organ-dose-codes-vs-complete"/><version value="0.5.5"/><name value="OrganDoseCodesVSComplete"/><title value="Complete Organ-Specific Dose Codes"/><status value="active"/><experimental value="false"/><date value="2025-12-30T10:45:53-07:00"/><publisher value="MITRE"/><contact><name value="MITRE"/><telecom><system value="url"/><value value="https://www.mitre.org/"/></telecom></contact><description value="Comprehensive codes for organ-specific radiation dose measurements"/><compose><include><system value="http://hl7.org/fhir/uv/aerospace/CodeSystem/aerospace-code-system"/><concept><code value="bone-marrow-dose"/><display value="Bone Marrow Dose"/></concept><concept><code value="eye-lens-dose"/><display value="Eye Lens Dose"/></concept><concept><code value="skin-dose"/><display value="Skin Dose"/></concept><concept><code value="cns-dose"/><display value="Central Nervous System Dose"/></concept><concept><code value="thyroid-dose"/><display value="Thyroid Dose"/></concept><concept><code value="gonad-dose"/><display value="Gonad Dose"/></concept><concept><code value="lung-dose"/><display value="Lung Dose"/></concept><concept><code value="gi-tract-dose"/><display value="GI Tract Dose"/></concept></include></compose></ValueSet>