<?xml version="1.0" encoding="UTF-8"?><ValueSet xmlns="http://hl7.org/fhir"><id value="decompression-procedures"/><text><status value="generated"/><div xmlns="http://www.w3.org/1999/xhtml"><p class="res-header-id"><b>Generated Narrative: ValueSet decompression-procedures</b></p><a name="decompression-procedures"> </a><a name="hcdecompression-procedures"> </a><p>This value set includes codes based on the following rules:</p><ul><li>Include all codes defined in <a href="CodeSystem-decompression-protocol-cs.html"><code>https://mitre.org/fhir/space-health/CodeSystem/decompression-protocol-cs</code></a><span title="Version is not explicitly stated, which means it is fixed to the version provided in this specification"> version 📦0.4.2</span></li><li>Include these codes as defined in <a href="http://www.snomed.org/"><code>http://snomed.info/sct</code></a><span title="Version is not explicitly stated. No matching Code System found"> version Not Stated (use latest from terminology server)</span><table class="none"><tr><td style="white-space:nowrap"><b>Code</b></td><td><b>Display</b></td></tr><tr><td><a href="http://snomed.info/id/44016006">44016006</a></td><td>Decompression sickness</td></tr><tr><td><a href="http://snomed.info/id/182813001">182813001</a></td><td>Training activity</td></tr></table></li></ul></div></text><url value="https://mitre.org/fhir/space-health/ValueSet/decompression-procedures"/><version value="0.4.2"/><name value="DecompressionProcedures"/><title value="Decompression Procedures"/><status value="draft"/><experimental value="false"/><date value="2025-12-24T12:48:12-07:00"/><publisher value="MITRE"/><contact><name value="MITRE"/><telecom><system value="url"/><value value="https://www.mitre.org/"/></telecom></contact><description value="Standardized decompression procedures and protocols"/><compose><include><system value="https://mitre.org/fhir/space-health/CodeSystem/decompression-protocol-cs"/></include><include><system value="http://snomed.info/sct"/><concept><code value="44016006"/><display value="Decompression sickness"/></concept><concept><code value="182813001"/><display value="Training activity"/></concept></include></compose></ValueSet>