<?xml version="1.0" encoding="UTF-8"?><ValueSet xmlns="http://hl7.org/fhir"><id value="space-monitoring-procedures"/><text><status value="generated"/><div xmlns="http://www.w3.org/1999/xhtml"><p class="res-header-id"><b>Generated Narrative: ValueSet space-monitoring-procedures</b></p><a name="space-monitoring-procedures"> </a><a name="hcspace-monitoring-procedures"> </a><ul><li>Include these codes as defined in <a href="http://www.snomed.org/"><code>http://snomed.info/sct</code></a><span title="Version is not explicitly stated. No matching Code System found"> version Not Stated (use latest from terminology server)</span><table class="none"><tr><td style="white-space:nowrap"><b>Code</b></td><td><b>Display</b></td></tr><tr><td><a href="http://snomed.info/id/33581006">33581006</a></td><td>Monitoring patient vital signs by nurse</td></tr><tr><td><a href="http://snomed.info/id/34667007">34667007</a></td><td>Special care of neurological patient, with neurological vital signs</td></tr><tr><td><a href="http://snomed.info/id/82856007">82856007</a></td><td>Taking neurologic vital signs</td></tr><tr><td><a href="http://snomed.info/id/118227000">118227000</a></td><td>Vital signs finding</td></tr><tr><td><a href="http://snomed.info/id/46680005">46680005</a></td><td>Vital signs</td></tr><tr><td><a href="http://snomed.info/id/72970002">72970002</a></td><td>Normal vital signs</td></tr><tr><td><a href="http://snomed.info/id/252793002">252793002</a></td><td>Intraoperative neurophysiological monitoring</td></tr><tr><td><a href="http://snomed.info/id/281691001">281691001</a></td><td>Physiological monitoring regimes</td></tr><tr><td><a href="http://snomed.info/id/304493006">304493006</a></td><td>Multisystem physiological monitoring regimes</td></tr><tr><td><a href="http://snomed.info/id/16830007">16830007</a></td><td>Visual acuity testing</td></tr><tr><td><a href="http://snomed.info/id/16860002">16860002</a></td><td>Vestibular function test with observation and evaluation by physician</td></tr><tr><td><a href="http://snomed.info/id/2982008">2982008</a></td><td>Monitoring of blood pressure</td></tr><tr><td><a href="http://snomed.info/id/12569007">12569007</a></td><td>Biofeedback, regulation of blood pressure</td></tr></table></li></ul></div></text><url value="https://mitre.org/fhir/space-health/ValueSet/space-monitoring-procedures"/><version value="0.5.5"/><name value="SpaceMonitoringProceduresValueSet"/><title value="Space Monitoring Procedures"/><status value="draft"/><experimental value="true"/><date value="2025-12-30T10:45:53-07:00"/><publisher value="MITRE"/><contact><name value="MITRE"/><telecom><system value="url"/><value value="https://www.mitre.org/"/></telecom></contact><description value="Monitoring procedures relevant to human spaceflight, including vital signs monitoring and physiological monitoring"/><compose><include><system value="http://snomed.info/sct"/><concept><code value="33581006"/><display value="Monitoring patient vital signs by nurse"/></concept><concept><code value="34667007"/><display value="Special care of neurological patient, with neurological vital signs"/></concept><concept><code value="82856007"/><display value="Taking neurologic vital signs"/></concept><concept><code value="118227000"/><display value="Vital signs finding"/></concept><concept><code value="46680005"/><display value="Vital signs"/></concept><concept><code value="72970002"/><display value="Normal vital signs"/></concept><concept><code value="252793002"/><display value="Intraoperative neurophysiological monitoring"/></concept><concept><code value="281691001"/><display value="Physiological monitoring regimes"/></concept><concept><code value="304493006"/><display value="Multisystem physiological monitoring regimes"/></concept><concept><code value="16830007"/><display value="Visual acuity testing"/></concept><concept><code value="16860002"/><display value="Vestibular function test with observation and evaluation by physician"/></concept><concept><code value="2982008"/><display value="Monitoring of blood pressure"/></concept><concept><code value="12569007"/><display value="Biofeedback, regulation of blood pressure"/></concept></include></compose></ValueSet>