<?xml version="1.0" encoding="UTF-8"?><ValueSet xmlns="http://hl7.org/fhir"><id value="water-volume-units-vs"/><text><status value="generated"/><div xmlns="http://www.w3.org/1999/xhtml"><p class="res-header-id"><b>Generated Narrative: ValueSet water-volume-units-vs</b></p><a name="water-volume-units-vs"> </a><a name="hcwater-volume-units-vs"> </a><ul><li>Include these codes as defined in <a href="http://unitsofmeasure.org"><code>http://unitsofmeasure.org</code></a><span title="Version is not explicitly stated. No matching Code System found"> version Not Stated (use latest from terminology server)</span><table class="none"><tr><td style="white-space:nowrap"><b>Code</b></td><td><b>Display</b></td></tr><tr><td>mL</td><td style="color: #cccccc">mL</td></tr><tr><td>L</td><td style="color: #cccccc">L</td></tr><tr><td>[oz_av]</td><td style="color: #cccccc">[oz_av]</td></tr><tr><td>[cup_us]</td><td style="color: #cccccc">[cup_us]</td></tr></table></li></ul></div></text><url value="https://mitre.org/fhir/space-health/ValueSet/water-volume-units-vs"/><version value="0.5.5"/><name value="WaterVolumeUnitsVS"/><title value="Water Volume Units"/><status value="active"/><experimental value="false"/><date value="2025-12-30T10:45:53-07:00"/><publisher value="MITRE"/><contact><name value="MITRE"/><telecom><system value="url"/><value value="https://www.mitre.org/"/></telecom></contact><description value="Units for measuring water volume"/><compose><include><system value="http://unitsofmeasure.org"/><concept><code value="mL"/></concept><concept><code value="L"/></concept><concept><code value="[oz_av]"/></concept><concept><code value="[cup_us]"/></concept></include></compose></ValueSet>