<?xml version="1.0" encoding="UTF-8"?><ValueSet xmlns="http://hl7.org/fhir"><id value="space-visual-effects"/><text><status value="generated"/><div xmlns="http://www.w3.org/1999/xhtml"><p class="res-header-id"><b>Generated Narrative: ValueSet space-visual-effects</b></p><a name="space-visual-effects"> </a><a name="hcspace-visual-effects"> </a><ul><li>Include these codes as defined in <a href="http://www.snomed.org/"><code>http://snomed.info/sct</code></a><span title="Version is not explicitly stated. No matching Code System found"> version Not Stated (use latest from terminology server)</span><table class="none"><tr><td style="white-space:nowrap"><b>Code</b></td><td><b>Display</b></td></tr><tr><td><a href="http://snomed.info/id/40031005">40031005</a></td><td>Visual impairment</td></tr><tr><td><a href="http://snomed.info/id/193703005">193703005</a></td><td>Better eye: near total visual impairment, Lesser eye: total visual impairment</td></tr><tr><td><a href="http://snomed.info/id/193704004">193704004</a></td><td>Better eye: near total visual impairment, Lesser eye: near total visual impairment</td></tr><tr><td><a href="http://snomed.info/id/18234004">18234004</a></td><td>Optic nerve</td></tr><tr><td><a href="http://snomed.info/id/126968005">126968005</a></td><td>Neoplasm of optic nerve</td></tr><tr><td><a href="http://snomed.info/id/14460007">14460007</a></td><td>Hemorrhage in optic nerve sheaths</td></tr><tr><td><a href="http://snomed.info/id/23670006">23670006</a></td><td>Decreased intraocular pressure</td></tr><tr><td><a href="http://snomed.info/id/24075007">24075007</a></td><td>Abnormal intraocular pressure</td></tr><tr><td><a href="http://snomed.info/id/103274003">103274003</a></td><td>Normal intraocular pressure with narrow cleft</td></tr><tr><td><a href="http://snomed.info/id/111526001">111526001</a></td><td>Papilledema</td></tr><tr><td><a href="http://snomed.info/id/12184005">12184005</a></td><td>Visual field defect</td></tr><tr><td><a href="http://snomed.info/id/33048000">33048000</a></td><td>Peripheral visual field defect</td></tr><tr><td><a href="http://snomed.info/id/13164000">13164000</a></td><td>Reduced visual acuity</td></tr><tr><td><a href="http://snomed.info/id/23986001">23986001</a></td><td>Glaucoma</td></tr><tr><td><a href="http://snomed.info/id/81745001">81745001</a></td><td>Eye</td></tr></table></li></ul></div></text><url value="https://mitre.org/fhir/space-health/ValueSet/space-visual-effects"/><version value="0.4.2"/><name value="SpaceVisualEffectsValueSet"/><title value="Space Visual Effects"/><status value="draft"/><experimental value="true"/><date value="2025-12-24T17:35:27-07:00"/><publisher value="MITRE"/><contact><name value="MITRE"/><telecom><system value="url"/><value value="https://www.mitre.org/"/></telecom></contact><description value="Visual and ocular effects relevant to human spaceflight, including visual impairment, optic nerve conditions, and intraocular pressure changes"/><compose><include><system value="http://snomed.info/sct"/><concept><code value="40031005"/><display value="Visual impairment"/></concept><concept><code value="193703005"/><display value="Better eye: near total visual impairment, Lesser eye: total visual impairment"/></concept><concept><code value="193704004"/><display value="Better eye: near total visual impairment, Lesser eye: near total visual impairment"/></concept><concept><code value="18234004"/><display value="Optic nerve"/></concept><concept><code value="126968005"/><display value="Neoplasm of optic nerve"/></concept><concept><code value="14460007"/><display value="Hemorrhage in optic nerve sheaths"/></concept><concept><code value="23670006"/><display value="Decreased intraocular pressure"/></concept><concept><code value="24075007"/><display value="Abnormal intraocular pressure"/></concept><concept><code value="103274003"/><display value="Normal intraocular pressure with narrow cleft"/></concept><concept><code value="111526001"/><display value="Papilledema"/></concept><concept><code value="12184005"/><display value="Visual field defect"/></concept><concept><code value="33048000"/><display value="Peripheral visual field defect"/></concept><concept><code value="13164000"/><display value="Reduced visual acuity"/></concept><concept><code value="23986001"/><display value="Glaucoma"/></concept><concept><code value="81745001"/><display value="Eye"/></concept></include></compose></ValueSet>