<?xml version="1.0" encoding="UTF-8"?><ValueSet xmlns="http://hl7.org/fhir"><id value="stress-countermeasures-vs"/><text><status value="generated"/><div xmlns="http://www.w3.org/1999/xhtml"><p class="res-header-id"><b>Generated Narrative: ValueSet stress-countermeasures-vs</b></p><a name="stress-countermeasures-vs"> </a><a name="hcstress-countermeasures-vs"> </a><ul><li>Include all codes defined in <a href="CodeSystem-psychological-countermeasure-cs.html"><code>http://hl7.org/fhir/uv/aerospace/CodeSystem/psychological-countermeasure-cs</code></a><span title="Version is not explicitly stated, which means it is fixed to the version provided in this specification"> version 📦0.4.2</span></li></ul></div></text><url value="http://hl7.org/fhir/uv/aerospace/ValueSet/stress-countermeasures-vs"/><version value="0.4.2"/><name value="StressCountermeasuresVS"/><title value="Stress Countermeasures Value Set"/><status value="active"/><date value="2025-12-24T13:59:08-07:00"/><publisher value="MITRE"/><contact><name value="MITRE"/><telecom><system value="url"/><value value="https://www.mitre.org/"/></telecom></contact><description value="Standardized set of psychological countermeasures used to mitigate stress and support mental health."/><compose><include><system value="http://hl7.org/fhir/uv/aerospace/CodeSystem/psychological-countermeasure-cs"/></include></compose></ValueSet>