<?xml version="1.0" encoding="UTF-8"?><ValueSet xmlns="http://hl7.org/fhir"><id value="space-performance-metric-vs"/><text><status value="generated"/><div xmlns="http://www.w3.org/1999/xhtml"><p class="res-header-id"><b>Generated Narrative: ValueSet space-performance-metric-vs</b></p><a name="space-performance-metric-vs"> </a><a name="hcspace-performance-metric-vs"> </a><ul><li>Include all codes defined in <a href="CodeSystem-space-performance-metric-cs.html"><code>http://hl7.org/fhir/uv/aerospace/CodeSystem/space-performance-metric-cs</code></a><span title="Version is not explicitly stated, which means it is fixed to the version provided in this specification"> version 📦0.4.2</span></li></ul></div></text><url value="https://mitre.org/fhir/space-health/ValueSet/space-performance-metric-vs"/><version value="0.4.2"/><name value="SpacePerformanceMetricVS"/><title value="Space Exercise Performance Metrics"/><status value="active"/><experimental value="false"/><date value="2025-12-24T15:11:38-07:00"/><publisher value="MITRE"/><contact><name value="MITRE"/><telecom><system value="url"/><value value="https://www.mitre.org/"/></telecom></contact><description value="Performance metrics for space exercise (defined in SpacePerformanceMetricCS)"/><compose><include><system value="http://hl7.org/fhir/uv/aerospace/CodeSystem/space-performance-metric-cs"/></include></compose></ValueSet>