<?xml version="1.0" encoding="UTF-8"?><ValueSet xmlns="http://hl7.org/fhir"><id value="operational-status-vs"/><text><status value="generated"/><div xmlns="http://www.w3.org/1999/xhtml"><p class="res-header-id"><b>Generated Narrative: ValueSet operational-status-vs</b></p><a name="operational-status-vs"> </a><a name="hcoperational-status-vs"> </a><ul><li>Include all codes defined in <a href="CodeSystem-operational-status-cs.html"><code>http://hl7.org/fhir/uv/aerospace/CodeSystem/operational-status-cs</code></a><span title="Version is not explicitly stated, which means it is fixed to the version provided in this specification"> version 📦0.5.6</span></li></ul></div></text><url value="http://hl7.org/fhir/uv/aerospace/ValueSet/operational-status-vs"/><version value="0.5.6"/><name value="OperationalStatusVS"/><title value="Operational Status Value Set"/><status value="active"/><experimental value="false"/><date value="2025-12-30T13:15:27-07:00"/><publisher value="MITRE"/><contact><name value="MITRE"/><telecom><system value="url"/><value value="https://www.mitre.org/"/></telecom></contact><description value="Operational status codes for facilities and vehicles"/><compose><include><system value="http://hl7.org/fhir/uv/aerospace/CodeSystem/operational-status-cs"/></include></compose></ValueSet>