<?xml version="1.0" encoding="UTF-8"?><ValueSet xmlns="http://hl7.org/fhir"><id value="space-psychological-effects"/><text><status value="generated"/><div xmlns="http://www.w3.org/1999/xhtml"><p class="res-header-id"><b>Generated Narrative: ValueSet space-psychological-effects</b></p><a name="space-psychological-effects"> </a><a name="hcspace-psychological-effects"> </a><ul><li>Include these codes as defined in <a href="http://www.snomed.org/"><code>http://snomed.info/sct</code></a><span title="Version is not explicitly stated. No matching Code System found"> version Not Stated (use latest from terminology server)</span><table class="none"><tr><td style="white-space:nowrap"><b>Code</b></td><td><b>Display</b></td></tr><tr><td><a href="http://snomed.info/id/39898005">39898005</a></td><td>Sleep disorder</td></tr><tr><td><a href="http://snomed.info/id/111489007">111489007</a></td><td>Breathing-related sleep disorder</td></tr><tr><td><a href="http://snomed.info/id/3745000">3745000</a></td><td>Circadian rhythm sleep disorder</td></tr><tr><td><a href="http://snomed.info/id/16197009">16197009</a></td><td>Social isolation</td></tr><tr><td><a href="http://snomed.info/id/64441002">64441002</a></td><td>Social isolation</td></tr><tr><td><a href="http://snomed.info/id/29903003">29903003</a></td><td>Sensory deprivation isolation</td></tr><tr><td><a href="http://snomed.info/id/126943008">126943008</a></td><td>Separation anxiety</td></tr><tr><td><a href="http://snomed.info/id/109006">109006</a></td><td>Anxiety disorder of childhood OR adolescence</td></tr><tr><td><a href="http://snomed.info/id/832007">832007</a></td><td>Moderate major depression</td></tr><tr><td><a href="http://snomed.info/id/80216008">80216008</a></td><td>Cognitive disturbance</td></tr><tr><td><a href="http://snomed.info/id/102891000">102891000</a></td><td>Age-related cognitive decline</td></tr><tr><td><a href="http://snomed.info/id/62577008">62577008</a></td><td>Insomnia</td></tr><tr><td><a href="http://snomed.info/id/8614008">8614008</a></td><td>Vocal fatigue</td></tr><tr><td><a href="http://snomed.info/id/17099003">17099003</a></td><td>Peripheral muscle fatigue</td></tr><tr><td><a href="http://snomed.info/id/22171002">22171002</a></td><td>Neuromuscular fatigue</td></tr></table></li></ul></div></text><url value="https://mitre.org/fhir/space-health/ValueSet/space-psychological-effects"/><version value="0.4.2"/><name value="SpacePsychologicalEffectsValueSet"/><title value="Space Psychological Effects"/><status value="draft"/><experimental value="true"/><date value="2025-12-24T13:07:45-07:00"/><publisher value="MITRE"/><contact><name value="MITRE"/><telecom><system value="url"/><value value="https://www.mitre.org/"/></telecom></contact><description value="Psychological effects relevant to human spaceflight, including sleep disorders, isolation, anxiety, and depression"/><compose><include><system value="http://snomed.info/sct"/><concept><code value="39898005"/><display value="Sleep disorder"/></concept><concept><code value="111489007"/><display value="Breathing-related sleep disorder"/></concept><concept><code value="3745000"/><display value="Circadian rhythm sleep disorder"/></concept><concept><code value="16197009"/><display value="Social isolation"/></concept><concept><code value="64441002"/><display value="Social isolation"/></concept><concept><code value="29903003"/><display value="Sensory deprivation isolation"/></concept><concept><code value="126943008"/><display value="Separation anxiety"/></concept><concept><code value="109006"/><display value="Anxiety disorder of childhood OR adolescence"/></concept><concept><code value="832007"/><display value="Moderate major depression"/></concept><concept><code value="80216008"/><display value="Cognitive disturbance"/></concept><concept><code value="102891000"/><display value="Age-related cognitive decline"/></concept><concept><code value="62577008"/><display value="Insomnia"/></concept><concept><code value="8614008"/><display value="Vocal fatigue"/></concept><concept><code value="17099003"/><display value="Peripheral muscle fatigue"/></concept><concept><code value="22171002"/><display value="Neuromuscular fatigue"/></concept></include></compose></ValueSet>