<?xml version="1.0" encoding="UTF-8"?><ValueSet xmlns="http://hl7.org/fhir"><id value="SpaceTravelBrainChanges"/><text><status value="generated"/><div xmlns="http://www.w3.org/1999/xhtml"><p class="res-header-id"><b>Generated Narrative: ValueSet SpaceTravelBrainChanges</b></p><a name="SpaceTravelBrainChanges"> </a><a name="hcSpaceTravelBrainChanges"> </a><ul><li>Include these codes as defined in <a href="http://www.snomed.org/"><code>http://snomed.info/sct</code></a><span title="Version is not explicitly stated. No matching Code System found"> version Not Stated (use latest from terminology server)</span><table class="none"><tr><td style="white-space:nowrap"><b>Code</b></td><td><b>Display</b></td></tr><tr><td><a href="http://snomed.info/id/65124004">65124004</a></td><td>Part of body puffy</td></tr><tr><td><a href="http://snomed.info/id/361533001">361533001</a></td><td>Vestibular system</td></tr><tr><td><a href="http://snomed.info/id/68523003">68523003</a></td><td>Cerebral white matter</td></tr><tr><td><a href="http://snomed.info/id/90545009">90545009</a></td><td>Sensory perception</td></tr><tr><td><a href="http://snomed.info/id/37031009">37031009</a></td><td>Motion sickness</td></tr><tr><td><a href="http://snomed.info/id/102957003">102957003</a></td><td>Neuro-obs</td></tr><tr><td><a href="http://snomed.info/id/56246009">56246009</a></td><td>Enlargement</td></tr><tr><td><a href="http://snomed.info/id/258450006">258450006</a></td><td>CSF - Cerebrospinal fluid sample</td></tr><tr><td><a href="http://snomed.info/id/148269006">148269006</a></td><td>Health education - exercise</td></tr></table></li></ul></div></text><url value="https://mitre.org/fhir/space-health/ValueSet/SpaceTravelBrainChanges"/><version value="0.5.6"/><name value="SpaceTravelBrainChanges"/><title value="Brain and Neurologic Changes"/><status value="draft"/><date value="2025-12-30T13:15:27-07:00"/><publisher value="MITRE"/><contact><name value="MITRE"/><telecom><system value="url"/><value value="https://www.mitre.org/"/></telecom></contact><description value="Concepts related to physiological and neurological changes from prolonged space travel."/><compose><include><system value="http://snomed.info/sct"/><concept><code value="65124004"/><display value="Part of body puffy"/></concept><concept><code value="361533001"/><display value="Vestibular system"/></concept><concept><code value="68523003"/><display value="Cerebral white matter"/></concept><concept><code value="90545009"/><display value="Sensory perception"/></concept><concept><code value="37031009"/><display value="Motion sickness"/></concept><concept><code value="102957003"/><display value="Neuro-obs"/></concept><concept><code value="56246009"/><display value="Enlargement"/></concept><concept><code value="258450006"/><display value="CSF - Cerebrospinal fluid sample"/></concept><concept><code value="148269006"/><display value="Health education - exercise"/></concept></include></compose></ValueSet>