<?xml version="1.0" encoding="UTF-8"?><ValueSet xmlns="http://hl7.org/fhir"><id value="GimbalContraindicatedConditions"/><text><status value="generated"/><div xmlns="http://www.w3.org/1999/xhtml"><p class="res-header-id"><b>Generated Narrative: ValueSet GimbalContraindicatedConditions</b></p><a name="GimbalContraindicatedConditions"> </a><a name="hcGimbalContraindicatedConditions"> </a><ul><li>Include these codes as defined in <a href="http://www.snomed.org/"><code>http://snomed.info/sct</code></a><span title="Version is not explicitly stated. No matching Code System found"> version Not Stated (use latest from terminology server)</span><table class="none"><tr><td style="white-space:nowrap"><b>Code</b></td><td><b>Display</b></td></tr><tr><td><a href="http://snomed.info/id/82271004">82271004</a></td><td>Injury of head (disorder)</td></tr><tr><td><a href="http://snomed.info/id/90460009">90460009</a></td><td>Injury of neck (disorder)</td></tr><tr><td><a href="http://snomed.info/id/712893003">712893003</a></td><td>Traumatic or non-traumatic injury of back (disorder)</td></tr><tr><td><a href="http://snomed.info/id/404640003">404640003</a></td><td>Dizziness (disorder)</td></tr><tr><td><a href="http://snomed.info/id/19887002">19887002</a></td><td>Claustrophobia (finding)</td></tr><tr><td><a href="http://snomed.info/id/77386006">77386006</a></td><td>Pregnancy (finding)</td></tr><tr><td><a href="http://snomed.info/id/225931003">225931003</a></td><td>At risk of epileptic fits (finding)</td></tr><tr><td><a href="http://snomed.info/id/88610006">88610006</a></td><td>Heart murmur (finding)</td></tr><tr><td><a href="http://snomed.info/id/34068001">34068001</a></td><td>Heart valve replacement (procedure)</td></tr><tr><td><a href="http://snomed.info/id/1153637007">1153637007</a></td><td>Body height (observable entity)</td></tr></table></li></ul></div></text><url value="https://mitre.org/fhir/space-health/ValueSet/GimbalContraindicatedConditions"/><version value="0.4.2"/><name value="GimbalContraindicatedConditions"/><title value="Gimbal Contraindications"/><status value="draft"/><date value="2025-12-24T13:59:08-07:00"/><publisher value="MITRE"/><contact><name value="MITRE"/><telecom><system value="url"/><value value="https://www.mitre.org/"/></telecom></contact><description value="Contraindicated conditions for riding a multi-axis gimbal"/><compose><include><system value="http://snomed.info/sct"/><concept><code value="82271004"/><display value="Injury of head (disorder)"/></concept><concept><code value="90460009"/><display value="Injury of neck (disorder)"/></concept><concept><code value="712893003"/><display value="Traumatic or non-traumatic injury of back (disorder)"/></concept><concept><code value="404640003"/><display value="Dizziness (disorder)"/></concept><concept><code value="19887002"/><display value="Claustrophobia (finding)"/></concept><concept><code value="77386006"/><display value="Pregnancy (finding)"/></concept><concept><code value="225931003"/><display value="At risk of epileptic fits (finding)"/></concept><concept><code value="88610006"/><display value="Heart murmur (finding)"/></concept><concept><code value="34068001"/><display value="Heart valve replacement (procedure)"/></concept><concept><code value="1153637007"/><display value="Body height (observable entity)"/></concept></include></compose></ValueSet>