<?xml version="1.0" encoding="UTF-8"?><ValueSet xmlns="http://hl7.org/fhir"><id value="hydration-type-vs"/><text><status value="generated"/><div xmlns="http://www.w3.org/1999/xhtml"><p class="res-header-id"><b>Generated Narrative: ValueSet hydration-type-vs</b></p><a name="hydration-type-vs"> </a><a name="hchydration-type-vs"> </a><ul><li>Include all codes defined in <a href="CodeSystem-hydration-type-cs.html"><code>https://mitre.org/fhir/space-health/CodeSystem/hydration-type-cs</code></a><span title="Version is not explicitly stated, which means it is fixed to the version provided in this specification"> version 📦0.4.2</span></li></ul></div></text><url value="https://mitre.org/fhir/space-health/ValueSet/hydration-type-vs"/><version value="0.4.2"/><name value="HydrationTypeVS"/><title value="Hydration Types"/><status value="active"/><experimental value="false"/><date value="2025-12-24T17:35:27-07:00"/><publisher value="MITRE"/><contact><name value="MITRE"/><telecom><system value="url"/><value value="https://www.mitre.org/"/></telecom></contact><description value="Types of hydration products used in space"/><compose><include><system value="https://mitre.org/fhir/space-health/CodeSystem/hydration-type-cs"/></include></compose></ValueSet>