<?xml version="1.0" encoding="UTF-8"?><ValueSet xmlns="http://hl7.org/fhir"><id value="AircraftFumeExposureValueSet"/><text><status value="generated"/><div xmlns="http://www.w3.org/1999/xhtml"><p class="res-header-id"><b>Generated Narrative: ValueSet AircraftFumeExposureValueSet</b></p><a name="AircraftFumeExposureValueSet"> </a><a name="hcAircraftFumeExposureValueSet"> </a><ul><li>Include these codes as defined in <a href="http://www.snomed.org/"><code>http://snomed.info/sct</code></a><span title="Version is not explicitly stated. No matching Code System found"> version Not Stated (use latest from terminology server)</span><table class="none"><tr><td style="white-space:nowrap"><b>Code</b></td><td><b>Display</b></td></tr><tr><td><a href="http://snomed.info/id/36179005">36179005</a></td><td>R.I.N.D. syndrome</td></tr><tr><td><a href="http://snomed.info/id/255736001">255736001</a></td><td>Fume</td></tr><tr><td><a href="http://snomed.info/id/102413006">102413006</a></td><td>Contaminated air</td></tr><tr><td><a href="http://snomed.info/id/139607007">139607007</a></td><td>Transient neurological symptoms</td></tr><tr><td><a href="http://snomed.info/id/139175004">139175004</a></td><td>Respiratory symptoms</td></tr><tr><td><a href="http://snomed.info/id/161964009">161964009</a></td><td>Cardiovascular symptoms</td></tr><tr><td><a href="http://snomed.info/id/66813007">66813007</a></td><td>Virus-like particles</td></tr><tr><td><a href="http://snomed.info/id/50352000">50352000</a></td><td>Organophosphate</td></tr><tr><td><a href="http://snomed.info/id/262459003">262459003</a></td><td>Low dose</td></tr><tr><td><a href="http://snomed.info/id/272158000">272158000</a></td><td>Organic compounds A-C</td></tr><tr><td><a href="http://snomed.info/id/80216008">80216008</a></td><td>Cognitive dysfunction</td></tr><tr><td><a href="http://snomed.info/id/19466003">19466003</a></td><td>Neurotoxicity</td></tr><tr><td><a href="http://snomed.info/id/17762009">17762009</a></td><td>Toxic encephalopathy</td></tr><tr><td><a href="http://snomed.info/id/14788002">14788002</a></td><td>Sensitivity</td></tr><tr><td><a href="http://snomed.info/id/76522002">76522002</a></td><td>Susceptibility</td></tr><tr><td><a href="http://snomed.info/id/67432001">67432001</a></td><td>Endocrine disorder</td></tr><tr><td><a href="http://snomed.info/id/346393006">346393006</a></td><td>Counter irritants</td></tr><tr><td><a href="http://snomed.info/id/246612009">246612009</a></td><td>General visual responses</td></tr><tr><td><a href="http://snomed.info/id/75934005">75934005</a></td><td>Metabolic disorder</td></tr><tr><td><a href="http://snomed.info/id/129681004">129681004</a></td><td>Environmental finding</td></tr></table></li></ul></div></text><url value="https://mitre.org/fhir/space-health/ValueSet/AircraftFumeExposureValueSet"/><version value="0.4.2"/><name value="AircraftFumeExposureValueSet"/><title value="Aircraft Fume Exposure"/><status value="draft"/><date value="2025-12-24T13:59:08-07:00"/><publisher value="MITRE"/><contact><name value="MITRE"/><telecom><system value="url"/><value value="https://www.mitre.org/"/></telecom></contact><description value="Health impacts from exposure to aircraft contaminated air and fume events."/><compose><include><system value="http://snomed.info/sct"/><concept><code value="36179005"/><display value="R.I.N.D. syndrome"/></concept><concept><code value="255736001"/><display value="Fume"/></concept><concept><code value="102413006"/><display value="Contaminated air"/></concept><concept><code value="139607007"/><display value="Transient neurological symptoms"/></concept><concept><code value="139175004"/><display value="Respiratory symptoms"/></concept><concept><code value="161964009"/><display value="Cardiovascular symptoms"/></concept><concept><code value="66813007"/><display value="Virus-like particles"/></concept><concept><code value="50352000"/><display value="Organophosphate"/></concept><concept><code value="262459003"/><display value="Low dose"/></concept><concept><code value="272158000"/><display value="Organic compounds A-C"/></concept><concept><code value="80216008"/><display value="Cognitive dysfunction"/></concept><concept><code value="19466003"/><display value="Neurotoxicity"/></concept><concept><code value="17762009"/><display value="Toxic encephalopathy"/></concept><concept><code value="14788002"/><display value="Sensitivity"/></concept><concept><code value="76522002"/><display value="Susceptibility"/></concept><concept><code value="67432001"/><display value="Endocrine disorder"/></concept><concept><code value="346393006"/><display value="Counter irritants"/></concept><concept><code value="246612009"/><display value="General visual responses"/></concept><concept><code value="75934005"/><display value="Metabolic disorder"/></concept><concept><code value="129681004"/><display value="Environmental finding"/></concept></include></compose></ValueSet>