<?xml version="1.0" encoding="UTF-8"?><ValueSet xmlns="http://hl7.org/fhir"><id value="artemis-mission-vs"/><text><status value="generated"/><div xmlns="http://www.w3.org/1999/xhtml"><p class="res-header-id"><b>Generated Narrative: ValueSet artemis-mission-vs</b></p><a name="artemis-mission-vs"> </a><a name="hcartemis-mission-vs"> </a><ul><li>Include all codes defined in <a href="CodeSystem-artemis-mission-cs.html"><code>http://hl7.org/fhir/uv/aerospace/CodeSystem/artemis-mission-cs</code></a><span title="Version is not explicitly stated, which means it is fixed to the version provided in this specification"> version 📦0.5.5</span></li></ul></div></text><url value="http://hl7.org/fhir/uv/aerospace/ValueSet/artemis-mission-vs"/><version value="0.5.5"/><name value="ArtemisMissionVS"/><title value="Artemis Missions"/><status value="active"/><experimental value="false"/><date value="2025-12-30T10:45:53-07:00"/><publisher value="MITRE"/><contact><name value="MITRE"/><telecom><system value="url"/><value value="https://www.mitre.org/"/></telecom></contact><description value="All Artemis program missions I-V"/><compose><include><system value="http://hl7.org/fhir/uv/aerospace/CodeSystem/artemis-mission-cs"/></include></compose></ValueSet>