<?xml version="1.0" encoding="UTF-8"?>

<Condition xmlns="http://hl7.org/fhir">
  <id value="ConditionBurn"/>
  <meta>
    <profile value="https://mitre.org/fhir/space-health/StructureDefinition/SpaceCondition"/>
  </meta>
  <text>
    <status value="generated"/><div xmlns="http://www.w3.org/1999/xhtml"><p class="res-header-id"><b>Generated Narrative: Condition ConditionBurn</b></p><a name="ConditionBurn"> </a><a name="hcConditionBurn"> </a><div style="display: inline-block; background-color: #d9e0e7; padding: 6px; margin: 4px; border: 1px solid #8da1b4; border-radius: 5px; line-height: 60%"><p style="margin-bottom: 0px"/><p style="margin-bottom: 0px">Profile: <a href="StructureDefinition-SpaceCondition.html">Space Health Condition</a></p></div><p><b>code</b>: <span title="Codes:{http://snomed.info/sct 48333001}">Burn injury (morphologic abnormality)</span></p><p><b>subject</b>: <a href="Patient-spaceminer1.html">Space Miner</a></p><p><b>onset</b>: 2022</p></div>
  </text>
  <code>
    <coding>
      <system value="http://snomed.info/sct"/>
      <code value="48333001"/>
      <display value="Burn injury (morphologic abnormality)"/>
    </coding>
  </code>
  <subject>
    <reference value="Patient/spaceminer1"/>
    <display value="Space Miner"/>
  </subject>
  <onsetDateTime value="2022"/>
</Condition>