<?xml version="1.0" encoding="UTF-8"?>

<Device xmlns="http://hl7.org/fhir">
  <id value="DeviceCyberTruck"/>
  <meta>
    <profile value="https://mitre.org/fhir/space-health/StructureDefinition/SpaceEquipment"/>
  </meta>
  <text>
    <status value="generated"/><div xmlns="http://www.w3.org/1999/xhtml"><p class="res-header-id"><b>Generated Narrative: Device DeviceCyberTruck</b></p><a name="DeviceCyberTruck"> </a><a name="hcDeviceCyberTruck"> </a><div style="display: inline-block; background-color: #d9e0e7; padding: 6px; margin: 4px; border: 1px solid #8da1b4; border-radius: 5px; line-height: 60%"><p style="margin-bottom: 0px"/><p style="margin-bottom: 0px">Profile: <a href="StructureDefinition-SpaceEquipment.html">Commercial Space Equipment</a></p></div><p><b>status</b>: Active</p><p><b>manufacturer</b>: </p><h3>DeviceNames</h3><table class="grid"><tr><td style="display: none">-</td><td><b>Name</b></td><td><b>Type</b></td></tr><tr><td style="display: none">*</td><td>Device - Cyber Truck</td><td>User Friendly name</td></tr></table><p><b>partNumber</b>: Cyber Truck</p></div>
  </text>
  <status value="active"/>
  <manufacturer value=""/>
  <deviceName>
    <name value="Device - Cyber Truck"/>
    <type value="user-friendly-name"/>
  </deviceName>
  <partNumber value="Cyber Truck"/>
</Device>