<?xml version="1.0" encoding="UTF-8"?>

<Location xmlns="http://hl7.org/fhir">
  <id value="PatuxentRiverNavalAirStation"/>
  <text>
    <status value="generated"/><div xmlns="http://www.w3.org/1999/xhtml"><p class="res-header-id"><b>Generated Narrative: Location PatuxentRiverNavalAirStation</b></p><a name="PatuxentRiverNavalAirStation"> </a><a name="hcPatuxentRiverNavalAirStation"> </a><p><b>name</b>: Naval Air Station Patuxent River</p><p><b>description</b>: Navy test pilot training with altitude chambers</p><p><b>address</b>: Patuxent River MD US </p></div>
  </text>
  <name value="Naval Air Station Patuxent River"/>
  <description value="Navy test pilot training with altitude chambers"/>
  <address>
    <city value="Patuxent River"/>
    <state value="MD"/>
    <country value="US"/>
  </address>
</Location>