<?xml version="1.0" encoding="UTF-8"?>

<Location xmlns="http://hl7.org/fhir">
  <id value="ESACentrfugeCologne"/>
  <text>
    <status value="generated"/><div xmlns="http://www.w3.org/1999/xhtml"><p class="res-header-id"><b>Generated Narrative: Location ESACentrfugeCologne</b></p><a name="ESACentrfugeCologne"> </a><a name="hcESACentrfugeCologne"> </a><p><b>name</b>: ESA Human Centrifuge</p><p><b>description</b>: 8m radius centrifuge for astronaut training and research</p><p><b>address</b>: Cologne DE </p></div>
  </text>
  <name value="ESA Human Centrifuge"/>
  <description value="8m radius centrifuge for astronaut training and research"/>
  <address>
    <city value="Cologne"/>
    <country value="DE"/>
  </address>
</Location>