URL,Version,Status,OIDs,Name,Title,Description,Used
http://hl7.org/fhir/uv/aerospace/CodeSystem/hyperbaric-capabilities-cs,0.4.2,active,,HyperbaricCapabilitiesCS,Hyperbaric Chamber Capabilities,"Capabilities and services available in hyperbaric chambers","ValueSet/hyperbaric-capabilities-vs"
http://hl7.org/fhir/uv/aerospace/CodeSystem/hyperbaric-chamber-type-cs,0.4.2,active,,HyperbaricChamberTypeCS,Hyperbaric Chamber Types,"Types of hyperbaric chambers","ValueSet/hyperbaric-chamber-type-vs"
http://hl7.org/fhir/uv/aerospace/CodeSystem/location-capabilities-cs,0.4.2,active,,LocationCapabilitiesCS,Location Capabilities Code System,"Capabilities and services available at aerospace medicine locations","ValueSet/location-capabilities-vs"
http://hl7.org/fhir/uv/aerospace/CodeSystem/operational-status-cs,0.4.2,active,,OperationalStatusCS,Operational Status Code System,"Operational status codes for facilities and vehicles","ValueSet/operational-status-vs"
http://loinc.org,3.1.0,active,"2.16.840.1.113883.6.1",LOINC,Logical Observation Identifiers, Names and Codes (LOINC),"LOINC provides a set of universal names and ID codes for identifying laboratory and clinical test results.1,2 LOINC facilitates the exchange and pooling of results, such as blood hemoglobin, serum potassium, or vital signs, for clinical care, outcomes management, and research. LOINC's universal identifiers (names and codes) can be used in the context of order and observation exchanges between information systems that use syntax standards such as HL73, CEN TC251, ISO TC215, ASTM4, and DICOM. Specifically, the identifier can be used as the coded value for an observation in any other standard that uses the observation/observation value paradigm, whether messages, documents, application programming interface (API), etc. For example, LOINC codes are used widely in the OBX segment Observation Identifier field (OBX-3) of an ORU HL7 (HL7 version 2.x or ASTM 1238-9410) message that may be sent between a Clinical Laboratory Information Management Systems (LIMS) and Electronic Health Record Systems (EHR).5, 6 In this way, LOINC codes provide universal identifiers that allow the exchange of clinical data between heterogeneous computing environments.","ValueSet/space-radiation-dose-codes-vs-complete"
http://snomed.info/sct,null,active,"2.16.840.1.113883.6.96",SNOMED_CT,SNOMED CT (all versions),"SNOMED CT is the most comprehensive and precise clinical health terminology product in the world, owned and distributed around the world by The International Health Terminology Standards Development Organisation (IHTSDO).","ValueSet/underwater-training-procedures,ValueSet/GimbalContraindicatedConditions,ValueSet/SleepLossHypoxiaEffect,ValueSet/SpaceRadiationRisksVS,ValueSet/SpaceflightStressFactors,ValueSet/LunarDustToxicityValueSet,ValueSet/space-radiation-effects,ValueSet/diving-contraindicated-conditions,ValueSet/regulatory-standards,ValueSet/decompression-procedures,ValueSet/SpaceTravelBrainChanges,ValueSet/space-cardiovascular-effects,ValueSet/space-physiological-effects,ValueSet/space-visual-effects,ValueSet/MuscleStiffnessAndSpaceHealth,ValueSet/SpaceAdaptationBoneHealth,ValueSet/AircraftFumeExposureValueSet,ValueSet/space-environmental-factors,ValueSet/radiation-countermeasures-vs-complete,ValueSet/space-radiation-type-vs-complete,ValueSet/space-monitoring-procedures,ValueSet/SleepLossHypoxiaResponses,ValueSet/space-neurological-effects,ValueSet/space-psychological-effects,ValueSet/AstronautBackPain"
http://unitsofmeasure.org,3.0.1,active,"2.16.840.1.113883.6.8",UCUM,Unified Code for Units of Measure (UCUM),"The Unified Code for Units of Measure (UCUM) is a code system intended to include all units of measures being contemporarily used in international science, engineering, and business. The purpose is to facilitate unambiguous electronic communication of quantities together with their units. The focus is on electronic communication, as opposed to communication between humans. A typical application of The Unified Code for Units of Measure are electronic data interchange (EDI) protocols, but there is nothing that prevents it from being used in other types of machine communication.","ValueSet/radiation-dose-units-vs"
https://mitre.org/fhir/space-health/CodeSystem/decompression-protocol-cs,0.4.2,active,,DecompressionProtocolCS,Decompression Protocols and Procedures,"Standardized decompression protocols and safety procedures","ValueSet/decompression-procedures"
https://mitre.org/fhir/space-health/CodeSystem/diving-medicine-cs,0.4.2,active,,DivingMedicineCS,Diving Medicine Code System,"Medical codes specific to diving medicine and hyperbaric treatments","ValueSet/diving-medical-examinations"
https://mitre.org/fhir/space-health/CodeSystem/neutral-buoyancy-training-cs,0.4.2,active,,NeutralBuoyancyTrainingCS,Neutral Buoyancy Training Code System,"Specialized codes for neutral buoyancy training activities and assessments","ValueSet/neutral-buoyancy-training-activities"
https://mitre.org/fhir/space-health/CodeSystem/radiation-countermeasures-cs,0.4.2,draft,,RadiationCountermeasuresCS,Radiation Countermeasures Code System,"Protective measures against space radiation","ValueSet/radiation-countermeasures-vs-complete,ValueSet/radiation-countermeasures-vs"
https://mitre.org/fhir/space-health/CodeSystem/radiation-detector-type-cs,0.4.2,draft,,RadiationDetectorTypeCS,Radiation Detector Type Code System,"Types of radiation detection equipment","ValueSet/dosimeter-type-vs,ValueSet/radiation-detector-type-vs-complete"
https://mitre.org/fhir/space-health/CodeSystem/regulatory-compliance-cs,0.4.2,active,,RegulatoryComplianceCS,Diving and Space Medicine Regulatory Compliance,"Regulatory standards and compliance codes for diving and space medicine","ValueSet/regulatory-standards"
https://mitre.org/fhir/space-health/CodeSystem/space-radiation-type-cs,0.4.2,draft,,SpaceRadiationTypeCS,Space Radiation Type Code System,"Types of radiation encountered in space environments","ValueSet/space-radiation-type-vs-complete,ValueSet/space-radiation-type-vs"
https://mitre.org/fhir/space-health/CodeSystem/underwater-communication-cs,0.4.2,active,,UnderwaterCommunicationCS,Underwater Communication Systems,"Communication systems and protocols for underwater training operations","ValueSet/underwater-communication-systems"
