URL,Version,Status,OIDs,Name,Title,Description,Used
http://hl7.org/fhir/uv/aerospace/CodeSystem/aerospace-behavioral-state-cs,0.5.2,active,,AerospaceBehavioralStateCS,Aerospace Behavioral State Code System,"Codes describing behavioral and psychological state parameters in aerospace missions.",
http://hl7.org/fhir/uv/aerospace/CodeSystem/artemis-certified-devices-cs,0.5.2,active,,ArtemisCertifiedDevicesCS,Artemis Certified Devices,"Flight-qualified hardware and systems used in Artemis missions (Orion, xEMU, Starship-HLS, Gateway, LTV, etc.)",
http://hl7.org/fhir/uv/aerospace/CodeSystem/artemis-landing-region-cs,0.5.2,active,,ArtemisLandingRegionCS,Artemis Landing Regions,"Candidate Artemis III landing regions near the lunar south pole (within 6° of pole, near permanently shadowed craters)",
http://hl7.org/fhir/uv/aerospace/CodeSystem/artemis-mission-cs,0.5.2,active,,ArtemisMissionCS,Artemis Missions,"Historical and planned Artemis program missions with target destinations, launch dates, and status",
http://hl7.org/fhir/uv/aerospace/CodeSystem/artemis-prototype-devices-cs,0.5.2,active,,ArtemisPrototypeDevicesCS,Artemis Prototype Devices,"Developmental and test hardware not yet flight-certified (demo units, ground analogs, next-gen prototypes)",
http://hl7.org/fhir/uv/aerospace/CodeSystem/behavioral-biomarker-cs,0.5.2,active,,BehavioralBiomarkerCS,Behavioral Biomarker Code System,"Codes for physiologic and digital biomarkers related to behavioral health and stress.",
http://hl7.org/fhir/uv/aerospace/CodeSystem/crewed-mars-missions-cs,0.5.2,active,,CrewedMarsMissionsCS,Human Mars Mission Plans,"Proposed or conceptual human mission architectures to Mars (Mars Direct, NASA DRMs, SpaceX, etc.)",
http://hl7.org/fhir/uv/aerospace/CodeSystem/hyperbaric-capabilities-cs,0.5.2,active,,HyperbaricCapabilitiesCS,Hyperbaric Chamber Capabilities,"Capabilities and services available in hyperbaric chambers",
http://hl7.org/fhir/uv/aerospace/CodeSystem/hyperbaric-chamber-type-cs,0.5.2,active,,HyperbaricChamberTypeCS,Hyperbaric Chamber Types,"Types of hyperbaric chambers",
http://hl7.org/fhir/uv/aerospace/CodeSystem/isolation-syndrome-factor-cs,0.5.2,active,,IsolationSyndromeFactorCS,Isolation Syndrome Factor Code System,"Factors contributing to isolation, confinement, and psychosocial risk in aerospace missions.",
http://hl7.org/fhir/uv/aerospace/CodeSystem/location-capabilities-cs,0.5.2,active,,LocationCapabilitiesCS,Location Capabilities Code System,"Capabilities and services available at aerospace medicine locations",
http://hl7.org/fhir/uv/aerospace/CodeSystem/mars-devices-certified-cs,0.5.2,active,,MarsCertifiedDevicesCS,Mars Mission Devices - Certified,"Flight-qualified hardware and systems operational or used in Mars mission planning (ISS heritage, Orion, etc.)",
http://hl7.org/fhir/uv/aerospace/CodeSystem/mars-devices-prototype-cs,0.5.2,active,,MarsPrototypeDevicesCS,Mars Mission Devices - Prototype,"Developmental or conceptual hardware for Mars missions (prototypes, test articles, planned systems)",
http://hl7.org/fhir/uv/aerospace/CodeSystem/mars-landing-sites-cs,0.5.2,active,,MarsLandingSitesCS,Mars Landing Sites (Candidate),"Candidate landing sites for human Mars missions with are  ographic coordinates and site characteristics",
http://hl7.org/fhir/uv/aerospace/CodeSystem/mars-missions-cs,0.5.2,active,,MarsMissionsCS,Mars Missions,"NASA and international missions to Mars (robotic and conceptual human missions)",
http://hl7.org/fhir/uv/aerospace/CodeSystem/operational-status-cs,0.5.2,active,,OperationalStatusCS,Operational Status Code System,"Operational status codes for facilities and vehicles",
http://hl7.org/fhir/uv/aerospace/CodeSystem/psychological-countermeasure-cs,0.5.2,active,,PsychologicalCountermeasureCS,Psychological Countermeasure Code System,"Codes for psychological countermeasure interventions in aerospace missions.",
http://hl7.org/fhir/uv/aerospace/CodeSystem/space-exercise-modality-cs,0.5.2,active,,SpaceExerciseModalityCS,Space Exercise Modality Code System,"Spaceflight-specific exercise modalities used in microgravity and partial gravity environments (e.g., ISS treadmill, ARED resistive training, artificial gravity).",
http://hl7.org/fhir/uv/aerospace/CodeSystem/space-performance-metric-cs,0.5.2,active,,SpacePerformanceMetricCS,Space Exercise Performance Metric Code System,"Key performance metrics for space-based exercise sessions (e.g., power output, VO2 surrogate, effective ground reaction force).",
https://mitre.org/fhir/space-health/CodeSystem/aerospace-code-system-enhanced,0.5.2,active,,AerospaceCodeSystemEnhanced,Enhanced Aerospace Medicine Code System,"Comprehensive code system for aerospace medicine concepts including all referenced codes",
https://mitre.org/fhir/space-health/CodeSystem/calorie-deficit-risk-cs,0.5.2,active,,CalorieDeficitRiskCS,Calorie Deficit Risk Levels,"Risk categorization for caloric deficits",
https://mitre.org/fhir/space-health/CodeSystem/decompression-protocol-cs,0.5.2,active,,DecompressionProtocolCS,Decompression Protocols and Procedures,"Standardized decompression protocols and safety procedures",
https://mitre.org/fhir/space-health/CodeSystem/diving-medicine-cs,0.5.2,active,,DivingMedicineCS,Diving Medicine Code System,"Medical codes specific to diving medicine and hyperbaric treatments",
https://mitre.org/fhir/space-health/CodeSystem/hydration-type-cs,0.5.2,active,,HydrationTypeCS,Hydration Product Types,"Types of hydration products used in space",
https://mitre.org/fhir/space-health/CodeSystem/macronutrient-metrics-cs,0.5.2,active,,MacronutrientMetricsCS,Macronutrient Metrics,"Measurement types for macronutrient tracking",
https://mitre.org/fhir/space-health/CodeSystem/neutral-buoyancy-training-cs,0.5.2,active,,NeutralBuoyancyTrainingCS,Neutral Buoyancy Training Code System,"Specialized codes for neutral buoyancy training activities and assessments",
https://mitre.org/fhir/space-health/CodeSystem/nutrition-inventory-status-cs,0.5.2,active,,NutritionInventoryStatusCS,Nutrition Inventory Status,"Status levels for nutrition inventory management",
https://mitre.org/fhir/space-health/CodeSystem/radiation-countermeasures-cs,0.5.2,draft,,RadiationCountermeasuresCS,Radiation Countermeasures Code System,"Protective measures against space radiation",
https://mitre.org/fhir/space-health/CodeSystem/radiation-detector-type-cs,0.5.2,draft,,RadiationDetectorTypeCS,Radiation Detector Type Code System,"Types of radiation detection equipment",
https://mitre.org/fhir/space-health/CodeSystem/regulatory-compliance-cs,0.5.2,active,,RegulatoryComplianceCS,Diving and Space Medicine Regulatory Compliance,"Regulatory standards and compliance codes for diving and space medicine",
https://mitre.org/fhir/space-health/CodeSystem/space-cardiovascular-effects-cs,0.5.2,draft,,SpaceCardiovascularEffectsCodeSystem,Space Cardiovascular Effects,"CodeSystem for space cardiovascular effects not found in SNOMED CT",
https://mitre.org/fhir/space-health/CodeSystem/space-environmental-factors-cs,0.5.2,draft,,SpaceEnvironmentalFactorsCodeSystem,Space Environmental Factors,"CodeSystem for space environmental factors not found in SNOMED CT",
https://mitre.org/fhir/space-health/CodeSystem/space-monitoring-procedures-cs,0.5.2,draft,,SpaceMonitoringProceduresCodeSystem,Space Monitoring Procedures,"CodeSystem for space monitoring procedures not found in SNOMED CT",
https://mitre.org/fhir/space-health/CodeSystem/space-neurological-effects-cs,0.5.2,draft,,SpaceNeurologicalEffectsCodeSystem,Space Neurological Effects,"CodeSystem for space neurological effects not found in SNOMED CT",
https://mitre.org/fhir/space-health/CodeSystem/space-nutrition-type-cs,0.5.2,active,,SpaceNutritionTypeCS,Space Nutrition Product Types,"Types of nutritional products used in space missions",
https://mitre.org/fhir/space-health/CodeSystem/space-physiological-effects-cs,0.5.2,draft,,SpacePhysiologicalEffectsCodeSystem,Space Physiological Effects,"CodeSystem for space physiological effects not found in SNOMED CT",
https://mitre.org/fhir/space-health/CodeSystem/space-preventive-health-cs,0.5.2,draft,,SpacePreventiveHealthCodeSystem,Space Preventive Health,"CodeSystem for space preventive health concepts not found in SNOMED CT",
https://mitre.org/fhir/space-health/CodeSystem/space-psychological-effects-cs,0.5.2,draft,,SpacePsychologicalEffectsCodeSystem,Space Psychological Effects,"CodeSystem for space psychological effects not found in SNOMED CT",
https://mitre.org/fhir/space-health/CodeSystem/space-radiation-type-cs,0.5.2,draft,,SpaceRadiationTypeCS,Space Radiation Type Code System,"Types of radiation encountered in space environments",
https://mitre.org/fhir/space-health/CodeSystem/space-treatment-procedures-cs,0.5.2,draft,,SpaceTreatmentProceduresCodeSystem,Space Treatment Procedures,"CodeSystem for space treatment procedures not found in SNOMED CT",
https://mitre.org/fhir/space-health/CodeSystem/space-visual-effects-cs,0.5.2,draft,,SpaceVisualEffectsCodeSystem,Space Visual Effects,"CodeSystem for space visual effects not found in SNOMED CT",
https://mitre.org/fhir/space-health/CodeSystem/underwater-communication-cs,0.5.2,active,,UnderwaterCommunicationCS,Underwater Communication Systems,"Communication systems and protocols for underwater training operations",
