URL,Version,Status,OIDs,Name,Title,Description,Used
https://mitre.org/fhir/space-health/CodeSystem/space-cardiovascular-effects-cs,0.4.0,draft,,SpaceCardiovascularEffectsCodeSystem,Space Cardiovascular Effects,"CodeSystem for space cardiovascular effects not found in SNOMED CT",
https://mitre.org/fhir/space-health/CodeSystem/space-environmental-factors-cs,0.4.0,draft,,SpaceEnvironmentalFactorsCodeSystem,Space Environmental Factors,"CodeSystem for space environmental factors not found in SNOMED CT",
https://mitre.org/fhir/space-health/CodeSystem/space-monitoring-procedures-cs,0.4.0,draft,,SpaceMonitoringProceduresCodeSystem,Space Monitoring Procedures,"CodeSystem for space monitoring procedures not found in SNOMED CT",
https://mitre.org/fhir/space-health/CodeSystem/space-neurological-effects-cs,0.4.0,draft,,SpaceNeurologicalEffectsCodeSystem,Space Neurological Effects,"CodeSystem for space neurological effects not found in SNOMED CT",
https://mitre.org/fhir/space-health/CodeSystem/space-physiological-effects-cs,0.4.0,draft,,SpacePhysiologicalEffectsCodeSystem,Space Physiological Effects,"CodeSystem for space physiological effects not found in SNOMED CT",
https://mitre.org/fhir/space-health/CodeSystem/space-preventive-health-cs,0.4.0,draft,,SpacePreventiveHealthCodeSystem,Space Preventive Health,"CodeSystem for space preventive health concepts not found in SNOMED CT",
https://mitre.org/fhir/space-health/CodeSystem/space-psychological-effects-cs,0.4.0,draft,,SpacePsychologicalEffectsCodeSystem,Space Psychological Effects,"CodeSystem for space psychological effects not found in SNOMED CT",
https://mitre.org/fhir/space-health/CodeSystem/space-treatment-procedures-cs,0.4.0,draft,,SpaceTreatmentProceduresCodeSystem,Space Treatment Procedures,"CodeSystem for space treatment procedures not found in SNOMED CT",
https://mitre.org/fhir/space-health/CodeSystem/space-visual-effects-cs,0.4.0,draft,,SpaceVisualEffectsCodeSystem,Space Visual Effects,"CodeSystem for space visual effects not found in SNOMED CT",
