"Id","Path","Slice Name","Alias(s)","Label","Min","Max","Must Support?","Is Modifier?","Is Summary?","Type(s)","Short","Definition","Comments","Requirements","Default Value","Meaning When Missing","Fixed Value","Pattern","Example","Minimum Value","Maximum Value","Maximum Length","Binding Strength","Binding Description","Binding Value Set","Code","Slicing Discriminator","Slicing Description","Slicing Ordered","Slicing Rules","Base Path","Base Min","Base Max","Condition(s)","Constraint(s)"
"EnvironmentalMonitoringLogicalModel","EnvironmentalMonitoringLogicalModel","","","",0,*,"","","","null {[]} {[]}
","Environmental Monitoring API for Closed Biome Systems","A logical model representing the comprehensive environmental monitoring parameters for closed biome systems, including space habitats, lunar/Mars colonies, and Earth-based smart greenhouses.","","","","","","","","","",,,,,"",,,,"Base",0,*,"",""
"EnvironmentalMonitoringLogicalModel.solarInputOutput","EnvironmentalMonitoringLogicalModel.solarInputOutput","","","",1,1,"","","","BackboneElement {[]} {[]}
","Solar radiation and PAR measurements","Solar radiation and PAR measurements","","","","","","","","","",,,,,"",,,,"EnvironmentalMonitoringLogicalModel.solarInputOutput",1,1,"","ele-1:All FHIR elements must have a @value or children {hasValue() or (children().count() > id.count())}
"
"EnvironmentalMonitoringLogicalModel.solarInputOutput.id","EnvironmentalMonitoringLogicalModel.solarInputOutput.id","","","",0,1,"","","","string {[]} {[]}
","Unique id for inter-element referencing","Unique id for the element within a resource (for internal references). This may be any string value that does not contain spaces.","","","","","","","","","",,,,,"",,,,"Element.id",0,1,"",""
"EnvironmentalMonitoringLogicalModel.solarInputOutput.extension","EnvironmentalMonitoringLogicalModel.solarInputOutput.extension","","extensions
user content","",0,*,"","","","Extension {[]} {[]}
","Additional content defined by implementations","May be used to represent additional information that is not part of the basic definition of the element. To make the use of extensions safe and manageable, there is a strict set of governance  applied to the definition and use of extensions. Though any implementer can define an extension, there is a set of requirements that SHALL be met as part of the definition of the extension.","There can be no stigma associated with the use of extensions by any application, project, or standard - regardless of the institution or jurisdiction that uses or defines the extensions.  The use of extensions is what allows the FHIR specification to retain a core level of simplicity for everyone.","","","","","","","","",,,,,"","value:url}
","Extensions are always sliced by (at least) url",,"open","Element.extension",0,*,"","ele-1:All FHIR elements must have a @value or children {hasValue() or (children().count() > id.count())}
ext-1:Must have either extensions or value[x], not both {extension.exists() != value.exists()}"
"EnvironmentalMonitoringLogicalModel.solarInputOutput.modifierExtension","EnvironmentalMonitoringLogicalModel.solarInputOutput.modifierExtension","","extensions
user contentmodifiers","",0,*,"","Y","Y","Extension {[]} {[]}
","Extensions that cannot be ignored even if unrecognized","May be used to represent additional information that is not part of the basic definition of the element and that modifies the understanding of the element in which it is contained and/or the understanding of the containing element's descendants. Usually modifier elements provide negation or qualification. To make the use of extensions safe and manageable, there is a strict set of governance applied to the definition and use of extensions. Though any implementer can define an extension, there is a set of requirements that SHALL be met as part of the definition of the extension. Applications processing a resource are required to check for modifier extensions.

Modifier extensions SHALL NOT change the meaning of any elements on Resource or DomainResource (including cannot change the meaning of modifierExtension itself).","There can be no stigma associated with the use of extensions by any application, project, or standard - regardless of the institution or jurisdiction that uses or defines the extensions.  The use of extensions is what allows the FHIR specification to retain a core level of simplicity for everyone.","Modifier extensions allow for extensions that *cannot* be safely ignored to be clearly distinguished from the vast majority of extensions which can be safely ignored.  This promotes interoperability by eliminating the need for implementers to prohibit the presence of extensions. For further information, see the [definition of modifier extensions](http://hl7.org/fhir/R4/extensibility.html#modifierExtension).","","","","","","","",,,,,"",,,,"BackboneElement.modifierExtension",0,*,"","ele-1:All FHIR elements must have a @value or children {hasValue() or (children().count() > id.count())}
ext-1:Must have either extensions or value[x], not both {extension.exists() != value.exists()}"
"EnvironmentalMonitoringLogicalModel.solarInputOutput.parTopUmol","EnvironmentalMonitoringLogicalModel.solarInputOutput.parTopUmol","","","",0,1,"","","","decimal {[]} {[]}
","PAR light intensity at top of canopy (μmol·m⁻²·s⁻¹)","PAR light intensity at top of canopy (μmol·m⁻²·s⁻¹)","","","","","","","","","",,,,,"",,,,"EnvironmentalMonitoringLogicalModel.solarInputOutput.parTopUmol",0,1,"",""
"EnvironmentalMonitoringLogicalModel.solarInputOutput.parTopUmolAvg","EnvironmentalMonitoringLogicalModel.solarInputOutput.parTopUmolAvg","","","",0,1,"","","","decimal {[]} {[]}
","Average PAR at top canopy over recent period (μmol·m⁻²·s⁻¹)","Average PAR at top canopy over recent period (μmol·m⁻²·s⁻¹)","","","","","","","","","",,,,,"",,,,"EnvironmentalMonitoringLogicalModel.solarInputOutput.parTopUmolAvg",0,1,"",""
"EnvironmentalMonitoringLogicalModel.solarInputOutput.parMidUmol","EnvironmentalMonitoringLogicalModel.solarInputOutput.parMidUmol","","","",0,1,"","","","decimal {[]} {[]}
","PAR intensity at mid-canopy (μmol·m⁻²·s⁻¹)","PAR intensity at mid-canopy (μmol·m⁻²·s⁻¹)","","","","","","","","","",,,,,"",,,,"EnvironmentalMonitoringLogicalModel.solarInputOutput.parMidUmol",0,1,"",""
"EnvironmentalMonitoringLogicalModel.solarInputOutput.parBottomUmol","EnvironmentalMonitoringLogicalModel.solarInputOutput.parBottomUmol","","","",0,1,"","","","decimal {[]} {[]}
","PAR intensity at bottom of canopy (μmol·m⁻²·s⁻¹)","PAR intensity at bottom of canopy (μmol·m⁻²·s⁻¹)","","","","","","","","","",,,,,"",,,,"EnvironmentalMonitoringLogicalModel.solarInputOutput.parBottomUmol",0,1,"",""
"EnvironmentalMonitoringLogicalModel.solarInputOutput.solarIrradianceWm2","EnvironmentalMonitoringLogicalModel.solarInputOutput.solarIrradianceWm2","","","",0,1,"","","","decimal {[]} {[]}
","Total solar radiation on the biome exterior (W/m²)","Total solar radiation on the biome exterior (W/m²)","","","","","","","","","",,,,,"",,,,"EnvironmentalMonitoringLogicalModel.solarInputOutput.solarIrradianceWm2",0,1,"",""
"EnvironmentalMonitoringLogicalModel.solarInputOutput.solarIrradianceWm2Avg","EnvironmentalMonitoringLogicalModel.solarInputOutput.solarIrradianceWm2Avg","","","",0,1,"","","","decimal {[]} {[]}
","Average solar irradiance over a period (W/m²)","Average solar irradiance over a period (W/m²)","","","","","","","","","",,,,,"",,,,"EnvironmentalMonitoringLogicalModel.solarInputOutput.solarIrradianceWm2Avg",0,1,"",""
"EnvironmentalMonitoringLogicalModel.thermalMass","EnvironmentalMonitoringLogicalModel.thermalMass","","","",1,1,"","","","BackboneElement {[]} {[]}
","Thermal mass and heat storage measurements","Thermal mass and heat storage measurements","","","","","","","","","",,,,,"",,,,"EnvironmentalMonitoringLogicalModel.thermalMass",1,1,"","ele-1:All FHIR elements must have a @value or children {hasValue() or (children().count() > id.count())}
"
"EnvironmentalMonitoringLogicalModel.thermalMass.id","EnvironmentalMonitoringLogicalModel.thermalMass.id","","","",0,1,"","","","string {[]} {[]}
","Unique id for inter-element referencing","Unique id for the element within a resource (for internal references). This may be any string value that does not contain spaces.","","","","","","","","","",,,,,"",,,,"Element.id",0,1,"",""
"EnvironmentalMonitoringLogicalModel.thermalMass.extension","EnvironmentalMonitoringLogicalModel.thermalMass.extension","","extensions
user content","",0,*,"","","","Extension {[]} {[]}
","Additional content defined by implementations","May be used to represent additional information that is not part of the basic definition of the element. To make the use of extensions safe and manageable, there is a strict set of governance  applied to the definition and use of extensions. Though any implementer can define an extension, there is a set of requirements that SHALL be met as part of the definition of the extension.","There can be no stigma associated with the use of extensions by any application, project, or standard - regardless of the institution or jurisdiction that uses or defines the extensions.  The use of extensions is what allows the FHIR specification to retain a core level of simplicity for everyone.","","","","","","","","",,,,,"","value:url}
","Extensions are always sliced by (at least) url",,"open","Element.extension",0,*,"","ele-1:All FHIR elements must have a @value or children {hasValue() or (children().count() > id.count())}
ext-1:Must have either extensions or value[x], not both {extension.exists() != value.exists()}"
"EnvironmentalMonitoringLogicalModel.thermalMass.modifierExtension","EnvironmentalMonitoringLogicalModel.thermalMass.modifierExtension","","extensions
user contentmodifiers","",0,*,"","Y","Y","Extension {[]} {[]}
","Extensions that cannot be ignored even if unrecognized","May be used to represent additional information that is not part of the basic definition of the element and that modifies the understanding of the element in which it is contained and/or the understanding of the containing element's descendants. Usually modifier elements provide negation or qualification. To make the use of extensions safe and manageable, there is a strict set of governance applied to the definition and use of extensions. Though any implementer can define an extension, there is a set of requirements that SHALL be met as part of the definition of the extension. Applications processing a resource are required to check for modifier extensions.

Modifier extensions SHALL NOT change the meaning of any elements on Resource or DomainResource (including cannot change the meaning of modifierExtension itself).","There can be no stigma associated with the use of extensions by any application, project, or standard - regardless of the institution or jurisdiction that uses or defines the extensions.  The use of extensions is what allows the FHIR specification to retain a core level of simplicity for everyone.","Modifier extensions allow for extensions that *cannot* be safely ignored to be clearly distinguished from the vast majority of extensions which can be safely ignored.  This promotes interoperability by eliminating the need for implementers to prohibit the presence of extensions. For further information, see the [definition of modifier extensions](http://hl7.org/fhir/R4/extensibility.html#modifierExtension).","","","","","","","",,,,,"",,,,"BackboneElement.modifierExtension",0,*,"","ele-1:All FHIR elements must have a @value or children {hasValue() or (children().count() > id.count())}
ext-1:Must have either extensions or value[x], not both {extension.exists() != value.exists()}"
"EnvironmentalMonitoringLogicalModel.thermalMass.concreteLoopInTempC","EnvironmentalMonitoringLogicalModel.thermalMass.concreteLoopInTempC","","","",0,1,"","","","decimal {[]} {[]}
","Inlet water temperature (°C) into a concrete thermal mass","Inlet water temperature (°C) into a concrete thermal mass","","","","","","","","","",,,,,"",,,,"EnvironmentalMonitoringLogicalModel.thermalMass.concreteLoopInTempC",0,1,"",""
"EnvironmentalMonitoringLogicalModel.thermalMass.concreteLoopOutTempC","EnvironmentalMonitoringLogicalModel.thermalMass.concreteLoopOutTempC","","","",0,1,"","","","decimal {[]} {[]}
","Outlet water temperature (°C) from the concrete mass","Outlet water temperature (°C) from the concrete mass","","","","","","","","","",,,,,"",,,,"EnvironmentalMonitoringLogicalModel.thermalMass.concreteLoopOutTempC",0,1,"",""
"EnvironmentalMonitoringLogicalModel.thermalMass.waterTankInTempC","EnvironmentalMonitoringLogicalModel.thermalMass.waterTankInTempC","","","",0,1,"","","","decimal {[]} {[]}
","Inlet water temperature (°C) to a dedicated water thermal storage","Inlet water temperature (°C) to a dedicated water thermal storage","","","","","","","","","",,,,,"",,,,"EnvironmentalMonitoringLogicalModel.thermalMass.waterTankInTempC",0,1,"",""
"EnvironmentalMonitoringLogicalModel.thermalMass.waterTankOutTempC","EnvironmentalMonitoringLogicalModel.thermalMass.waterTankOutTempC","","","",0,1,"","","","decimal {[]} {[]}
","Outlet water temperature (°C) from the thermal storage tank","Outlet water temperature (°C) from the thermal storage tank","","","","","","","","","",,,,,"",,,,"EnvironmentalMonitoringLogicalModel.thermalMass.waterTankOutTempC",0,1,"",""
"EnvironmentalMonitoringLogicalModel.thermalMass.internalTempC","EnvironmentalMonitoringLogicalModel.thermalMass.internalTempC","","","",0,1,"","","","decimal {[]} {[]}
","General interior air temperature (°C) at a representative location","General interior air temperature (°C) at a representative location","","","","","","","","","",,,,,"",,,,"EnvironmentalMonitoringLogicalModel.thermalMass.internalTempC",0,1,"",""
"EnvironmentalMonitoringLogicalModel.thermalMass.internalTempCAvg","EnvironmentalMonitoringLogicalModel.thermalMass.internalTempCAvg","","","",0,1,"","","","decimal {[]} {[]}
","Average interior air temperature over a period (°C)","Average interior air temperature over a period (°C)","","","","","","","","","",,,,,"",,,,"EnvironmentalMonitoringLogicalModel.thermalMass.internalTempCAvg",0,1,"",""
"EnvironmentalMonitoringLogicalModel.thermalMass.internalTempTopC","EnvironmentalMonitoringLogicalModel.thermalMass.internalTempTopC","","","",0,1,"","","","decimal {[]} {[]}
","Temperature at top of habitat (°C) to measure stratification","Temperature at top of habitat (°C) to measure stratification","","","","","","","","","",,,,,"",,,,"EnvironmentalMonitoringLogicalModel.thermalMass.internalTempTopC",0,1,"",""
"EnvironmentalMonitoringLogicalModel.thermalMass.internalTempBottomC","EnvironmentalMonitoringLogicalModel.thermalMass.internalTempBottomC","","","",0,1,"","","","decimal {[]} {[]}
","Temperature at bottom of habitat (°C) to measure stratification","Temperature at bottom of habitat (°C) to measure stratification","","","","","","","","","",,,,,"",,,,"EnvironmentalMonitoringLogicalModel.thermalMass.internalTempBottomC",0,1,"",""
"EnvironmentalMonitoringLogicalModel.atmosphericLifeSupport","EnvironmentalMonitoringLogicalModel.atmosphericLifeSupport","","","",1,1,"","","","BackboneElement {[]} {[]}
","Atmospheric conditions for life support","Atmospheric conditions for life support","","","","","","","","","",,,,,"",,,,"EnvironmentalMonitoringLogicalModel.atmosphericLifeSupport",1,1,"","ele-1:All FHIR elements must have a @value or children {hasValue() or (children().count() > id.count())}
"
"EnvironmentalMonitoringLogicalModel.atmosphericLifeSupport.id","EnvironmentalMonitoringLogicalModel.atmosphericLifeSupport.id","","","",0,1,"","","","string {[]} {[]}
","Unique id for inter-element referencing","Unique id for the element within a resource (for internal references). This may be any string value that does not contain spaces.","","","","","","","","","",,,,,"",,,,"Element.id",0,1,"",""
"EnvironmentalMonitoringLogicalModel.atmosphericLifeSupport.extension","EnvironmentalMonitoringLogicalModel.atmosphericLifeSupport.extension","","extensions
user content","",0,*,"","","","Extension {[]} {[]}
","Additional content defined by implementations","May be used to represent additional information that is not part of the basic definition of the element. To make the use of extensions safe and manageable, there is a strict set of governance  applied to the definition and use of extensions. Though any implementer can define an extension, there is a set of requirements that SHALL be met as part of the definition of the extension.","There can be no stigma associated with the use of extensions by any application, project, or standard - regardless of the institution or jurisdiction that uses or defines the extensions.  The use of extensions is what allows the FHIR specification to retain a core level of simplicity for everyone.","","","","","","","","",,,,,"","value:url}
","Extensions are always sliced by (at least) url",,"open","Element.extension",0,*,"","ele-1:All FHIR elements must have a @value or children {hasValue() or (children().count() > id.count())}
ext-1:Must have either extensions or value[x], not both {extension.exists() != value.exists()}"
"EnvironmentalMonitoringLogicalModel.atmosphericLifeSupport.modifierExtension","EnvironmentalMonitoringLogicalModel.atmosphericLifeSupport.modifierExtension","","extensions
user contentmodifiers","",0,*,"","Y","Y","Extension {[]} {[]}
","Extensions that cannot be ignored even if unrecognized","May be used to represent additional information that is not part of the basic definition of the element and that modifies the understanding of the element in which it is contained and/or the understanding of the containing element's descendants. Usually modifier elements provide negation or qualification. To make the use of extensions safe and manageable, there is a strict set of governance applied to the definition and use of extensions. Though any implementer can define an extension, there is a set of requirements that SHALL be met as part of the definition of the extension. Applications processing a resource are required to check for modifier extensions.

Modifier extensions SHALL NOT change the meaning of any elements on Resource or DomainResource (including cannot change the meaning of modifierExtension itself).","There can be no stigma associated with the use of extensions by any application, project, or standard - regardless of the institution or jurisdiction that uses or defines the extensions.  The use of extensions is what allows the FHIR specification to retain a core level of simplicity for everyone.","Modifier extensions allow for extensions that *cannot* be safely ignored to be clearly distinguished from the vast majority of extensions which can be safely ignored.  This promotes interoperability by eliminating the need for implementers to prohibit the presence of extensions. For further information, see the [definition of modifier extensions](http://hl7.org/fhir/R4/extensibility.html#modifierExtension).","","","","","","","",,,,,"",,,,"BackboneElement.modifierExtension",0,*,"","ele-1:All FHIR elements must have a @value or children {hasValue() or (children().count() > id.count())}
ext-1:Must have either extensions or value[x], not both {extension.exists() != value.exists()}"
"EnvironmentalMonitoringLogicalModel.atmosphericLifeSupport.co2Ppm","EnvironmentalMonitoringLogicalModel.atmosphericLifeSupport.co2Ppm","","","",0,1,"","","","decimal {[]} {[]}
","Carbon dioxide concentration in air (parts per million)","Carbon dioxide concentration in air (parts per million)","","","","","","","","","",,,,,"",,,,"EnvironmentalMonitoringLogicalModel.atmosphericLifeSupport.co2Ppm",0,1,"",""
"EnvironmentalMonitoringLogicalModel.atmosphericLifeSupport.co2PpmAvg","EnvironmentalMonitoringLogicalModel.atmosphericLifeSupport.co2PpmAvg","","","",0,1,"","","","decimal {[]} {[]}
","Average CO₂ concentration (ppm) over a recent interval","Average CO₂ concentration (ppm) over a recent interval","","","","","","","","","",,,,,"",,,,"EnvironmentalMonitoringLogicalModel.atmosphericLifeSupport.co2PpmAvg",0,1,"",""
"EnvironmentalMonitoringLogicalModel.atmosphericLifeSupport.o2Percent","EnvironmentalMonitoringLogicalModel.atmosphericLifeSupport.o2Percent","","","",0,1,"","","","decimal {[]} {[]}
","Oxygen level in the air (% by volume)","Oxygen level in the air (% by volume)","","","","","","","","","",,,,,"",,,,"EnvironmentalMonitoringLogicalModel.atmosphericLifeSupport.o2Percent",0,1,"",""
"EnvironmentalMonitoringLogicalModel.atmosphericLifeSupport.o2PercentAvg","EnvironmentalMonitoringLogicalModel.atmosphericLifeSupport.o2PercentAvg","","","",0,1,"","","","decimal {[]} {[]}
","Average O₂ level (%) over time","Average O₂ level (%) over time","","","","","","","","","",,,,,"",,,,"EnvironmentalMonitoringLogicalModel.atmosphericLifeSupport.o2PercentAvg",0,1,"",""
"EnvironmentalMonitoringLogicalModel.atmosphericLifeSupport.n2Percent","EnvironmentalMonitoringLogicalModel.atmosphericLifeSupport.n2Percent","","","",0,1,"","","","decimal {[]} {[]}
","Nitrogen level in the air (% by volume) - ISS parameter","Nitrogen level in the air (% by volume) - ISS parameter","","","","","","","","","",,,,,"",,,,"EnvironmentalMonitoringLogicalModel.atmosphericLifeSupport.n2Percent",0,1,"",""
"EnvironmentalMonitoringLogicalModel.atmosphericLifeSupport.pressureKPa","EnvironmentalMonitoringLogicalModel.atmosphericLifeSupport.pressureKPa","","","",0,1,"","","","decimal {[]} {[]}
","Internal atmospheric pressure (kilopascals)","Internal atmospheric pressure (kilopascals)","","","","","","","","","",,,,,"",,,,"EnvironmentalMonitoringLogicalModel.atmosphericLifeSupport.pressureKPa",0,1,"",""
"EnvironmentalMonitoringLogicalModel.atmosphericLifeSupport.humidityPercent","EnvironmentalMonitoringLogicalModel.atmosphericLifeSupport.humidityPercent","","","",0,1,"","","","decimal {[]} {[]}
","Relative humidity of air (%)","Relative humidity of air (%)","","","","","","","","","",,,,,"",,,,"EnvironmentalMonitoringLogicalModel.atmosphericLifeSupport.humidityPercent",0,1,"",""
"EnvironmentalMonitoringLogicalModel.atmosphericLifeSupport.humidityPercentAvg","EnvironmentalMonitoringLogicalModel.atmosphericLifeSupport.humidityPercentAvg","","","",0,1,"","","","decimal {[]} {[]}
","Average relative humidity (%) over time","Average relative humidity (%) over time","","","","","","","","","",,,,,"",,,,"EnvironmentalMonitoringLogicalModel.atmosphericLifeSupport.humidityPercentAvg",0,1,"",""
"EnvironmentalMonitoringLogicalModel.atmosphericLifeSupport.temperatureAirC","EnvironmentalMonitoringLogicalModel.atmosphericLifeSupport.temperatureAirC","","","",0,1,"","","","decimal {[]} {[]}
","Air temperature (°C) inside habitat","Air temperature (°C) inside habitat","","","","","","","","","",,,,,"",,,,"EnvironmentalMonitoringLogicalModel.atmosphericLifeSupport.temperatureAirC",0,1,"",""
"EnvironmentalMonitoringLogicalModel.atmosphericLifeSupport.temperatureAirCAvg","EnvironmentalMonitoringLogicalModel.atmosphericLifeSupport.temperatureAirCAvg","","","",0,1,"","","","decimal {[]} {[]}
","Average air temperature (°C) over time","Average air temperature (°C) over time","","","","","","","","","",,,,,"",,,,"EnvironmentalMonitoringLogicalModel.atmosphericLifeSupport.temperatureAirCAvg",0,1,"",""
"EnvironmentalMonitoringLogicalModel.atmosphericLifeSupport.h2Ppm","EnvironmentalMonitoringLogicalModel.atmosphericLifeSupport.h2Ppm","","","",0,1,"","","","decimal {[]} {[]}
","Hydrogen level (ppm) - ISS parameter for leak detection","Hydrogen level (ppm) - ISS parameter for leak detection","","","","","","","","","",,,,,"",,,,"EnvironmentalMonitoringLogicalModel.atmosphericLifeSupport.h2Ppm",0,1,"",""
"EnvironmentalMonitoringLogicalModel.atmosphericLifeSupport.ch4Ppm","EnvironmentalMonitoringLogicalModel.atmosphericLifeSupport.ch4Ppm","","","",0,1,"","","","decimal {[]} {[]}
","Methane level (ppm) - ISS parameter for metabolic byproduct","Methane level (ppm) - ISS parameter for metabolic byproduct","","","","","","","","","",,,,,"",,,,"EnvironmentalMonitoringLogicalModel.atmosphericLifeSupport.ch4Ppm",0,1,"",""
"EnvironmentalMonitoringLogicalModel.hvacPressureControl","EnvironmentalMonitoringLogicalModel.hvacPressureControl","","","",1,1,"","","","BackboneElement {[]} {[]}
","HVAC and pressure regulation parameters","HVAC and pressure regulation parameters","","","","","","","","","",,,,,"",,,,"EnvironmentalMonitoringLogicalModel.hvacPressureControl",1,1,"","ele-1:All FHIR elements must have a @value or children {hasValue() or (children().count() > id.count())}
"
"EnvironmentalMonitoringLogicalModel.hvacPressureControl.id","EnvironmentalMonitoringLogicalModel.hvacPressureControl.id","","","",0,1,"","","","string {[]} {[]}
","Unique id for inter-element referencing","Unique id for the element within a resource (for internal references). This may be any string value that does not contain spaces.","","","","","","","","","",,,,,"",,,,"Element.id",0,1,"",""
"EnvironmentalMonitoringLogicalModel.hvacPressureControl.extension","EnvironmentalMonitoringLogicalModel.hvacPressureControl.extension","","extensions
user content","",0,*,"","","","Extension {[]} {[]}
","Additional content defined by implementations","May be used to represent additional information that is not part of the basic definition of the element. To make the use of extensions safe and manageable, there is a strict set of governance  applied to the definition and use of extensions. Though any implementer can define an extension, there is a set of requirements that SHALL be met as part of the definition of the extension.","There can be no stigma associated with the use of extensions by any application, project, or standard - regardless of the institution or jurisdiction that uses or defines the extensions.  The use of extensions is what allows the FHIR specification to retain a core level of simplicity for everyone.","","","","","","","","",,,,,"","value:url}
","Extensions are always sliced by (at least) url",,"open","Element.extension",0,*,"","ele-1:All FHIR elements must have a @value or children {hasValue() or (children().count() > id.count())}
ext-1:Must have either extensions or value[x], not both {extension.exists() != value.exists()}"
"EnvironmentalMonitoringLogicalModel.hvacPressureControl.modifierExtension","EnvironmentalMonitoringLogicalModel.hvacPressureControl.modifierExtension","","extensions
user contentmodifiers","",0,*,"","Y","Y","Extension {[]} {[]}
","Extensions that cannot be ignored even if unrecognized","May be used to represent additional information that is not part of the basic definition of the element and that modifies the understanding of the element in which it is contained and/or the understanding of the containing element's descendants. Usually modifier elements provide negation or qualification. To make the use of extensions safe and manageable, there is a strict set of governance applied to the definition and use of extensions. Though any implementer can define an extension, there is a set of requirements that SHALL be met as part of the definition of the extension. Applications processing a resource are required to check for modifier extensions.

Modifier extensions SHALL NOT change the meaning of any elements on Resource or DomainResource (including cannot change the meaning of modifierExtension itself).","There can be no stigma associated with the use of extensions by any application, project, or standard - regardless of the institution or jurisdiction that uses or defines the extensions.  The use of extensions is what allows the FHIR specification to retain a core level of simplicity for everyone.","Modifier extensions allow for extensions that *cannot* be safely ignored to be clearly distinguished from the vast majority of extensions which can be safely ignored.  This promotes interoperability by eliminating the need for implementers to prohibit the presence of extensions. For further information, see the [definition of modifier extensions](http://hl7.org/fhir/R4/extensibility.html#modifierExtension).","","","","","","","",,,,,"",,,,"BackboneElement.modifierExtension",0,*,"","ele-1:All FHIR elements must have a @value or children {hasValue() or (children().count() > id.count())}
ext-1:Must have either extensions or value[x], not both {extension.exists() != value.exists()}"
"EnvironmentalMonitoringLogicalModel.hvacPressureControl.pressureDiffPa","EnvironmentalMonitoringLogicalModel.hvacPressureControl.pressureDiffPa","","","",0,1,"","","","decimal {[]} {[]}
","Differential pressure between interior and exterior (Pa)","Differential pressure between interior and exterior (Pa)","","","","","","","","","",,,,,"",,,,"EnvironmentalMonitoringLogicalModel.hvacPressureControl.pressureDiffPa",0,1,"",""
"EnvironmentalMonitoringLogicalModel.hvacPressureControl.lungPositionPercent","EnvironmentalMonitoringLogicalModel.hvacPressureControl.lungPositionPercent","","","",0,1,"","","","decimal {[]} {[]}
","Expansion level of the external lung chamber (% of capacity)","Expansion level of the external lung chamber (% of capacity)","","","","","","","","","",,,,,"",,,,"EnvironmentalMonitoringLogicalModel.hvacPressureControl.lungPositionPercent",0,1,"",""
"EnvironmentalMonitoringLogicalModel.hvacPressureControl.airflowRateCms","EnvironmentalMonitoringLogicalModel.hvacPressureControl.airflowRateCms","","","",0,1,"","","","decimal {[]} {[]}
","Air circulation flow rate through the HVAC system (m³/s)","Air circulation flow rate through the HVAC system (m³/s)","","","","","","","","","",,,,,"",,,,"EnvironmentalMonitoringLogicalModel.hvacPressureControl.airflowRateCms",0,1,"",""
"EnvironmentalMonitoringLogicalModel.hvacPressureControl.heatExchangerInC","EnvironmentalMonitoringLogicalModel.hvacPressureControl.heatExchangerInC","","","",0,1,"","","","decimal {[]} {[]}
","Air or fluid temperature into a heat exchanger unit (°C)","Air or fluid temperature into a heat exchanger unit (°C)","","","","","","","","","",,,,,"",,,,"EnvironmentalMonitoringLogicalModel.hvacPressureControl.heatExchangerInC",0,1,"",""
"EnvironmentalMonitoringLogicalModel.hvacPressureControl.heatExchangerOutC","EnvironmentalMonitoringLogicalModel.hvacPressureControl.heatExchangerOutC","","","",0,1,"","","","decimal {[]} {[]}
","Outlet temperature after the exchanger (°C)","Outlet temperature after the exchanger (°C)","","","","","","","","","",,,,,"",,,,"EnvironmentalMonitoringLogicalModel.hvacPressureControl.heatExchangerOutC",0,1,"",""
"EnvironmentalMonitoringLogicalModel.biomeHealth","EnvironmentalMonitoringLogicalModel.biomeHealth","","","",1,1,"","","","BackboneElement {[]} {[]}
","Biome health indicators for water and air quality","Biome health indicators for water and air quality","","","","","","","","","",,,,,"",,,,"EnvironmentalMonitoringLogicalModel.biomeHealth",1,1,"","ele-1:All FHIR elements must have a @value or children {hasValue() or (children().count() > id.count())}
"
"EnvironmentalMonitoringLogicalModel.biomeHealth.id","EnvironmentalMonitoringLogicalModel.biomeHealth.id","","","",0,1,"","","","string {[]} {[]}
","Unique id for inter-element referencing","Unique id for the element within a resource (for internal references). This may be any string value that does not contain spaces.","","","","","","","","","",,,,,"",,,,"Element.id",0,1,"",""
"EnvironmentalMonitoringLogicalModel.biomeHealth.extension","EnvironmentalMonitoringLogicalModel.biomeHealth.extension","","extensions
user content","",0,*,"","","","Extension {[]} {[]}
","Additional content defined by implementations","May be used to represent additional information that is not part of the basic definition of the element. To make the use of extensions safe and manageable, there is a strict set of governance  applied to the definition and use of extensions. Though any implementer can define an extension, there is a set of requirements that SHALL be met as part of the definition of the extension.","There can be no stigma associated with the use of extensions by any application, project, or standard - regardless of the institution or jurisdiction that uses or defines the extensions.  The use of extensions is what allows the FHIR specification to retain a core level of simplicity for everyone.","","","","","","","","",,,,,"","value:url}
","Extensions are always sliced by (at least) url",,"open","Element.extension",0,*,"","ele-1:All FHIR elements must have a @value or children {hasValue() or (children().count() > id.count())}
ext-1:Must have either extensions or value[x], not both {extension.exists() != value.exists()}"
"EnvironmentalMonitoringLogicalModel.biomeHealth.modifierExtension","EnvironmentalMonitoringLogicalModel.biomeHealth.modifierExtension","","extensions
user contentmodifiers","",0,*,"","Y","Y","Extension {[]} {[]}
","Extensions that cannot be ignored even if unrecognized","May be used to represent additional information that is not part of the basic definition of the element and that modifies the understanding of the element in which it is contained and/or the understanding of the containing element's descendants. Usually modifier elements provide negation or qualification. To make the use of extensions safe and manageable, there is a strict set of governance applied to the definition and use of extensions. Though any implementer can define an extension, there is a set of requirements that SHALL be met as part of the definition of the extension. Applications processing a resource are required to check for modifier extensions.

Modifier extensions SHALL NOT change the meaning of any elements on Resource or DomainResource (including cannot change the meaning of modifierExtension itself).","There can be no stigma associated with the use of extensions by any application, project, or standard - regardless of the institution or jurisdiction that uses or defines the extensions.  The use of extensions is what allows the FHIR specification to retain a core level of simplicity for everyone.","Modifier extensions allow for extensions that *cannot* be safely ignored to be clearly distinguished from the vast majority of extensions which can be safely ignored.  This promotes interoperability by eliminating the need for implementers to prohibit the presence of extensions. For further information, see the [definition of modifier extensions](http://hl7.org/fhir/R4/extensibility.html#modifierExtension).","","","","","","","",,,,,"",,,,"BackboneElement.modifierExtension",0,*,"","ele-1:All FHIR elements must have a @value or children {hasValue() or (children().count() > id.count())}
ext-1:Must have either extensions or value[x], not both {extension.exists() != value.exists()}"
"EnvironmentalMonitoringLogicalModel.biomeHealth.waterPH","EnvironmentalMonitoringLogicalModel.biomeHealth.waterPH","","","",0,1,"","","","decimal {[]} {[]}
","pH level of habitat's water supply or nutrient solution","pH level of habitat's water supply or nutrient solution","","","","","","","","","",,,,,"",,,,"EnvironmentalMonitoringLogicalModel.biomeHealth.waterPH",0,1,"",""
"EnvironmentalMonitoringLogicalModel.biomeHealth.ozonePpm","EnvironmentalMonitoringLogicalModel.biomeHealth.ozonePpm","","","",0,1,"","","","decimal {[]} {[]}
","Ozone concentration in the air (ppm)","Ozone concentration in the air (ppm)","","","","","","","","","",,,,,"",,,,"EnvironmentalMonitoringLogicalModel.biomeHealth.ozonePpm",0,1,"",""
"EnvironmentalMonitoringLogicalModel.biomeHealth.habitatHumidityPercent","EnvironmentalMonitoringLogicalModel.biomeHealth.habitatHumidityPercent","","","",0,1,"","","","decimal {[]} {[]}
","Habitat living-area relative humidity (%)","Habitat living-area relative humidity (%)","","","","","","","","","",,,,,"",,,,"EnvironmentalMonitoringLogicalModel.biomeHealth.habitatHumidityPercent",0,1,"",""
"EnvironmentalMonitoringLogicalModel.biomeHealth.soilMoisturePercent","EnvironmentalMonitoringLogicalModel.biomeHealth.soilMoisturePercent","","","",0,1,"","","","decimal {[]} {[]}
","Soil or growth-medium moisture content (% volumetric water content)","Soil or growth-medium moisture content (% volumetric water content)","","","","","","","","","",,,,,"",,,,"EnvironmentalMonitoringLogicalModel.biomeHealth.soilMoisturePercent",0,1,"",""
"EnvironmentalMonitoringLogicalModel.biomeHealth.vocPpm","EnvironmentalMonitoringLogicalModel.biomeHealth.vocPpm","","","",0,1,"","","","decimal {[]} {[]}
","Volatile Organic Compounds level (ppm of VOCs)","Volatile Organic Compounds level (ppm of VOCs)","","","","","","","","","",,,,,"",,,,"EnvironmentalMonitoringLogicalModel.biomeHealth.vocPpm",0,1,"",""
"EnvironmentalMonitoringLogicalModel.externalEnvironment","EnvironmentalMonitoringLogicalModel.externalEnvironment","","","",1,1,"","","","BackboneElement {[]} {[]}
","External environment parameters","External environment parameters","","","","","","","","","",,,,,"",,,,"EnvironmentalMonitoringLogicalModel.externalEnvironment",1,1,"","ele-1:All FHIR elements must have a @value or children {hasValue() or (children().count() > id.count())}
"
"EnvironmentalMonitoringLogicalModel.externalEnvironment.id","EnvironmentalMonitoringLogicalModel.externalEnvironment.id","","","",0,1,"","","","string {[]} {[]}
","Unique id for inter-element referencing","Unique id for the element within a resource (for internal references). This may be any string value that does not contain spaces.","","","","","","","","","",,,,,"",,,,"Element.id",0,1,"",""
"EnvironmentalMonitoringLogicalModel.externalEnvironment.extension","EnvironmentalMonitoringLogicalModel.externalEnvironment.extension","","extensions
user content","",0,*,"","","","Extension {[]} {[]}
","Additional content defined by implementations","May be used to represent additional information that is not part of the basic definition of the element. To make the use of extensions safe and manageable, there is a strict set of governance  applied to the definition and use of extensions. Though any implementer can define an extension, there is a set of requirements that SHALL be met as part of the definition of the extension.","There can be no stigma associated with the use of extensions by any application, project, or standard - regardless of the institution or jurisdiction that uses or defines the extensions.  The use of extensions is what allows the FHIR specification to retain a core level of simplicity for everyone.","","","","","","","","",,,,,"","value:url}
","Extensions are always sliced by (at least) url",,"open","Element.extension",0,*,"","ele-1:All FHIR elements must have a @value or children {hasValue() or (children().count() > id.count())}
ext-1:Must have either extensions or value[x], not both {extension.exists() != value.exists()}"
"EnvironmentalMonitoringLogicalModel.externalEnvironment.modifierExtension","EnvironmentalMonitoringLogicalModel.externalEnvironment.modifierExtension","","extensions
user contentmodifiers","",0,*,"","Y","Y","Extension {[]} {[]}
","Extensions that cannot be ignored even if unrecognized","May be used to represent additional information that is not part of the basic definition of the element and that modifies the understanding of the element in which it is contained and/or the understanding of the containing element's descendants. Usually modifier elements provide negation or qualification. To make the use of extensions safe and manageable, there is a strict set of governance applied to the definition and use of extensions. Though any implementer can define an extension, there is a set of requirements that SHALL be met as part of the definition of the extension. Applications processing a resource are required to check for modifier extensions.

Modifier extensions SHALL NOT change the meaning of any elements on Resource or DomainResource (including cannot change the meaning of modifierExtension itself).","There can be no stigma associated with the use of extensions by any application, project, or standard - regardless of the institution or jurisdiction that uses or defines the extensions.  The use of extensions is what allows the FHIR specification to retain a core level of simplicity for everyone.","Modifier extensions allow for extensions that *cannot* be safely ignored to be clearly distinguished from the vast majority of extensions which can be safely ignored.  This promotes interoperability by eliminating the need for implementers to prohibit the presence of extensions. For further information, see the [definition of modifier extensions](http://hl7.org/fhir/R4/extensibility.html#modifierExtension).","","","","","","","",,,,,"",,,,"BackboneElement.modifierExtension",0,*,"","ele-1:All FHIR elements must have a @value or children {hasValue() or (children().count() > id.count())}
ext-1:Must have either extensions or value[x], not both {extension.exists() != value.exists()}"
"EnvironmentalMonitoringLogicalModel.externalEnvironment.externalTempC","EnvironmentalMonitoringLogicalModel.externalEnvironment.externalTempC","","","",0,1,"","","","decimal {[]} {[]}
","Outside ambient temperature (°C)","Outside ambient temperature (°C)","","","","","","","","","",,,,,"",,,,"EnvironmentalMonitoringLogicalModel.externalEnvironment.externalTempC",0,1,"",""
"EnvironmentalMonitoringLogicalModel.externalEnvironment.externalHumidityPercent","EnvironmentalMonitoringLogicalModel.externalEnvironment.externalHumidityPercent","","","",0,1,"","","","decimal {[]} {[]}
","Outside relative humidity (%)","Outside relative humidity (%)","","","","","","","","","",,,,,"",,,,"EnvironmentalMonitoringLogicalModel.externalEnvironment.externalHumidityPercent",0,1,"",""
"EnvironmentalMonitoringLogicalModel.externalEnvironment.externalPressureHPa","EnvironmentalMonitoringLogicalModel.externalEnvironment.externalPressureHPa","","","",0,1,"","","","decimal {[]} {[]}
","External barometric pressure (hPa)","External barometric pressure (hPa)","","","","","","","","","",,,,,"",,,,"EnvironmentalMonitoringLogicalModel.externalEnvironment.externalPressureHPa",0,1,"",""
"EnvironmentalMonitoringLogicalModel.externalEnvironment.externalSolarWm2","EnvironmentalMonitoringLogicalModel.externalEnvironment.externalSolarWm2","","","",0,1,"","","","decimal {[]} {[]}
","Solar irradiance outside (W/m²)","Solar irradiance outside (W/m²)","","","","","","","","","",,,,,"",,,,"EnvironmentalMonitoringLogicalModel.externalEnvironment.externalSolarWm2",0,1,"",""
"EnvironmentalMonitoringLogicalModel.timestamp","EnvironmentalMonitoringLogicalModel.timestamp","","","",1,1,"","","","dateTime {[]} {[]}
","Timestamp of data collection","Timestamp of data collection","","","","","","","","","",,,,,"",,,,"EnvironmentalMonitoringLogicalModel.timestamp",1,1,"",""
"EnvironmentalMonitoringLogicalModel.deviceId","EnvironmentalMonitoringLogicalModel.deviceId","","","",0,1,"","","","string {[]} {[]}
","ID of monitoring system or sensor network","ID of monitoring system or sensor network","","","","","","","","","",,,,,"",,,,"EnvironmentalMonitoringLogicalModel.deviceId",0,1,"",""
"EnvironmentalMonitoringLogicalModel.location","EnvironmentalMonitoringLogicalModel.location","","","",0,1,"","","","string {[]} {[]}
","Location identifier (habitat section, greenhouse zone, etc.)","Location identifier (habitat section, greenhouse zone, etc.)","","","","","","","","","",,,,,"",,,,"EnvironmentalMonitoringLogicalModel.location",0,1,"",""
