<?xml version="1.0" encoding="UTF-8"?>

<Condition xmlns="http://hl7.org/fhir">
  <id value="ConditionHypoxia"/>
  <meta>
    <profile value="https://mitre.org/fhir/space-health/StructureDefinition/SpaceCondition"/>
  </meta>
  <text>
    <status value="generated"/><div xmlns="http://www.w3.org/1999/xhtml"><p class="res-header-id"><b>Generated Narrative: Condition ConditionHypoxia</b></p><a name="ConditionHypoxia"> </a><a name="hcConditionHypoxia"> </a><a name="ConditionHypoxia-en-US"> </a><div style="display: inline-block; background-color: #d9e0e7; padding: 6px; margin: 4px; border: 1px solid #8da1b4; border-radius: 5px; line-height: 60%"><p style="margin-bottom: 0px"/><p style="margin-bottom: 0px">Profile: <a href="StructureDefinition-SpaceCondition.html">Space Health Condition</a></p></div><p><b>code</b>: <span title="Codes:{http://snomed.info/sct 389086002}">Hypoxia (disorder)</span></p><p><b>subject</b>: <a href="Patient-space-engineer-1.html">Space Engineer</a></p><p><b>onset</b>: 2022</p></div>
  </text>
  <code>
    <coding>
      <system value="http://snomed.info/sct"/>
      <code value="389086002"/>
      <display value="Hypoxia (disorder)"/>
    </coding>
  </code>
  <subject>
    <reference value="Patient/space-engineer-1"/>
    <display value="Space Engineer"/>
  </subject>
  <onsetDateTime value="2022"/>
</Condition>