<?xml version="1.0" encoding="UTF-8"?>

<Device xmlns="http://hl7.org/fhir">
  <id value="NeutralBuoyancyFacilityEquipment"/>
  <meta>
    <profile value="https://mitre.org/fhir/space-health/StructureDefinition/DivingEquipment"/>
  </meta>
  <text>
    <status value="generated"/><div xmlns="http://www.w3.org/1999/xhtml"><p class="res-header-id"><b>Generated Narrative: Device NeutralBuoyancyFacilityEquipment</b></p><a name="NeutralBuoyancyFacilityEquipment"> </a><a name="hcNeutralBuoyancyFacilityEquipment"> </a><a name="NeutralBuoyancyFacilityEquipment-en-US"> </a><div style="display: inline-block; background-color: #d9e0e7; padding: 6px; margin: 4px; border: 1px solid #8da1b4; border-radius: 5px; line-height: 60%"><p style="margin-bottom: 0px"/><p style="margin-bottom: 0px">Profile: <a href="StructureDefinition-DivingEquipment.html">Diving Equipment</a></p></div><p><b>status</b>: Active</p><h3>DeviceNames</h3><table class="grid"><tr><td style="display: none">-</td><td><b>Name</b></td><td><b>Type</b></td></tr><tr><td style="display: none">*</td><td>Neutral Buoyancy Training Equipment</td><td>User Friendly name</td></tr></table><p><b>type</b>: <span title="Codes:">Training Pool Equipment</span></p></div>
  </text>
  <status value="active"/>
  <deviceName>
    <name value="Neutral Buoyancy Training Equipment"/>
    <type value="user-friendly-name"/>
  </deviceName>
  <type>
    <text value="Training Pool Equipment"/>
  </type>
</Device>