<?xml version="1.0" encoding="UTF-8"?>

<Location xmlns="http://hl7.org/fhir">
  <id value="NASAHyperbaricFacility"/>
  <meta>
    <profile value="https://mitre.org/fhir/space-health/StructureDefinition/hyperbaric-chamber"/>
  </meta>
  <text>
    <status value="generated"/><div xmlns="http://www.w3.org/1999/xhtml"><p class="res-header-id"><b>Generated Narrative: Location NASAHyperbaricFacility</b></p><a name="NASAHyperbaricFacility"> </a><a name="hcNASAHyperbaricFacility"> </a><div style="display: inline-block; background-color: #d9e0e7; padding: 6px; margin: 4px; border: 1px solid #8da1b4; border-radius: 5px; line-height: 60%"><p style="margin-bottom: 0px"/><p style="margin-bottom: 0px">Profile: <a href="StructureDefinition-hyperbaric-chamber.html">Hyperbaric Chamber</a></p></div><p><b>status</b>: Active</p><p><b>name</b>: NASA Hyperbaric Treatment Facility</p><p><b>description</b>: Hyperbaric chamber for treating decompression sickness and supporting diving operations</p><p><b>type</b>: <span title="Codes:{http://terminology.hl7.org/CodeSystem/v3-RoleCode HUSCS}">specimen collection site</span></p><p><b>physicalType</b>: <span title="Codes:{http://terminology.hl7.org/CodeSystem/location-physical-type ro}">Room</span></p></div>
  </text>
  <status value="active"/>
  <name value="NASA Hyperbaric Treatment Facility"/>
  <description value="Hyperbaric chamber for treating decompression sickness and supporting diving operations"/>
  <type>
    <coding>
      <system value="http://terminology.hl7.org/CodeSystem/v3-RoleCode"/>
      <code value="HUSCS"/>
    </coding>
  </type>
  <physicalType>
    <coding>
      <system value="http://terminology.hl7.org/CodeSystem/location-physical-type"/>
      <code value="ro"/>
    </coding>
  </physicalType>
</Location>