<?xml version="1.0" encoding="UTF-8"?>

<Location xmlns="http://hl7.org/fhir">
  <id value="LunarSouthPoleBases"/>
  <meta>
    <profile value="https://mitre.org/fhir/space-health/StructureDefinition/SpaceLocation"/>
  </meta>
  <text>
    <status value="generated"/><div xmlns="http://www.w3.org/1999/xhtml"><p class="res-header-id"><b>Generated Narrative: Location LunarSouthPoleBases</b></p><a name="LunarSouthPoleBases"> </a><a name="hcLunarSouthPoleBases"> </a><a name="LunarSouthPoleBases-en-US"> </a><div style="display: inline-block; background-color: #d9e0e7; padding: 6px; margin: 4px; border: 1px solid #8da1b4; border-radius: 5px; line-height: 60%"><p style="margin-bottom: 0px"/><p style="margin-bottom: 0px">Profile: <a href="StructureDefinition-SpaceLocation.html">xGeo Locations</a></p></div><p><b>name</b>: Lunar South Pole Research Station</p><p><b>description</b>: Permanent research facility with access to water ice deposits</p></div>
  </text>
  <name value="Lunar South Pole Research Station"/>
  <description value="Permanent research facility with access to water ice deposits"/>
</Location>