<?xml version="1.0" encoding="UTF-8"?>

<Location xmlns="http://hl7.org/fhir">
  <id value="LocationInternationalSpaceStation"/>
  <meta>
    <profile value="https://mitre.org/fhir/space-health/StructureDefinition/SpaceLocation"/>
  </meta>
  <text>
    <status value="generated"/><div xmlns="http://www.w3.org/1999/xhtml"><p class="res-header-id"><b>Generated Narrative: Location LocationInternationalSpaceStation</b></p><a name="LocationInternationalSpaceStation"> </a><a name="hcLocationInternationalSpaceStation"> </a><a name="LocationInternationalSpaceStation-en-US"> </a><div style="display: inline-block; background-color: #d9e0e7; padding: 6px; margin: 4px; border: 1px solid #8da1b4; border-radius: 5px; line-height: 60%"><p style="margin-bottom: 0px"/><p style="margin-bottom: 0px">Profile: <a href="StructureDefinition-SpaceLocation.html">xGeo Locations</a></p></div><p><b>name</b>: Location - ISS</p></div>
  </text>
  <name value="Location - ISS"/>
</Location>