<?xml version="1.0" encoding="UTF-8"?>

<Location xmlns="http://hl7.org/fhir">
  <id value="MayoAerospaceMedicine"/>
  <text>
    <status value="generated"/><div xmlns="http://www.w3.org/1999/xhtml"><p class="res-header-id"><b>Generated Narrative: Location MayoAerospaceMedicine</b></p><a name="MayoAerospaceMedicine"> </a><a name="hcMayoAerospaceMedicine"> </a><p><b>name</b>: Mayo Clinic Aerospace Medicine</p><p><b>description</b>: Civilian aerospace medicine practice and research</p><p><b>address</b>: Rochester MN US </p></div>
  </text>
  <name value="Mayo Clinic Aerospace Medicine"/>
  <description value="Civilian aerospace medicine practice and research"/>
  <address>
    <city value="Rochester"/>
    <state value="MN"/>
    <country value="US"/>
  </address>
</Location>