<?xml version="1.0" encoding="UTF-8"?>

<Location xmlns="http://hl7.org/fhir">
  <id value="JAXASpaceBiomedicalResearch"/>
  <text>
    <status value="generated"/><div xmlns="http://www.w3.org/1999/xhtml"><p class="res-header-id"><b>Generated Narrative: Location JAXASpaceBiomedicalResearch</b></p><a name="JAXASpaceBiomedicalResearch"> </a><a name="hcJAXASpaceBiomedicalResearch"> </a><a name="JAXASpaceBiomedicalResearch-en-US"> </a><p><b>name</b>: JAXA Space Biomedical Research Office</p><p><b>description</b>: Japanese space medicine research and astronaut medical support</p><p><b>address</b>: Tsukuba JP </p></div>
  </text>
  <name value="JAXA Space Biomedical Research Office"/>
  <description value="Japanese space medicine research and astronaut medical support"/>
  <address>
    <city value="Tsukuba"/>
    <country value="JP"/>
  </address>
</Location>