<?xml version="1.0" encoding="UTF-8"?>

<Location xmlns="http://hl7.org/fhir">
  <id value="SoyuzMS"/>
  <meta>
    <profile value="https://mitre.org/fhir/space-health/StructureDefinition/SpaceVehicle"/>
  </meta>
  <text>
    <status value="generated"/><div xmlns="http://www.w3.org/1999/xhtml"><p class="res-header-id"><b>Generated Narrative: Location SoyuzMS</b></p><a name="SoyuzMS"> </a><a name="hcSoyuzMS"> </a><a name="SoyuzMS-en-US"> </a><div style="display: inline-block; background-color: #d9e0e7; padding: 6px; margin: 4px; border: 1px solid #8da1b4; border-radius: 5px; line-height: 60%"><p style="margin-bottom: 0px"/><p style="margin-bottom: 0px">Profile: <a href="StructureDefinition-SpaceVehicle.html">Space Vehicle</a></p></div><p><b>name</b>: Soyuz MS</p><p><b>description</b>: Russian three-person crew vehicle for ISS access</p></div>
  </text>
  <name value="Soyuz MS"/>
  <description value="Russian three-person crew vehicle for ISS access"/>
</Location>