<?xml version="1.0" encoding="UTF-8"?>

<PlanDefinition xmlns="http://hl7.org/fhir">
  <id value="Artemis-III-Mission-Plan"/>
  <meta>
    <profile value="https://mitre.org/fhir/space-health/StructureDefinition/mission-plan"/>
  </meta>
  <text>
    <status value="extensions"/><div xmlns="http://www.w3.org/1999/xhtml">
<div>
    <table class="grid dict">
        
        <tr>
            <th scope="row"><b>Id: </b></th>
            <td style="padding-left: 4px;">Artemis-III-Mission-Plan</td>
        </tr>
        

        
        <tr>
            <th scope="row"><b>Url: </b></th>
            <td style="padding-left: 4px;"><a href="PlanDefinition-Artemis-III-Mission-Plan.html">Artemis III Mission Plan - First Crewed Lunar South Pole Landing</a></td>
        </tr>
        

        
        <tr>
            <th scope="row"><b>Version: </b></th>
            <td style="padding-left: 4px;">0.5.0</td>
        </tr>
        

        

        
        <tr>
            <th scope="row"><b>Title: </b></th>
            <td style="padding-left: 4px;">Artemis III Mission Plan - First Crewed Lunar South Pole Landing</td>
        </tr>
        

        

        

        

        
        <tr>
            <th scope="row"><b>Type: </b></th>
            <td style="padding-left: 4px;">
                
                    
                        
                        <p style="margin-bottom: 5px;">
                            <b>system: </b> <span><a href="http://terminology.hl7.org/7.0.1/CodeSystem-plan-definition-type.html">http://terminology.hl7.org/CodeSystem/plan-definition-type</a></span>
                        </p>
                        
                        
                        <p style="margin-bottom: 5px;">
                            <b>code: </b> <span>workflow-definition</span>
                        </p>
                        
                        
                    
                
                
            </td>
        </tr>
        

        

        
        <tr>
            <th scope="row"><b>Date: </b></th>
            <td style="padding-left: 4px;">2025-12-25 11:43:35-0700</td>
        </tr>
        

        
        <tr>
            <th scope="row"><b>Publisher: </b></th>
            <td style="padding-left: 4px;">MITRE</td>
        </tr>
        

        
        <tr>
            <th scope="row"><b>Description: </b></th>
            <td style="padding-left: 4px;"><div><p>Artemis III mission to land crew at Malapert Massif region, conduct 2 surface EVAs over 6.5 days, and return. Objectives include lunar south pole exploration, ice sample collection, xEMU suit validation, and Starship-HLS demonstration.</p>
</div></td>
        </tr>
        

        

        

        

        

        

        

        

        

        

        

        

        

        
        <tr>
            <th scope="row"><b>Actions: </b></th>
            <td style="padding-left: 4px;">
                <table class="grid-dict">
                    
                    <tr>
                        <td>
                            
                            <b> Launch:</b> SLS launch from Kennedy Space Center with Orion crew vehicle. Target: 2027-09-01, T+0 hours.
                            
                            <br/>
                            
                            
                            
                            
                            
                        </td>
                    </tr>
                    
                    <tr>
                        <td>
                            
                            <b> Translunar Cruise:</b> 4-day transit from Earth to lunar orbit with health monitoring and radiation dosimetry. Duration: T+10 hours to T+106 hours (4 days).
                            
                            <br/>
                            
                            
                            
                            
                            
                        </td>
                    </tr>
                    
                    <tr>
                        <td>
                            
                            <b> Gateway Docking:</b> Orion docks with Lunar Gateway HALO module. Planned: T+108 hours, duration 2 hours.
                            
                            <br/>
                            
                            
                            
                            
                            
                        </td>
                    </tr>
                    
                    <tr>
                        <td>
                            
                            <b> HLS Transfer and Descent:</b> Crew transfers to Starship HLS and descends to Malapert Massif landing site. Planned: Mission day 6, duration 10 hours.
                            
                            <br/>
                            
                            
                            
                            
                            
                        </td>
                    </tr>
                    
                    <tr>
                        <td>
                            
                            <b> Surface Operations EVA-1:</b> First lunar surface EVA - site characterization and sample collection. Planned: Mission day 10, duration 6.5 hours.
                            
                            <br/>
                            
                            
                            
                            
                            
                        </td>
                    </tr>
                    
                    <tr>
                        <td>
                            
                            <b> Surface Operations EVA-2:</b> Second lunar surface EVA - shadowed crater exploration and ice sampling. Planned: Mission day 12, duration 7 hours.
                            
                            <br/>
                            
                            
                            
                            
                            
                        </td>
                    </tr>
                    
                    <tr>
                        <td>
                            
                            <b> Ascent and Gateway Rendezvous:</b> HLS ascent from lunar surface and rendezvous with Gateway. Planned: Mission day 13, duration 10 hours.
                            
                            <br/>
                            
                            
                            
                            
                            
                        </td>
                    </tr>
                    
                    <tr>
                        <td>
                            
                            <b> Trans-Earth Injection:</b> Orion departs Gateway for return to Earth. Planned: Mission day 15, duration 30 minutes (propulsive maneuver).
                            
                            <br/>
                            
                            
                            
                            
                            
                        </td>
                    </tr>
                    
                    <tr>
                        <td>
                            
                            <b> Splashdown:</b> Orion splashdown in Pacific Ocean. Planned: Mission day 20, entry interface to splashdown 30 minutes.
                            
                            <br/>
                            
                            
                            
                            
                            
                        </td>
                    </tr>
                    
                </table>
            </td>
        </tr>
        
    </table>
</div>
</div>
  </text>
  <extension url="http://hl7.org/fhir/uv/aerospace/StructureDefinition/mission-context">
    <valueReference>
      <reference value="Encounter/Artemis-III-Mission"/>
    </valueReference>
  </extension>
  <url value="https://mitre.org/fhir/space-health/PlanDefinition/Artemis-III-Mission-Plan"/>
  <version value="0.5.0"/>
  <title value="Artemis III Mission Plan - First Crewed Lunar South Pole Landing"/>
  <type>
    <coding>
      <system value="http://terminology.hl7.org/CodeSystem/plan-definition-type"/>
      <code value="workflow-definition"/>
    </coding>
  </type>
  <status value="active"/>
  <date value="2025-12-25T11:43:35-07:00"/>
  <publisher value="MITRE"/>
  <contact>
    <name value="MITRE"/>
    <telecom>
      <system value="url"/>
      <value value="https://www.mitre.org/"/>
    </telecom>
  </contact>
  <description value="Artemis III mission to land crew at Malapert Massif region, conduct 2 surface EVAs over 6.5 days, and return. Objectives include lunar south pole exploration, ice sample collection, xEMU suit validation, and Starship-HLS demonstration."/>
  <action>
    <title value="Launch"/>
    <description value="SLS launch from Kennedy Space Center with Orion crew vehicle. Target: 2027-09-01, T+0 hours."/>
  </action>
  <action>
    <title value="Translunar Cruise"/>
    <description value="4-day transit from Earth to lunar orbit with health monitoring and radiation dosimetry. Duration: T+10 hours to T+106 hours (4 days)."/>
  </action>
  <action>
    <title value="Gateway Docking"/>
    <description value="Orion docks with Lunar Gateway HALO module. Planned: T+108 hours, duration 2 hours."/>
  </action>
  <action>
    <title value="HLS Transfer and Descent"/>
    <description value="Crew transfers to Starship HLS and descends to Malapert Massif landing site. Planned: Mission day 6, duration 10 hours."/>
  </action>
  <action>
    <title value="Surface Operations EVA-1"/>
    <description value="First lunar surface EVA - site characterization and sample collection. Planned: Mission day 10, duration 6.5 hours."/>
  </action>
  <action>
    <title value="Surface Operations EVA-2"/>
    <description value="Second lunar surface EVA - shadowed crater exploration and ice sampling. Planned: Mission day 12, duration 7 hours."/>
  </action>
  <action>
    <title value="Ascent and Gateway Rendezvous"/>
    <description value="HLS ascent from lunar surface and rendezvous with Gateway. Planned: Mission day 13, duration 10 hours."/>
  </action>
  <action>
    <title value="Trans-Earth Injection"/>
    <description value="Orion departs Gateway for return to Earth. Planned: Mission day 15, duration 30 minutes (propulsive maneuver)."/>
  </action>
  <action>
    <title value="Splashdown"/>
    <description value="Orion splashdown in Pacific Ocean. Planned: Mission day 20, entry interface to splashdown 30 minutes."/>
  </action>
</PlanDefinition>