<?xml version="1.0" encoding="UTF-8"?>

<PlanDefinition xmlns="http://hl7.org/fhir">
  <id value="MarsDirectMissionPlan2040"/>
  <meta>
    <profile value="https://mitre.org/fhir/space-health/StructureDefinition/mission-timeline-plan"/>
  </meta>
  <text>
    <status value="extensions"/><div xmlns="http://www.w3.org/1999/xhtml">
<div>
    <table class="grid dict">
        
        <tr>
            <th scope="row"><b>Id: </b></th>
            <td style="padding-left: 4px;">MarsDirectMissionPlan2040</td>
        </tr>
        

        
        <tr>
            <th scope="row"><b>Url: </b></th>
            <td style="padding-left: 4px;"><a href="PlanDefinition-MarsDirectMissionPlan2040.html">Mars Direct Mission 2040 - Jezero Crater Landing</a></td>
        </tr>
        

        
        <tr>
            <th scope="row"><b>Version: </b></th>
            <td style="padding-left: 4px;">0.5.0</td>
        </tr>
        

        

        
        <tr>
            <th scope="row"><b>Title: </b></th>
            <td style="padding-left: 4px;">Mars Direct Mission 2040 - Jezero Crater Landing</td>
        </tr>
        

        

        

        

        
        <tr>
            <th scope="row"><b>Type: </b></th>
            <td style="padding-left: 4px;">
                
                    
                        
                        <p style="margin-bottom: 5px;">
                            <b>system: </b> <span><a href="http://terminology.hl7.org/7.0.1/CodeSystem-plan-definition-type.html">http://terminology.hl7.org/CodeSystem/plan-definition-type</a></span>
                        </p>
                        
                        
                        <p style="margin-bottom: 5px;">
                            <b>code: </b> <span>workflow-definition</span>
                        </p>
                        
                        
                    
                
                
            </td>
        </tr>
        

        

        
        <tr>
            <th scope="row"><b>Date: </b></th>
            <td style="padding-left: 4px;">2025-12-25 11:43:35-0700</td>
        </tr>
        

        
        <tr>
            <th scope="row"><b>Publisher: </b></th>
            <td style="padding-left: 4px;">MITRE</td>
        </tr>
        

        
        <tr>
            <th scope="row"><b>Description: </b></th>
            <td style="padding-left: 4px;"><div><p>Mars Direct architecture mission with ERV pre-deployed, ISRU propellant production for return, crew of 4, 18-month surface operations at Jezero Crater. Mission objectives: demonstrate ISRU viability, conduct extensive geological surveys, collect samples for analysis, validate long-duration Mars surface systems.</p>
</div></td>
        </tr>
        

        

        

        

        

        

        

        

        

        

        

        

        

        
        <tr>
            <th scope="row"><b>Actions: </b></th>
            <td style="padding-left: 4px;">
                <table class="grid-dict">
                    
                    <tr>
                        <td>
                            
                            <b> Launch - Earth Return Vehicle (ERV):</b> Uncrewed ERV launch with Sabatier reactor, nuclear power unit, hydrogen supply. Target: Mars arrival 6 months later, land at Jezero. Begin ISRU propellant production immediately.
                            
                            <br/>
                            
                            
                            
                            
                            
                        </td>
                    </tr>
                    
                    <tr>
                        <td>
                            
                            <b> Launch - Crew in Mars Habitat Unit:</b> Crew of 4 launches 26 months after ERV (once ISRU confirms propellant production). 6-month transit with artificial gravity tether.
                            
                            <br/>
                            
                            
                            
                            
                            
                        </td>
                    </tr>
                    
                    <tr>
                        <td>
                            
                            <b> Outbound Transit:</b> 6-month deep space cruise. Continuous radiation monitoring, exercise countermeasures, health assessments, crew training for surface operations.
                            
                            <br/>
                            
                            
                            
                            
                            
                        </td>
                    </tr>
                    
                    <tr>
                        <td>
                            
                            <b> Mars Orbit Insertion and Descent:</b> Direct entry and landing at Jezero site near pre-positioned ERV. Habitat establishes life support upon landing.
                            
                            <br/>
                            
                            
                            
                            
                            
                        </td>
                    </tr>
                    
                    <tr>
                        <td>
                            
                            <b> Surface Operations - 18 Months:</b> Extended surface mission with ~400-500 EVAs total. Geological surveys, sample collection, ISRU monitoring, equipment maintenance, health monitoring. Weekly medical checkups, monthly radiation assessments.
                            
                            <br/>
                            
                            
                            
                            
                            
                        </td>
                    </tr>
                    
                    <tr>
                        <td>
                            
                            <b> Ascent and Earth Return:</b> Crew boards fueled ERV, launches from Mars, 6-month return transit. Total mission duration: ~30 months (900 days).
                            
                            <br/>
                            
                            
                            
                            
                            
                        </td>
                    </tr>
                    
                    <tr>
                        <td>
                            
                            <b> Earth Atmospheric Entry and Recovery:</b> ERV capsule atmospheric entry, parachute descent, splashdown in Pacific. Crew medical evaluation and reconditioning.
                            
                            <br/>
                            
                            
                            
                            
                            
                        </td>
                    </tr>
                    
                </table>
            </td>
        </tr>
        
    </table>
</div>
</div>
  </text>
  <extension url="http://hl7.org/fhir/uv/aerospace/StructureDefinition/mission-context">
    <valueReference>
      <reference value="Encounter/MarsDirectMission2040"/>
    </valueReference>
  </extension>
  <url value="https://mitre.org/fhir/space-health/PlanDefinition/MarsDirectMissionPlan2040"/>
  <version value="0.5.0"/>
  <title value="Mars Direct Mission 2040 - Jezero Crater Landing"/>
  <type>
    <coding>
      <system value="http://terminology.hl7.org/CodeSystem/plan-definition-type"/>
      <code value="workflow-definition"/>
    </coding>
  </type>
  <status value="active"/>
  <date value="2025-12-25T11:43:35-07:00"/>
  <publisher value="MITRE"/>
  <contact>
    <name value="MITRE"/>
    <telecom>
      <system value="url"/>
      <value value="https://www.mitre.org/"/>
    </telecom>
  </contact>
  <description value="Mars Direct architecture mission with ERV pre-deployed, ISRU propellant production for return, crew of 4, 18-month surface operations at Jezero Crater. Mission objectives: demonstrate ISRU viability, conduct extensive geological surveys, collect samples for analysis, validate long-duration Mars surface systems."/>
  <action>
    <title value="Launch - Earth Return Vehicle (ERV)"/>
    <description value="Uncrewed ERV launch with Sabatier reactor, nuclear power unit, hydrogen supply. Target: Mars arrival 6 months later, land at Jezero. Begin ISRU propellant production immediately."/>
  </action>
  <action>
    <title value="Launch - Crew in Mars Habitat Unit"/>
    <description value="Crew of 4 launches 26 months after ERV (once ISRU confirms propellant production). 6-month transit with artificial gravity tether."/>
  </action>
  <action>
    <title value="Outbound Transit"/>
    <description value="6-month deep space cruise. Continuous radiation monitoring, exercise countermeasures, health assessments, crew training for surface operations."/>
  </action>
  <action>
    <title value="Mars Orbit Insertion and Descent"/>
    <description value="Direct entry and landing at Jezero site near pre-positioned ERV. Habitat establishes life support upon landing."/>
  </action>
  <action>
    <title value="Surface Operations - 18 Months"/>
    <description value="Extended surface mission with ~400-500 EVAs total. Geological surveys, sample collection, ISRU monitoring, equipment maintenance, health monitoring. Weekly medical checkups, monthly radiation assessments."/>
  </action>
  <action>
    <title value="Ascent and Earth Return"/>
    <description value="Crew boards fueled ERV, launches from Mars, 6-month return transit. Total mission duration: ~30 months (900 days)."/>
  </action>
  <action>
    <title value="Earth Atmospheric Entry and Recovery"/>
    <description value="ERV capsule atmospheric entry, parachute descent, splashdown in Pacific. Crew medical evaluation and reconditioning."/>
  </action>
</PlanDefinition>