<?xml version="1.0" encoding="UTF-8"?>

<RiskAssessment xmlns="http://hl7.org/fhir">
  <id value="RiskAssesmentMission"/>
  <meta>
    <profile value="https://mitre.org/fhir/space-health/StructureDefinition/SpaceRiskAssesment"/>
  </meta>
  <text>
    <status value="generated"/><div xmlns="http://www.w3.org/1999/xhtml"><p class="res-header-id"><b>Generated Narrative: RiskAssessment RiskAssesmentMission</b></p><a name="RiskAssesmentMission"> </a><a name="hcRiskAssesmentMission"> </a><div style="display: inline-block; background-color: #d9e0e7; padding: 6px; margin: 4px; border: 1px solid #8da1b4; border-radius: 5px; line-height: 60%"><p style="margin-bottom: 0px"/><p style="margin-bottom: 0px">Profile: <a href="StructureDefinition-SpaceRiskAssesment.html">Mission Risk Assessment</a></p></div><p><b>status</b>: Final</p><p><b>subject</b>: <a href="Patient/CaptainJaneway">Catherine Janeway</a></p></div>
  </text>
  <status value="final"/>
  <subject>
    <reference value="Patient/CaptainJaneway"/>
    <display value="Catherine Janeway"/>
  </subject>
</RiskAssessment>