<?xml version="1.0" encoding="UTF-8"?><CodeSystem xmlns="http://hl7.org/fhir"><id value="neutral-buoyancy-training-cs"/><text><status value="generated"/><div xmlns="http://www.w3.org/1999/xhtml"><p class="res-header-id"><b>Generated Narrative: CodeSystem neutral-buoyancy-training-cs</b></p><a name="neutral-buoyancy-training-cs"> </a><a name="hcneutral-buoyancy-training-cs"> </a><a name="neutral-buoyancy-training-cs-en-US"> </a><p>This case-sensitive code system <code>https://mitre.org/fhir/space-health/CodeSystem/neutral-buoyancy-training-cs</code> defines the following codes:</p><table class="codes"><tr><td style="white-space:nowrap"><b>Code</b></td><td><b>Display</b></td><td><b>Definition</b></td></tr><tr><td style="white-space:nowrap">eva-simulation<a name="neutral-buoyancy-training-cs-eva-simulation"> </a></td><td>EVA Simulation Training</td><td>Extravehicular activity simulation in neutral buoyancy pool</td></tr><tr><td style="white-space:nowrap">tool-manipulation<a name="neutral-buoyancy-training-cs-tool-manipulation"> </a></td><td>Tool Manipulation Training</td><td>Training for handling tools and equipment in weightless environment</td></tr><tr><td style="white-space:nowrap">emergency-egress<a name="neutral-buoyancy-training-cs-emergency-egress"> </a></td><td>Emergency Egress Training</td><td>Training for emergency escape procedures from spacecraft</td></tr><tr><td style="white-space:nowrap">crew-coordination<a name="neutral-buoyancy-training-cs-crew-coordination"> </a></td><td>Crew Coordination Training</td><td>Multi-astronaut coordination and communication training</td></tr><tr><td style="white-space:nowrap">equipment-familiarization<a name="neutral-buoyancy-training-cs-equipment-familiarization"> </a></td><td>Equipment Familiarization</td><td>Introduction and practice with space equipment</td></tr><tr><td style="white-space:nowrap">habitat-construction<a name="neutral-buoyancy-training-cs-habitat-construction"> </a></td><td>Habitat Construction Training</td><td>Training for assembly of space habitats and structures</td></tr><tr><td style="white-space:nowrap">scientific-sampling<a name="neutral-buoyancy-training-cs-scientific-sampling"> </a></td><td>Scientific Sampling Training</td><td>Training for geological and biological sample collection</td></tr><tr><td style="white-space:nowrap">maintenance-repair<a name="neutral-buoyancy-training-cs-maintenance-repair"> </a></td><td>Maintenance and Repair Training</td><td>Training for spacecraft and equipment maintenance</td></tr><tr><td style="white-space:nowrap">task-completion-time<a name="neutral-buoyancy-training-cs-task-completion-time"> </a></td><td>Task Completion Time</td><td>Time required to complete assigned tasks</td></tr><tr><td style="white-space:nowrap">movement-efficiency<a name="neutral-buoyancy-training-cs-movement-efficiency"> </a></td><td>Movement Efficiency</td><td>Assessment of movement and navigation efficiency</td></tr><tr><td style="white-space:nowrap">communication-clarity<a name="neutral-buoyancy-training-cs-communication-clarity"> </a></td><td>Communication Clarity</td><td>Quality of underwater communication systems</td></tr><tr><td style="white-space:nowrap">emergency-response-time<a name="neutral-buoyancy-training-cs-emergency-response-time"> </a></td><td>Emergency Response Time</td><td>Response time to emergency scenarios</td></tr><tr><td style="white-space:nowrap">equipment-handling<a name="neutral-buoyancy-training-cs-equipment-handling"> </a></td><td>Equipment Handling Proficiency</td><td>Skill in manipulating tools and equipment</td></tr><tr><td style="white-space:nowrap">spatial-orientation<a name="neutral-buoyancy-training-cs-spatial-orientation"> </a></td><td>Spatial Orientation</td><td>Ability to maintain orientation in 3D environment</td></tr><tr><td style="white-space:nowrap">stress-management<a name="neutral-buoyancy-training-cs-stress-management"> </a></td><td>Stress Management</td><td>Performance under stress and unexpected conditions</td></tr><tr><td style="white-space:nowrap">nbl-facility<a name="neutral-buoyancy-training-cs-nbl-facility"> </a></td><td>Neutral Buoyancy Laboratory</td><td>NASA's Neutral Buoyancy Laboratory facility</td></tr><tr><td style="white-space:nowrap">commercial-facility<a name="neutral-buoyancy-training-cs-commercial-facility"> </a></td><td>Commercial Training Facility</td><td>Commercial neutral buoyancy training facility</td></tr><tr><td style="white-space:nowrap">open-water<a name="neutral-buoyancy-training-cs-open-water"> </a></td><td>Open Water Training</td><td>Training conducted in natural water environments</td></tr><tr><td style="white-space:nowrap">saturation-habitat<a name="neutral-buoyancy-training-cs-saturation-habitat"> </a></td><td>Saturation Diving Habitat</td><td>Underwater habitat for extended training missions</td></tr></table></div></text><url value="https://mitre.org/fhir/space-health/CodeSystem/neutral-buoyancy-training-cs"/><version value="0.4.2"/><name value="NeutralBuoyancyTrainingCS"/><title value="Neutral Buoyancy Training Code System"/><status value="active"/><experimental value="false"/><date value="2025-06-01T23:37:11-05:00"/><publisher value="MITRE"/><contact><name value="MITRE"/><telecom><system value="url"/><value value="https://www.mitre.org/"/></telecom></contact><description value="Specialized codes for neutral buoyancy training activities and assessments"/><caseSensitive value="true"/><content value="complete"/><count value="19"/><concept><code value="eva-simulation"/><display value="EVA Simulation Training"/><definition value="Extravehicular activity simulation in neutral buoyancy pool"/><designation><use><system value="http://terminology.hl7.org/CodeSystem/designation-usage"/><code value="display"/></use><value value="EVA Simulation Training"/></designation></concept><concept><code value="tool-manipulation"/><display value="Tool Manipulation Training"/><definition value="Training for handling tools and equipment in weightless environment"/><designation><use><system value="http://terminology.hl7.org/CodeSystem/designation-usage"/><code value="display"/></use><value value="Tool Manipulation Training"/></designation></concept><concept><code value="emergency-egress"/><display value="Emergency Egress Training"/><definition value="Training for emergency escape procedures from spacecraft"/><designation><use><system value="http://terminology.hl7.org/CodeSystem/designation-usage"/><code value="display"/></use><value value="Emergency Egress Training"/></designation></concept><concept><code value="crew-coordination"/><display value="Crew Coordination Training"/><definition value="Multi-astronaut coordination and communication training"/><designation><use><system value="http://terminology.hl7.org/CodeSystem/designation-usage"/><code value="display"/></use><value value="Crew Coordination Training"/></designation></concept><concept><code value="equipment-familiarization"/><display value="Equipment Familiarization"/><definition value="Introduction and practice with space equipment"/><designation><use><system value="http://terminology.hl7.org/CodeSystem/designation-usage"/><code value="display"/></use><value value="Equipment Familiarization"/></designation></concept><concept><code value="habitat-construction"/><display value="Habitat Construction Training"/><definition value="Training for assembly of space habitats and structures"/><designation><use><system value="http://terminology.hl7.org/CodeSystem/designation-usage"/><code value="display"/></use><value value="Habitat Construction Training"/></designation></concept><concept><code value="scientific-sampling"/><display value="Scientific Sampling Training"/><definition value="Training for geological and biological sample collection"/><designation><use><system value="http://terminology.hl7.org/CodeSystem/designation-usage"/><code value="display"/></use><value value="Scientific Sampling Training"/></designation></concept><concept><code value="maintenance-repair"/><display value="Maintenance and Repair Training"/><definition value="Training for spacecraft and equipment maintenance"/><designation><use><system value="http://terminology.hl7.org/CodeSystem/designation-usage"/><code value="display"/></use><value value="Maintenance and Repair Training"/></designation></concept><concept><code value="task-completion-time"/><display value="Task Completion Time"/><definition value="Time required to complete assigned tasks"/></concept><concept><code value="movement-efficiency"/><display value="Movement Efficiency"/><definition value="Assessment of movement and navigation efficiency"/></concept><concept><code value="communication-clarity"/><display value="Communication Clarity"/><definition value="Quality of underwater communication systems"/></concept><concept><code value="emergency-response-time"/><display value="Emergency Response Time"/><definition value="Response time to emergency scenarios"/></concept><concept><code value="equipment-handling"/><display value="Equipment Handling Proficiency"/><definition value="Skill in manipulating tools and equipment"/></concept><concept><code value="spatial-orientation"/><display value="Spatial Orientation"/><definition value="Ability to maintain orientation in 3D environment"/></concept><concept><code value="stress-management"/><display value="Stress Management"/><definition value="Performance under stress and unexpected conditions"/></concept><concept><code value="nbl-facility"/><display value="Neutral Buoyancy Laboratory"/><definition value="NASA's Neutral Buoyancy Laboratory facility"/></concept><concept><code value="commercial-facility"/><display value="Commercial Training Facility"/><definition value="Commercial neutral buoyancy training facility"/></concept><concept><code value="open-water"/><display value="Open Water Training"/><definition value="Training conducted in natural water environments"/></concept><concept><code value="saturation-habitat"/><display value="Saturation Diving Habitat"/><definition value="Underwater habitat for extended training missions"/></concept></CodeSystem>