<?xml version="1.0" encoding="UTF-8"?><CodeSystem xmlns="http://hl7.org/fhir"><id value="crewed-mars-missions-cs"/><text><status value="generated"/><div xmlns="http://www.w3.org/1999/xhtml"><p class="res-header-id"><b>Generated Narrative: CodeSystem crewed-mars-missions-cs</b></p><a name="crewed-mars-missions-cs"> </a><a name="hccrewed-mars-missions-cs"> </a><p><b>Properties</b></p><p><b>This code system defines the following properties for its concepts</b></p><table class="grid"><tr><td><b>Name</b></td><td><b>Code</b></td><td><b>URI</b></td><td><b>Type</b></td><td><b>Description</b></td></tr><tr><td>proposer</td><td>proposer</td><td>http://hl7.org/fhir/uv/aerospace/CodeSystem/crewed-mars-missions-cs#proposer</td><td>string</td><td>Organization or individual proposing the architecture</td></tr><tr><td>year</td><td>year</td><td>http://hl7.org/fhir/uv/aerospace/CodeSystem/crewed-mars-missions-cs#year</td><td>integer</td><td>Year of proposal or major update</td></tr><tr><td>crewSize</td><td>crewSize</td><td>http://hl7.org/fhir/uv/aerospace/CodeSystem/crewed-mars-missions-cs#crewSize</td><td>integer</td><td>Nominal crew size</td></tr><tr><td>surfaceStayDays</td><td>surfaceStayDays</td><td>http://hl7.org/fhir/uv/aerospace/CodeSystem/crewed-mars-missions-cs#surfaceStayDays</td><td>integer</td><td>Planned surface stay duration in days</td></tr></table><p><b>Concepts</b></p><p>This case-sensitive code system <code>http://hl7.org/fhir/uv/aerospace/CodeSystem/crewed-mars-missions-cs</code> defines the following codes:</p><table class="codes"><tr><td style="white-space:nowrap"><b>Code</b></td><td><b>Display</b></td><td><b>Definition</b></td><td><b>proposer</b></td><td><b>year</b></td><td><b>crewSize</b></td><td><b>surfaceStayDays</b></td></tr><tr><td style="white-space:nowrap">marsDirect<a name="crewed-mars-missions-cs-marsDirect"> </a></td><td>Mars Direct (Zubrin 1990)</td><td>Two-launch architecture with ISRU propellant production on Mars, direct Earth-Mars transit, 18-month surface stay, artificial gravity tether, crew of 4</td><td>Robert Zubrin / Mars Society</td><td>1990</td><td>4</td><td>550</td></tr><tr><td style="white-space:nowrap">nasaDRM1<a name="crewed-mars-missions-cs-nasaDRM1"> </a></td><td>NASA Design Reference Mission 1.0 (1993)</td><td>NASA's first Mars Semi-Direct adaptation, split missions with ISRU but added Mars Orbit Rendezvous with MAV</td><td>NASA</td><td>1993</td><td>4</td><td/></tr><tr><td style="white-space:nowrap">nasaDRM3<a name="crewed-mars-missions-cs-nasaDRM3"> </a></td><td>NASA Design Reference Mission 3.0 (1998)</td><td>NASA DRM evolution with increased crew size (6) and hardware redundancy, Semi-Direct architecture</td><td>NASA</td><td>1998</td><td>6</td><td/></tr><tr><td style="white-space:nowrap">nasaDRA5<a name="crewed-mars-missions-cs-nasaDRA5"> </a></td><td>NASA Design Reference Architecture 5.0 (2009)</td><td>Conjunction-class mission with ~3 launches, nuclear thermal rockets for cargo, fission surface power (~25 kW), long surface stays</td><td>NASA</td><td>2009</td><td>6</td><td>500</td></tr><tr><td style="white-space:nowrap">austereMars<a name="crewed-mars-missions-cs-austereMars"> </a></td><td>NASA Austere Human Missions to Mars (2009)</td><td>Cost-reduced DRA 5.0 variant with simplified technology, 4 crew, reduced infrastructure</td><td>NASA</td><td>2009</td><td>4</td><td/></tr><tr><td style="white-space:nowrap">journeyToMars<a name="crewed-mars-missions-cs-journeyToMars"> </a></td><td>NASA Journey to Mars (2015)</td><td>Moon-first strategy (Artemis), then Mars in 2030s, incremental capability buildup, Gateway staging</td><td>NASA</td><td>2015</td><td/><td/></tr><tr><td style="white-space:nowrap">spacexStarship<a name="crewed-mars-missions-cs-spacexStarship"> </a></td><td>SpaceX Starship Mars Plan (2016-present)</td><td>Commercial plan using fully reusable Starship, orbital refueling (10-14 tankers), ISRU for return, target ~2029-2031</td><td>SpaceX / Elon Musk</td><td>2016</td><td>12</td><td>180</td></tr><tr><td style="white-space:nowrap">marsOne<a name="crewed-mars-missions-cs-marsOne"> </a></td><td>Mars One (2012-2019)</td><td>Private one-way colonization concept, planned 2023 launch, project defunct 2019</td><td>Mars One / Bas Lansdorp</td><td>2012</td><td>4</td><td/></tr><tr><td style="white-space:nowrap">inspirationMars<a name="crewed-mars-missions-cs-inspirationMars"> </a></td><td>Inspiration Mars (2013)</td><td>Proposed crewed Mars flyby (Dennis Tito plan for 2018 launch window), not surface landing</td><td>Dennis Tito / Inspiration Mars Foundation</td><td>2013</td><td>2</td><td/></tr><tr><td style="white-space:nowrap">projectOlympus<a name="crewed-mars-missions-cs-projectOlympus"> </a></td><td>Project Olympus / Athena (2025)</td><td>Jared Isaacman plan for accelerated NASA-commercial Mars efforts, uncrewed demo by 2026, nuclear-electric propulsion priority</td><td>Jared Isaacman</td><td>2025</td><td/><td/></tr></table></div></text><url value="http://hl7.org/fhir/uv/aerospace/CodeSystem/crewed-mars-missions-cs"/><version value="0.5.6"/><name value="CrewedMarsMissionsCS"/><title value="Human Mars Mission Plans"/><status value="active"/><experimental value="false"/><date value="2025-12-30T19:11:20-07:00"/><publisher value="MITRE"/><contact><name value="MITRE"/><telecom><system value="url"/><value value="https://www.mitre.org/"/></telecom></contact><description value="Proposed or conceptual human mission architectures to Mars (Mars Direct, NASA DRMs, SpaceX, etc.)"/><caseSensitive value="true"/><content value="complete"/><count value="10"/><property><code value="proposer"/><uri value="http://hl7.org/fhir/uv/aerospace/CodeSystem/crewed-mars-missions-cs#proposer"/><description value="Organization or individual proposing the architecture"/><type value="string"/></property><property><code value="year"/><uri value="http://hl7.org/fhir/uv/aerospace/CodeSystem/crewed-mars-missions-cs#year"/><description value="Year of proposal or major update"/><type value="integer"/></property><property><code value="crewSize"/><uri value="http://hl7.org/fhir/uv/aerospace/CodeSystem/crewed-mars-missions-cs#crewSize"/><description value="Nominal crew size"/><type value="integer"/></property><property><code value="surfaceStayDays"/><uri value="http://hl7.org/fhir/uv/aerospace/CodeSystem/crewed-mars-missions-cs#surfaceStayDays"/><description value="Planned surface stay duration in days"/><type value="integer"/></property><concept><code value="marsDirect"/><display value="Mars Direct (Zubrin 1990)"/><definition value="Two-launch architecture with ISRU propellant production on Mars, direct Earth-Mars transit, 18-month surface stay, artificial gravity tether, crew of 4"/><designation><use><system value="http://terminology.hl7.org/CodeSystem/hl7TermMaintInfra"/><code value="preferredForLanguage"/></use><value value="Mars Direct (Zubrin 1990)"/></designation><property><code value="proposer"/><valueString value="Robert Zubrin / Mars Society"/></property><property><code value="year"/><valueInteger value="1990"/></property><property><code value="crewSize"/><valueInteger value="4"/></property><property><code value="surfaceStayDays"/><valueInteger value="550"/></property></concept><concept><code value="nasaDRM1"/><display value="NASA Design Reference Mission 1.0 (1993)"/><definition value="NASA's first Mars Semi-Direct adaptation, split missions with ISRU but added Mars Orbit Rendezvous with MAV"/><designation><use><system value="http://terminology.hl7.org/CodeSystem/hl7TermMaintInfra"/><code value="preferredForLanguage"/></use><value value="NASA Design Reference Mission 1.0 (1993)"/></designation><property><code value="proposer"/><valueString value="NASA"/></property><property><code value="year"/><valueInteger value="1993"/></property><property><code value="crewSize"/><valueInteger value="4"/></property></concept><concept><code value="nasaDRM3"/><display value="NASA Design Reference Mission 3.0 (1998)"/><definition value="NASA DRM evolution with increased crew size (6) and hardware redundancy, Semi-Direct architecture"/><designation><use><system value="http://terminology.hl7.org/CodeSystem/hl7TermMaintInfra"/><code value="preferredForLanguage"/></use><value value="NASA Design Reference Mission 3.0 (1998)"/></designation><property><code value="proposer"/><valueString value="NASA"/></property><property><code value="year"/><valueInteger value="1998"/></property><property><code value="crewSize"/><valueInteger value="6"/></property></concept><concept><code value="nasaDRA5"/><display value="NASA Design Reference Architecture 5.0 (2009)"/><definition value="Conjunction-class mission with ~3 launches, nuclear thermal rockets for cargo, fission surface power (~25 kW), long surface stays"/><designation><use><system value="http://terminology.hl7.org/CodeSystem/hl7TermMaintInfra"/><code value="preferredForLanguage"/></use><value value="NASA Design Reference Architecture 5.0 (2009)"/></designation><property><code value="proposer"/><valueString value="NASA"/></property><property><code value="year"/><valueInteger value="2009"/></property><property><code value="crewSize"/><valueInteger value="6"/></property><property><code value="surfaceStayDays"/><valueInteger value="500"/></property></concept><concept><code value="austereMars"/><display value="NASA Austere Human Missions to Mars (2009)"/><definition value="Cost-reduced DRA 5.0 variant with simplified technology, 4 crew, reduced infrastructure"/><designation><use><system value="http://terminology.hl7.org/CodeSystem/hl7TermMaintInfra"/><code value="preferredForLanguage"/></use><value value="NASA Austere Human Missions to Mars (2009)"/></designation><property><code value="proposer"/><valueString value="NASA"/></property><property><code value="year"/><valueInteger value="2009"/></property><property><code value="crewSize"/><valueInteger value="4"/></property></concept><concept><code value="journeyToMars"/><display value="NASA Journey to Mars (2015)"/><definition value="Moon-first strategy (Artemis), then Mars in 2030s, incremental capability buildup, Gateway staging"/><designation><use><system value="http://terminology.hl7.org/CodeSystem/hl7TermMaintInfra"/><code value="preferredForLanguage"/></use><value value="NASA Journey to Mars (2015)"/></designation><property><code value="proposer"/><valueString value="NASA"/></property><property><code value="year"/><valueInteger value="2015"/></property></concept><concept><code value="spacexStarship"/><display value="SpaceX Starship Mars Plan (2016-present)"/><definition value="Commercial plan using fully reusable Starship, orbital refueling (10-14 tankers), ISRU for return, target ~2029-2031"/><designation><use><system value="http://terminology.hl7.org/CodeSystem/hl7TermMaintInfra"/><code value="preferredForLanguage"/></use><value value="SpaceX Starship Mars Plan (2016-present)"/></designation><property><code value="proposer"/><valueString value="SpaceX / Elon Musk"/></property><property><code value="year"/><valueInteger value="2016"/></property><property><code value="crewSize"/><valueInteger value="12"/></property><property><code value="surfaceStayDays"/><valueInteger value="180"/></property></concept><concept><code value="marsOne"/><display value="Mars One (2012-2019)"/><definition value="Private one-way colonization concept, planned 2023 launch, project defunct 2019"/><designation><use><system value="http://terminology.hl7.org/CodeSystem/hl7TermMaintInfra"/><code value="preferredForLanguage"/></use><value value="Mars One (2012-2019)"/></designation><property><code value="proposer"/><valueString value="Mars One / Bas Lansdorp"/></property><property><code value="year"/><valueInteger value="2012"/></property><property><code value="crewSize"/><valueInteger value="4"/></property></concept><concept><code value="inspirationMars"/><display value="Inspiration Mars (2013)"/><definition value="Proposed crewed Mars flyby (Dennis Tito plan for 2018 launch window), not surface landing"/><designation><use><system value="http://terminology.hl7.org/CodeSystem/hl7TermMaintInfra"/><code value="preferredForLanguage"/></use><value value="Inspiration Mars (2013)"/></designation><property><code value="proposer"/><valueString value="Dennis Tito / Inspiration Mars Foundation"/></property><property><code value="year"/><valueInteger value="2013"/></property><property><code value="crewSize"/><valueInteger value="2"/></property></concept><concept><code value="projectOlympus"/><display value="Project Olympus / Athena (2025)"/><definition value="Jared Isaacman plan for accelerated NASA-commercial Mars efforts, uncrewed demo by 2026, nuclear-electric propulsion priority"/><designation><use><system value="http://terminology.hl7.org/CodeSystem/hl7TermMaintInfra"/><code value="preferredForLanguage"/></use><value value="Project Olympus / Athena (2025)"/></designation><property><code value="proposer"/><valueString value="Jared Isaacman"/></property><property><code value="year"/><valueInteger value="2025"/></property></concept></CodeSystem>