<?xml version="1.0" encoding="UTF-8"?><CodeSystem xmlns="http://hl7.org/fhir"><id value="underwater-communication-cs"/><text><status value="generated"/><div xmlns="http://www.w3.org/1999/xhtml"><p class="res-header-id"><b>Generated Narrative: CodeSystem underwater-communication-cs</b></p><a name="underwater-communication-cs"> </a><a name="hcunderwater-communication-cs"> </a><a name="underwater-communication-cs-en-US"> </a><p>This case-sensitive code system <code>https://mitre.org/fhir/space-health/CodeSystem/underwater-communication-cs</code> defines the following codes:</p><table class="codes"><tr><td style="white-space:nowrap"><b>Code</b></td><td><b>Display</b></td><td><b>Definition</b></td></tr><tr><td style="white-space:nowrap">hardwire-comm<a name="underwater-communication-cs-hardwire-comm"> </a></td><td>Hardwired Communication</td><td>Physical cable-based communication system</td></tr><tr><td style="white-space:nowrap">through-water-comm<a name="underwater-communication-cs-through-water-comm"> </a></td><td>Through-Water Communication</td><td>Wireless underwater communication system</td></tr><tr><td style="white-space:nowrap">surface-comm<a name="underwater-communication-cs-surface-comm"> </a></td><td>Surface Communication</td><td>Communication with surface support team</td></tr><tr><td style="white-space:nowrap">inter-diver-comm<a name="underwater-communication-cs-inter-diver-comm"> </a></td><td>Inter-Diver Communication</td><td>Communication between divers underwater</td></tr><tr><td style="white-space:nowrap">full-face-mask<a name="underwater-communication-cs-full-face-mask"> </a></td><td>Full Face Mask Communication</td><td>Communication through full face diving mask</td></tr><tr><td style="white-space:nowrap">bone-conduction<a name="underwater-communication-cs-bone-conduction"> </a></td><td>Bone Conduction Communication</td><td>Bone conduction underwater communication</td></tr><tr><td style="white-space:nowrap">pneumatic-comm<a name="underwater-communication-cs-pneumatic-comm"> </a></td><td>Pneumatic Communication</td><td>Air-powered communication system</td></tr><tr><td style="white-space:nowrap">standard-signals<a name="underwater-communication-cs-standard-signals"> </a></td><td>Standard Hand Signals</td><td>Standardized underwater hand signal protocol</td></tr><tr><td style="white-space:nowrap">emergency-signals<a name="underwater-communication-cs-emergency-signals"> </a></td><td>Emergency Communication</td><td>Emergency communication procedures</td></tr><tr><td style="white-space:nowrap">abort-signal<a name="underwater-communication-cs-abort-signal"> </a></td><td>Abort Signal</td><td>Signal to immediately terminate dive operation</td></tr><tr><td style="white-space:nowrap">assistance-request<a name="underwater-communication-cs-assistance-request"> </a></td><td>Assistance Request</td><td>Signal requesting help from dive partner</td></tr><tr><td style="white-space:nowrap">surface-immediately<a name="underwater-communication-cs-surface-immediately"> </a></td><td>Surface Immediately</td><td>Signal to ascend to surface without delay</td></tr><tr><td style="white-space:nowrap">problem-signal<a name="underwater-communication-cs-problem-signal"> </a></td><td>Problem Signal</td><td>General problem indication signal</td></tr><tr><td style="white-space:nowrap">ok-signal<a name="underwater-communication-cs-ok-signal"> </a></td><td>OK Signal</td><td>All clear/everything normal signal</td></tr><tr><td style="white-space:nowrap">comm-check<a name="underwater-communication-cs-comm-check"> </a></td><td>Communication Check</td><td>System communication verification</td></tr><tr><td style="white-space:nowrap">signal-quality<a name="underwater-communication-cs-signal-quality"> </a></td><td>Signal Quality Assessment</td><td>Quality of communication signal</td></tr><tr><td style="white-space:nowrap">backup-comm<a name="underwater-communication-cs-backup-comm"> </a></td><td>Backup Communication</td><td>Secondary communication system</td></tr><tr><td style="white-space:nowrap">comm-failure<a name="underwater-communication-cs-comm-failure"> </a></td><td>Communication Failure</td><td>Loss of communication capability</td></tr><tr><td style="white-space:nowrap">range-test<a name="underwater-communication-cs-range-test"> </a></td><td>Communication Range Test</td><td>Testing effective communication range</td></tr></table></div></text><url value="https://mitre.org/fhir/space-health/CodeSystem/underwater-communication-cs"/><version value="0.4.2"/><name value="UnderwaterCommunicationCS"/><title value="Underwater Communication Systems"/><status value="active"/><experimental value="false"/><date value="2025-06-01T23:37:11-05:00"/><publisher value="MITRE"/><contact><name value="MITRE"/><telecom><system value="url"/><value value="https://www.mitre.org/"/></telecom></contact><description value="Communication systems and protocols for underwater training operations"/><caseSensitive value="true"/><content value="complete"/><count value="19"/><concept><code value="hardwire-comm"/><display value="Hardwired Communication"/><definition value="Physical cable-based communication system"/><designation><use><system value="http://terminology.hl7.org/CodeSystem/designation-usage"/><code value="display"/></use><value value="Hardwired Communication"/></designation></concept><concept><code value="through-water-comm"/><display value="Through-Water Communication"/><definition value="Wireless underwater communication system"/><designation><use><system value="http://terminology.hl7.org/CodeSystem/designation-usage"/><code value="display"/></use><value value="Through-Water Communication"/></designation></concept><concept><code value="surface-comm"/><display value="Surface Communication"/><definition value="Communication with surface support team"/><designation><use><system value="http://terminology.hl7.org/CodeSystem/designation-usage"/><code value="display"/></use><value value="Surface Communication"/></designation></concept><concept><code value="inter-diver-comm"/><display value="Inter-Diver Communication"/><definition value="Communication between divers underwater"/><designation><use><system value="http://terminology.hl7.org/CodeSystem/designation-usage"/><code value="display"/></use><value value="Inter-Diver Communication"/></designation></concept><concept><code value="full-face-mask"/><display value="Full Face Mask Communication"/><definition value="Communication through full face diving mask"/><designation><use><system value="http://terminology.hl7.org/CodeSystem/designation-usage"/><code value="display"/></use><value value="Full Face Mask Communication"/></designation></concept><concept><code value="bone-conduction"/><display value="Bone Conduction Communication"/><definition value="Bone conduction underwater communication"/><designation><use><system value="http://terminology.hl7.org/CodeSystem/designation-usage"/><code value="display"/></use><value value="Bone Conduction Communication"/></designation></concept><concept><code value="pneumatic-comm"/><display value="Pneumatic Communication"/><definition value="Air-powered communication system"/><designation><use><system value="http://terminology.hl7.org/CodeSystem/designation-usage"/><code value="display"/></use><value value="Pneumatic Communication"/></designation></concept><concept><code value="standard-signals"/><display value="Standard Hand Signals"/><definition value="Standardized underwater hand signal protocol"/></concept><concept><code value="emergency-signals"/><display value="Emergency Communication"/><definition value="Emergency communication procedures"/></concept><concept><code value="abort-signal"/><display value="Abort Signal"/><definition value="Signal to immediately terminate dive operation"/></concept><concept><code value="assistance-request"/><display value="Assistance Request"/><definition value="Signal requesting help from dive partner"/></concept><concept><code value="surface-immediately"/><display value="Surface Immediately"/><definition value="Signal to ascend to surface without delay"/></concept><concept><code value="problem-signal"/><display value="Problem Signal"/><definition value="General problem indication signal"/></concept><concept><code value="ok-signal"/><display value="OK Signal"/><definition value="All clear/everything normal signal"/></concept><concept><code value="comm-check"/><display value="Communication Check"/><definition value="System communication verification"/></concept><concept><code value="signal-quality"/><display value="Signal Quality Assessment"/><definition value="Quality of communication signal"/></concept><concept><code value="backup-comm"/><display value="Backup Communication"/><definition value="Secondary communication system"/></concept><concept><code value="comm-failure"/><display value="Communication Failure"/><definition value="Loss of communication capability"/></concept><concept><code value="range-test"/><display value="Communication Range Test"/><definition value="Testing effective communication range"/></concept></CodeSystem>