<?xml version="1.0" encoding="UTF-8"?><CodeSystem xmlns="http://hl7.org/fhir"><id value="isolation-syndrome-factor-cs"/><text><status value="generated"/><div xmlns="http://www.w3.org/1999/xhtml"><p class="res-header-id"><b>Generated Narrative: CodeSystem isolation-syndrome-factor-cs</b></p><a name="isolation-syndrome-factor-cs"> </a><a name="hcisolation-syndrome-factor-cs"> </a><p>This case-sensitive code system <code>http://hl7.org/fhir/uv/aerospace/CodeSystem/isolation-syndrome-factor-cs</code> defines the following codes:</p><table class="codes"><tr><td style="white-space:nowrap"><b>Code</b></td><td><b>Display</b></td><td><b>Definition</b></td></tr><tr><td style="white-space:nowrap">confinement<a name="isolation-syndrome-factor-cs-confinement"> </a></td><td>Confinement</td><td>Small volume, limited privacy, constrained movement.</td></tr><tr><td style="white-space:nowrap">sensory-monotony<a name="isolation-syndrome-factor-cs-sensory-monotony"> </a></td><td>Sensory monotony</td><td>Limited visual, auditory, and olfactory variety.</td></tr><tr><td style="white-space:nowrap">interpersonal-friction<a name="isolation-syndrome-factor-cs-interpersonal-friction"> </a></td><td>Interpersonal friction</td><td>Crew tension, conflict, or poor communication.</td></tr><tr><td style="white-space:nowrap">role-ambiguity<a name="isolation-syndrome-factor-cs-role-ambiguity"> </a></td><td>Role ambiguity</td><td>Unclear or conflicting roles and responsibilities.</td></tr><tr><td style="white-space:nowrap">circadian-drift<a name="isolation-syndrome-factor-cs-circadian-drift"> </a></td><td>Circadian drift</td><td>Misalignment of sleep-wake cycle with operational schedule.</td></tr><tr><td style="white-space:nowrap">communications-latency<a name="isolation-syndrome-factor-cs-communications-latency"> </a></td><td>Communications latency</td><td>Long delays to ground communication reducing perceived support.</td></tr><tr><td style="white-space:nowrap">emergency-history<a name="isolation-syndrome-factor-cs-emergency-history"> </a></td><td>Emergency history</td><td>Recent anomalies or near-miss events increasing stress load.</td></tr><tr><td style="white-space:nowrap">workload-imbalance<a name="isolation-syndrome-factor-cs-workload-imbalance"> </a></td><td>Workload imbalance</td><td>Unequal distribution of work or perceived unfairness.</td></tr></table></div></text><url value="http://hl7.org/fhir/uv/aerospace/CodeSystem/isolation-syndrome-factor-cs"/><version value="0.5.5"/><name value="IsolationSyndromeFactorCS"/><title value="Isolation Syndrome Factor Code System"/><status value="active"/><date value="2025-12-30T00:07:25-07:00"/><publisher value="MITRE"/><contact><name value="MITRE"/><telecom><system value="url"/><value value="https://www.mitre.org/"/></telecom></contact><description value="Factors contributing to isolation, confinement, and psychosocial risk in aerospace missions."/><caseSensitive value="true"/><content value="complete"/><count value="8"/><concept><code value="confinement"/><display value="Confinement"/><definition value="Small volume, limited privacy, constrained movement."/><designation><use><system value="http://terminology.hl7.org/CodeSystem/hl7TermMaintInfra"/><code value="preferredForLanguage"/></use><value value="Confinement"/></designation></concept><concept><code value="sensory-monotony"/><display value="Sensory monotony"/><definition value="Limited visual, auditory, and olfactory variety."/><designation><use><system value="http://terminology.hl7.org/CodeSystem/hl7TermMaintInfra"/><code value="preferredForLanguage"/></use><value value="Sensory monotony"/></designation></concept><concept><code value="interpersonal-friction"/><display value="Interpersonal friction"/><definition value="Crew tension, conflict, or poor communication."/><designation><use><system value="http://terminology.hl7.org/CodeSystem/hl7TermMaintInfra"/><code value="preferredForLanguage"/></use><value value="Interpersonal friction"/></designation></concept><concept><code value="role-ambiguity"/><display value="Role ambiguity"/><definition value="Unclear or conflicting roles and responsibilities."/><designation><use><system value="http://terminology.hl7.org/CodeSystem/hl7TermMaintInfra"/><code value="preferredForLanguage"/></use><value value="Role ambiguity"/></designation></concept><concept><code value="circadian-drift"/><display value="Circadian drift"/><definition value="Misalignment of sleep-wake cycle with operational schedule."/><designation><use><system value="http://terminology.hl7.org/CodeSystem/hl7TermMaintInfra"/><code value="preferredForLanguage"/></use><value value="Circadian drift"/></designation></concept><concept><code value="communications-latency"/><display value="Communications latency"/><definition value="Long delays to ground communication reducing perceived support."/><designation><use><system value="http://terminology.hl7.org/CodeSystem/hl7TermMaintInfra"/><code value="preferredForLanguage"/></use><value value="Communications latency"/></designation></concept><concept><code value="emergency-history"/><display value="Emergency history"/><definition value="Recent anomalies or near-miss events increasing stress load."/><designation><use><system value="http://terminology.hl7.org/CodeSystem/hl7TermMaintInfra"/><code value="preferredForLanguage"/></use><value value="Emergency history"/></designation></concept><concept><code value="workload-imbalance"/><display value="Workload imbalance"/><definition value="Unequal distribution of work or perceived unfairness."/><designation><use><system value="http://terminology.hl7.org/CodeSystem/hl7TermMaintInfra"/><code value="preferredForLanguage"/></use><value value="Workload imbalance"/></designation></concept></CodeSystem>