<?xml version="1.0" encoding="UTF-8"?><CodeSystem xmlns="http://hl7.org/fhir"><id value="regulatory-compliance-cs"/><text><status value="generated"/><div xmlns="http://www.w3.org/1999/xhtml"><p class="res-header-id"><b>Generated Narrative: CodeSystem regulatory-compliance-cs</b></p><a name="regulatory-compliance-cs"> </a><a name="hcregulatory-compliance-cs"> </a><p>This case-sensitive code system <code>https://mitre.org/fhir/space-health/CodeSystem/regulatory-compliance-cs</code> defines the following codes:</p><table class="codes"><tr><td style="white-space:nowrap"><b>Code</b></td><td><b>Display</b></td><td><b>Definition</b></td></tr><tr><td style="white-space:nowrap">noaa-diving-manual<a name="regulatory-compliance-cs-noaa-diving-manual"> </a></td><td>NOAA Diving Manual</td><td>NOAA Diving Manual standards compliance</td></tr><tr><td style="white-space:nowrap">noaa-medical-standards<a name="regulatory-compliance-cs-noaa-medical-standards"> </a></td><td>NOAA Medical Standards</td><td>NOAA diving medical standards</td></tr><tr><td style="white-space:nowrap">noaa-training-standards<a name="regulatory-compliance-cs-noaa-training-standards"> </a></td><td>NOAA Training Standards</td><td>NOAA diver training standards</td></tr><tr><td style="white-space:nowrap">noaa-equipment-standards<a name="regulatory-compliance-cs-noaa-equipment-standards"> </a></td><td>NOAA Equipment Standards</td><td>NOAA diving equipment standards</td></tr><tr><td style="white-space:nowrap">osha-commercial-diving<a name="regulatory-compliance-cs-osha-commercial-diving"> </a></td><td>OSHA Commercial Diving</td><td>OSHA 29 CFR 1910 Subpart T compliance</td></tr><tr><td style="white-space:nowrap">osha-medical-requirements<a name="regulatory-compliance-cs-osha-medical-requirements"> </a></td><td>OSHA Medical Requirements</td><td>OSHA diving medical requirements</td></tr><tr><td style="white-space:nowrap">osha-safety-standards<a name="regulatory-compliance-cs-osha-safety-standards"> </a></td><td>OSHA Safety Standards</td><td>OSHA diving safety standards</td></tr><tr><td style="white-space:nowrap">aaus-scientific-diving<a name="regulatory-compliance-cs-aaus-scientific-diving"> </a></td><td>AAUS Scientific Diving</td><td>American Academy of Underwater Sciences standards</td></tr><tr><td style="white-space:nowrap">aaus-training<a name="regulatory-compliance-cs-aaus-training"> </a></td><td>AAUS Training Standards</td><td>AAUS diver training certification</td></tr><tr><td style="white-space:nowrap">aaus-medical<a name="regulatory-compliance-cs-aaus-medical"> </a></td><td>AAUS Medical Standards</td><td>AAUS medical fitness requirements</td></tr><tr><td style="white-space:nowrap">nasa-nbl-operations<a name="regulatory-compliance-cs-nasa-nbl-operations"> </a></td><td>NASA NBL Operations</td><td>NASA Neutral Buoyancy Laboratory operating procedures</td></tr><tr><td style="white-space:nowrap">nasa-dive-safety<a name="regulatory-compliance-cs-nasa-dive-safety"> </a></td><td>NASA Dive Safety</td><td>NASA diving safety standards</td></tr><tr><td style="white-space:nowrap">nasa-medical-standards<a name="regulatory-compliance-cs-nasa-medical-standards"> </a></td><td>NASA Medical Standards</td><td>NASA astronaut medical standards</td></tr><tr><td style="white-space:nowrap">nasa-training-protocols<a name="regulatory-compliance-cs-nasa-training-protocols"> </a></td><td>NASA Training Protocols</td><td>NASA astronaut training protocols</td></tr><tr><td style="white-space:nowrap">iso-diving-services<a name="regulatory-compliance-cs-iso-diving-services"> </a></td><td>ISO Diving Services</td><td>ISO 24801 diving services standards</td></tr><tr><td style="white-space:nowrap">en-diving-services<a name="regulatory-compliance-cs-en-diving-services"> </a></td><td>EN Diving Services</td><td>European diving services standards</td></tr><tr><td style="white-space:nowrap">csa-diving-operations<a name="regulatory-compliance-cs-csa-diving-operations"> </a></td><td>CSA Diving Operations</td><td>Canadian Standards Association diving</td></tr><tr><td style="white-space:nowrap">commercial-diver<a name="regulatory-compliance-cs-commercial-diver"> </a></td><td>Commercial Diver Certification</td><td>Professional commercial diving certification</td></tr><tr><td style="white-space:nowrap">scientific-diver<a name="regulatory-compliance-cs-scientific-diver"> </a></td><td>Scientific Diver Certification</td><td>Scientific diving certification</td></tr><tr><td style="white-space:nowrap">public-safety-diver<a name="regulatory-compliance-cs-public-safety-diver"> </a></td><td>Public Safety Diver</td><td>Public safety diving certification</td></tr><tr><td style="white-space:nowrap">instructor-level<a name="regulatory-compliance-cs-instructor-level"> </a></td><td>Instructor Certification</td><td>Diving instructor certification</td></tr></table></div></text><url value="https://mitre.org/fhir/space-health/CodeSystem/regulatory-compliance-cs"/><version value="0.5.6"/><name value="RegulatoryComplianceCS"/><title value="Diving and Space Medicine Regulatory Compliance"/><status value="active"/><experimental value="false"/><date value="2025-12-30T19:11:20-07:00"/><publisher value="MITRE"/><contact><name value="MITRE"/><telecom><system value="url"/><value value="https://www.mitre.org/"/></telecom></contact><description value="Regulatory standards and compliance codes for diving and space medicine"/><caseSensitive value="true"/><content value="complete"/><count value="21"/><concept><code value="noaa-diving-manual"/><display value="NOAA Diving Manual"/><definition value="NOAA Diving Manual standards compliance"/><designation><use><system value="http://terminology.hl7.org/CodeSystem/hl7TermMaintInfra"/><code value="preferredForLanguage"/></use><value value="NOAA Diving Manual"/></designation></concept><concept><code value="noaa-medical-standards"/><display value="NOAA Medical Standards"/><definition value="NOAA diving medical standards"/><designation><use><system value="http://terminology.hl7.org/CodeSystem/hl7TermMaintInfra"/><code value="preferredForLanguage"/></use><value value="NOAA Medical Standards"/></designation></concept><concept><code value="noaa-training-standards"/><display value="NOAA Training Standards"/><definition value="NOAA diver training standards"/><designation><use><system value="http://terminology.hl7.org/CodeSystem/hl7TermMaintInfra"/><code value="preferredForLanguage"/></use><value value="NOAA Training Standards"/></designation></concept><concept><code value="noaa-equipment-standards"/><display value="NOAA Equipment Standards"/><definition value="NOAA diving equipment standards"/><designation><use><system value="http://terminology.hl7.org/CodeSystem/hl7TermMaintInfra"/><code value="preferredForLanguage"/></use><value value="NOAA Equipment Standards"/></designation></concept><concept><code value="osha-commercial-diving"/><display value="OSHA Commercial Diving"/><definition value="OSHA 29 CFR 1910 Subpart T compliance"/><designation><use><system value="http://terminology.hl7.org/CodeSystem/hl7TermMaintInfra"/><code value="preferredForLanguage"/></use><value value="OSHA Commercial Diving"/></designation></concept><concept><code value="osha-medical-requirements"/><display value="OSHA Medical Requirements"/><definition value="OSHA diving medical requirements"/><designation><use><system value="http://terminology.hl7.org/CodeSystem/hl7TermMaintInfra"/><code value="preferredForLanguage"/></use><value value="OSHA Medical Requirements"/></designation></concept><concept><code value="osha-safety-standards"/><display value="OSHA Safety Standards"/><definition value="OSHA diving safety standards"/><designation><use><system value="http://terminology.hl7.org/CodeSystem/hl7TermMaintInfra"/><code value="preferredForLanguage"/></use><value value="OSHA Safety Standards"/></designation></concept><concept><code value="aaus-scientific-diving"/><display value="AAUS Scientific Diving"/><definition value="American Academy of Underwater Sciences standards"/><designation><use><system value="http://terminology.hl7.org/CodeSystem/hl7TermMaintInfra"/><code value="preferredForLanguage"/></use><value value="AAUS Scientific Diving"/></designation></concept><concept><code value="aaus-training"/><display value="AAUS Training Standards"/><definition value="AAUS diver training certification"/><designation><use><system value="http://terminology.hl7.org/CodeSystem/hl7TermMaintInfra"/><code value="preferredForLanguage"/></use><value value="AAUS Training Standards"/></designation></concept><concept><code value="aaus-medical"/><display value="AAUS Medical Standards"/><definition value="AAUS medical fitness requirements"/><designation><use><system value="http://terminology.hl7.org/CodeSystem/hl7TermMaintInfra"/><code value="preferredForLanguage"/></use><value value="AAUS Medical Standards"/></designation></concept><concept><code value="nasa-nbl-operations"/><display value="NASA NBL Operations"/><definition value="NASA Neutral Buoyancy Laboratory operating procedures"/><designation><use><system value="http://terminology.hl7.org/CodeSystem/hl7TermMaintInfra"/><code value="preferredForLanguage"/></use><value value="NASA NBL Operations"/></designation></concept><concept><code value="nasa-dive-safety"/><display value="NASA Dive Safety"/><definition value="NASA diving safety standards"/><designation><use><system value="http://terminology.hl7.org/CodeSystem/hl7TermMaintInfra"/><code value="preferredForLanguage"/></use><value value="NASA Dive Safety"/></designation></concept><concept><code value="nasa-medical-standards"/><display value="NASA Medical Standards"/><definition value="NASA astronaut medical standards"/><designation><use><system value="http://terminology.hl7.org/CodeSystem/hl7TermMaintInfra"/><code value="preferredForLanguage"/></use><value value="NASA Medical Standards"/></designation></concept><concept><code value="nasa-training-protocols"/><display value="NASA Training Protocols"/><definition value="NASA astronaut training protocols"/><designation><use><system value="http://terminology.hl7.org/CodeSystem/hl7TermMaintInfra"/><code value="preferredForLanguage"/></use><value value="NASA Training Protocols"/></designation></concept><concept><code value="iso-diving-services"/><display value="ISO Diving Services"/><definition value="ISO 24801 diving services standards"/><designation><use><system value="http://terminology.hl7.org/CodeSystem/hl7TermMaintInfra"/><code value="preferredForLanguage"/></use><value value="ISO Diving Services"/></designation></concept><concept><code value="en-diving-services"/><display value="EN Diving Services"/><definition value="European diving services standards"/><designation><use><system value="http://terminology.hl7.org/CodeSystem/hl7TermMaintInfra"/><code value="preferredForLanguage"/></use><value value="EN Diving Services"/></designation></concept><concept><code value="csa-diving-operations"/><display value="CSA Diving Operations"/><definition value="Canadian Standards Association diving"/><designation><use><system value="http://terminology.hl7.org/CodeSystem/hl7TermMaintInfra"/><code value="preferredForLanguage"/></use><value value="CSA Diving Operations"/></designation></concept><concept><code value="commercial-diver"/><display value="Commercial Diver Certification"/><definition value="Professional commercial diving certification"/><designation><use><system value="http://terminology.hl7.org/CodeSystem/hl7TermMaintInfra"/><code value="preferredForLanguage"/></use><value value="Commercial Diver Certification"/></designation></concept><concept><code value="scientific-diver"/><display value="Scientific Diver Certification"/><definition value="Scientific diving certification"/><designation><use><system value="http://terminology.hl7.org/CodeSystem/hl7TermMaintInfra"/><code value="preferredForLanguage"/></use><value value="Scientific Diver Certification"/></designation></concept><concept><code value="public-safety-diver"/><display value="Public Safety Diver"/><definition value="Public safety diving certification"/><designation><use><system value="http://terminology.hl7.org/CodeSystem/hl7TermMaintInfra"/><code value="preferredForLanguage"/></use><value value="Public Safety Diver"/></designation></concept><concept><code value="instructor-level"/><display value="Instructor Certification"/><definition value="Diving instructor certification"/><designation><use><system value="http://terminology.hl7.org/CodeSystem/hl7TermMaintInfra"/><code value="preferredForLanguage"/></use><value value="Instructor Certification"/></designation></concept></CodeSystem>