<?xml version="1.0" encoding="UTF-8"?><CodeSystem xmlns="http://hl7.org/fhir"><id value="mars-missions-cs"/><text><status value="generated"/><div xmlns="http://www.w3.org/1999/xhtml"><p class="res-header-id"><b>Generated Narrative: CodeSystem mars-missions-cs</b></p><a name="mars-missions-cs"> </a><a name="hcmars-missions-cs"> </a><p><b>Properties</b></p><p><b>This code system defines the following properties for its concepts</b></p><table class="grid"><tr><td><b>Name</b></td><td><b>Code</b></td><td><b>URI</b></td><td><b>Type</b></td><td><b>Description</b></td></tr><tr><td>missionType</td><td>missionType</td><td>http://hl7.org/fhir/uv/aerospace/CodeSystem/mars-missions-cs#missionType</td><td>code</td><td>Type of mission (robotic, human, conceptual)</td></tr><tr><td>launchDate</td><td>launchDate</td><td>http://hl7.org/fhir/uv/aerospace/CodeSystem/mars-missions-cs#launchDate</td><td>dateTime</td><td>Launch date of mission</td></tr><tr><td>status</td><td>status</td><td>http://hl7.org/fhir/uv/aerospace/CodeSystem/mars-missions-cs#status</td><td>code</td><td>Mission status (completed, active, planned)</td></tr><tr><td>landingSite</td><td>landingSite</td><td>http://hl7.org/fhir/uv/aerospace/CodeSystem/mars-missions-cs#landingSite</td><td>string</td><td>Landing site on Mars (for landers/rovers)</td></tr></table><p><b>Concepts</b></p><p>This case-sensitive code system <code>http://hl7.org/fhir/uv/aerospace/CodeSystem/mars-missions-cs</code> defines the following codes:</p><table class="codes"><tr><td style="white-space:nowrap"><b>Code</b></td><td><b>Display</b></td><td><b>Definition</b></td><td><b>missionType</b></td><td><b>launchDate</b></td><td><b>status</b></td><td><b>landingSite</b></td></tr><tr><td style="white-space:nowrap">mariner4<a name="mars-missions-cs-mariner4"> </a></td><td>Mariner 4 (1964)</td><td>First successful Mars flyby mission, returned 21 images of Mars surface</td><td>robotic</td><td>1964-11-28</td><td>completed</td><td/></tr><tr><td style="white-space:nowrap">mariner9<a name="mars-missions-cs-mariner9"> </a></td><td>Mariner 9 (1971)</td><td>First spacecraft to orbit another planet (Mars), mapped surface</td><td>robotic</td><td>1971-05-30</td><td>completed</td><td/></tr><tr><td style="white-space:nowrap">viking1<a name="mars-missions-cs-viking1"> </a></td><td>Viking 1 (1975)</td><td>First successful Mars landing (July 1976), orbiter and lander mission</td><td>robotic</td><td>1975-08-20</td><td>completed</td><td>Chryse Planitia</td></tr><tr><td style="white-space:nowrap">viking2<a name="mars-missions-cs-viking2"> </a></td><td>Viking 2 (1975)</td><td>Second successful Mars landing (September 1976), orbiter and lander mission</td><td>robotic</td><td>1975-09-09</td><td>completed</td><td>Utopia Planitia</td></tr><tr><td style="white-space:nowrap">pathfinder<a name="mars-missions-cs-pathfinder"> </a></td><td>Mars Pathfinder (1996)</td><td>Lander with Sojourner rover, demonstrated airbag landing technology</td><td>robotic</td><td>1996-12-04</td><td>completed</td><td>Ares Vallis</td></tr><tr><td style="white-space:nowrap">globalSurveyor<a name="mars-missions-cs-globalSurveyor"> </a></td><td>Mars Global Surveyor (1996)</td><td>Orbiter that mapped Mars for 10 years with high-resolution cameras</td><td>robotic</td><td>1996-11-07</td><td>completed</td><td/></tr><tr><td style="white-space:nowrap">spirit<a name="mars-missions-cs-spirit"> </a></td><td>Spirit Rover (MER-A, 2003)</td><td>Mars Exploration Rover, operated 2004-2010, studied Gusev Crater</td><td>robotic</td><td>2003-06-10</td><td>completed</td><td>Gusev Crater</td></tr><tr><td style="white-space:nowrap">opportunity<a name="mars-missions-cs-opportunity"> </a></td><td>Opportunity Rover (MER-B, 2003)</td><td>Mars Exploration Rover, operated 2004-2018, studied Meridiani Planum</td><td>robotic</td><td>2003-07-07</td><td>completed</td><td>Meridiani Planum</td></tr><tr><td style="white-space:nowrap">phoenix<a name="mars-missions-cs-phoenix"> </a></td><td>Phoenix (2007)</td><td>Polar lander, confirmed water ice in regolith in 2008</td><td>robotic</td><td>2007-08-04</td><td>completed</td><td>Green Valley (Vastitas Borealis)</td></tr><tr><td style="white-space:nowrap">curiosity<a name="mars-missions-cs-curiosity"> </a></td><td>Curiosity (MSL, 2011)</td><td>Nuclear-powered rover, landed August 2012, studying habitability in Gale Crater</td><td>robotic</td><td>2011-11-26</td><td>active</td><td>Gale Crater</td></tr><tr><td style="white-space:nowrap">perseverance<a name="mars-missions-cs-perseverance"> </a></td><td>Perseverance (Mars 2020)</td><td>Rover collecting samples for future return, includes MOXIE oxygen experiment, landed Feb 2021</td><td>robotic</td><td>2020-07-30</td><td>active</td><td>Jezero Crater</td></tr><tr><td style="white-space:nowrap">marsSampleReturn<a name="mars-missions-cs-marsSampleReturn"> </a></td><td>Mars Sample Return (planned ~2030s)</td><td>Future mission to return samples collected by Perseverance via orbiter and fetch rover</td><td>robotic</td><td/><td>planned</td><td/></tr><tr><td style="white-space:nowrap">firstCrewedMars<a name="mars-missions-cs-firstCrewedMars"> </a></td><td>First Crewed Mars Mission (planned late 2030s)</td><td>NASA Artemis-era goal to send astronauts to Mars orbit or surface</td><td>human</td><td/><td>planned</td><td/></tr></table></div></text><url value="http://hl7.org/fhir/uv/aerospace/CodeSystem/mars-missions-cs"/><version value="0.5.6"/><name value="MarsMissionsCS"/><title value="Mars Missions"/><status value="active"/><experimental value="false"/><date value="2025-12-30T19:11:20-07:00"/><publisher value="MITRE"/><contact><name value="MITRE"/><telecom><system value="url"/><value value="https://www.mitre.org/"/></telecom></contact><description value="NASA and international missions to Mars (robotic and conceptual human missions)"/><caseSensitive value="true"/><content value="complete"/><count value="13"/><property><code value="missionType"/><uri value="http://hl7.org/fhir/uv/aerospace/CodeSystem/mars-missions-cs#missionType"/><description value="Type of mission (robotic, human, conceptual)"/><type value="code"/></property><property><code value="launchDate"/><uri value="http://hl7.org/fhir/uv/aerospace/CodeSystem/mars-missions-cs#launchDate"/><description value="Launch date of mission"/><type value="dateTime"/></property><property><code value="status"/><uri value="http://hl7.org/fhir/uv/aerospace/CodeSystem/mars-missions-cs#status"/><description value="Mission status (completed, active, planned)"/><type value="code"/></property><property><code value="landingSite"/><uri value="http://hl7.org/fhir/uv/aerospace/CodeSystem/mars-missions-cs#landingSite"/><description value="Landing site on Mars (for landers/rovers)"/><type value="string"/></property><concept><code value="mariner4"/><display value="Mariner 4 (1964)"/><definition value="First successful Mars flyby mission, returned 21 images of Mars surface"/><designation><use><system value="http://terminology.hl7.org/CodeSystem/hl7TermMaintInfra"/><code value="preferredForLanguage"/></use><value value="Mariner 4 (1964)"/></designation><property><code value="missionType"/><valueCode value="robotic"/></property><property><code value="launchDate"/><valueDateTime value="1964-11-28"/></property><property><code value="status"/><valueCode value="completed"/></property></concept><concept><code value="mariner9"/><display value="Mariner 9 (1971)"/><definition value="First spacecraft to orbit another planet (Mars), mapped surface"/><designation><use><system value="http://terminology.hl7.org/CodeSystem/hl7TermMaintInfra"/><code value="preferredForLanguage"/></use><value value="Mariner 9 (1971)"/></designation><property><code value="missionType"/><valueCode value="robotic"/></property><property><code value="launchDate"/><valueDateTime value="1971-05-30"/></property><property><code value="status"/><valueCode value="completed"/></property></concept><concept><code value="viking1"/><display value="Viking 1 (1975)"/><definition value="First successful Mars landing (July 1976), orbiter and lander mission"/><designation><use><system value="http://terminology.hl7.org/CodeSystem/hl7TermMaintInfra"/><code value="preferredForLanguage"/></use><value value="Viking 1 (1975)"/></designation><property><code value="missionType"/><valueCode value="robotic"/></property><property><code value="launchDate"/><valueDateTime value="1975-08-20"/></property><property><code value="status"/><valueCode value="completed"/></property><property><code value="landingSite"/><valueString value="Chryse Planitia"/></property></concept><concept><code value="viking2"/><display value="Viking 2 (1975)"/><definition value="Second successful Mars landing (September 1976), orbiter and lander mission"/><designation><use><system value="http://terminology.hl7.org/CodeSystem/hl7TermMaintInfra"/><code value="preferredForLanguage"/></use><value value="Viking 2 (1975)"/></designation><property><code value="missionType"/><valueCode value="robotic"/></property><property><code value="launchDate"/><valueDateTime value="1975-09-09"/></property><property><code value="status"/><valueCode value="completed"/></property><property><code value="landingSite"/><valueString value="Utopia Planitia"/></property></concept><concept><code value="pathfinder"/><display value="Mars Pathfinder (1996)"/><definition value="Lander with Sojourner rover, demonstrated airbag landing technology"/><designation><use><system value="http://terminology.hl7.org/CodeSystem/hl7TermMaintInfra"/><code value="preferredForLanguage"/></use><value value="Mars Pathfinder (1996)"/></designation><property><code value="missionType"/><valueCode value="robotic"/></property><property><code value="launchDate"/><valueDateTime value="1996-12-04"/></property><property><code value="status"/><valueCode value="completed"/></property><property><code value="landingSite"/><valueString value="Ares Vallis"/></property></concept><concept><code value="globalSurveyor"/><display value="Mars Global Surveyor (1996)"/><definition value="Orbiter that mapped Mars for 10 years with high-resolution cameras"/><designation><use><system value="http://terminology.hl7.org/CodeSystem/hl7TermMaintInfra"/><code value="preferredForLanguage"/></use><value value="Mars Global Surveyor (1996)"/></designation><property><code value="missionType"/><valueCode value="robotic"/></property><property><code value="launchDate"/><valueDateTime value="1996-11-07"/></property><property><code value="status"/><valueCode value="completed"/></property></concept><concept><code value="spirit"/><display value="Spirit Rover (MER-A, 2003)"/><definition value="Mars Exploration Rover, operated 2004-2010, studied Gusev Crater"/><designation><use><system value="http://terminology.hl7.org/CodeSystem/hl7TermMaintInfra"/><code value="preferredForLanguage"/></use><value value="Spirit Rover (MER-A, 2003)"/></designation><property><code value="missionType"/><valueCode value="robotic"/></property><property><code value="launchDate"/><valueDateTime value="2003-06-10"/></property><property><code value="status"/><valueCode value="completed"/></property><property><code value="landingSite"/><valueString value="Gusev Crater"/></property></concept><concept><code value="opportunity"/><display value="Opportunity Rover (MER-B, 2003)"/><definition value="Mars Exploration Rover, operated 2004-2018, studied Meridiani Planum"/><designation><use><system value="http://terminology.hl7.org/CodeSystem/hl7TermMaintInfra"/><code value="preferredForLanguage"/></use><value value="Opportunity Rover (MER-B, 2003)"/></designation><property><code value="missionType"/><valueCode value="robotic"/></property><property><code value="launchDate"/><valueDateTime value="2003-07-07"/></property><property><code value="status"/><valueCode value="completed"/></property><property><code value="landingSite"/><valueString value="Meridiani Planum"/></property></concept><concept><code value="phoenix"/><display value="Phoenix (2007)"/><definition value="Polar lander, confirmed water ice in regolith in 2008"/><designation><use><system value="http://terminology.hl7.org/CodeSystem/hl7TermMaintInfra"/><code value="preferredForLanguage"/></use><value value="Phoenix (2007)"/></designation><property><code value="missionType"/><valueCode value="robotic"/></property><property><code value="launchDate"/><valueDateTime value="2007-08-04"/></property><property><code value="status"/><valueCode value="completed"/></property><property><code value="landingSite"/><valueString value="Green Valley (Vastitas Borealis)"/></property></concept><concept><code value="curiosity"/><display value="Curiosity (MSL, 2011)"/><definition value="Nuclear-powered rover, landed August 2012, studying habitability in Gale Crater"/><designation><use><system value="http://terminology.hl7.org/CodeSystem/hl7TermMaintInfra"/><code value="preferredForLanguage"/></use><value value="Curiosity (MSL, 2011)"/></designation><property><code value="missionType"/><valueCode value="robotic"/></property><property><code value="launchDate"/><valueDateTime value="2011-11-26"/></property><property><code value="status"/><valueCode value="active"/></property><property><code value="landingSite"/><valueString value="Gale Crater"/></property></concept><concept><code value="perseverance"/><display value="Perseverance (Mars 2020)"/><definition value="Rover collecting samples for future return, includes MOXIE oxygen experiment, landed Feb 2021"/><designation><use><system value="http://terminology.hl7.org/CodeSystem/hl7TermMaintInfra"/><code value="preferredForLanguage"/></use><value value="Perseverance (Mars 2020)"/></designation><property><code value="missionType"/><valueCode value="robotic"/></property><property><code value="launchDate"/><valueDateTime value="2020-07-30"/></property><property><code value="status"/><valueCode value="active"/></property><property><code value="landingSite"/><valueString value="Jezero Crater"/></property></concept><concept><code value="marsSampleReturn"/><display value="Mars Sample Return (planned ~2030s)"/><definition value="Future mission to return samples collected by Perseverance via orbiter and fetch rover"/><designation><use><system value="http://terminology.hl7.org/CodeSystem/hl7TermMaintInfra"/><code value="preferredForLanguage"/></use><value value="Mars Sample Return (planned ~2030s)"/></designation><property><code value="missionType"/><valueCode value="robotic"/></property><property><code value="status"/><valueCode value="planned"/></property></concept><concept><code value="firstCrewedMars"/><display value="First Crewed Mars Mission (planned late 2030s)"/><definition value="NASA Artemis-era goal to send astronauts to Mars orbit or surface"/><designation><use><system value="http://terminology.hl7.org/CodeSystem/hl7TermMaintInfra"/><code value="preferredForLanguage"/></use><value value="First Crewed Mars Mission (planned late 2030s)"/></designation><property><code value="missionType"/><valueCode value="human"/></property><property><code value="status"/><valueCode value="planned"/></property></concept></CodeSystem>