<?xml version="1.0" encoding="UTF-8"?><CodeSystem xmlns="http://hl7.org/fhir"><id value="operational-status-cs"/><text><status value="generated"/><div xmlns="http://www.w3.org/1999/xhtml"><p class="res-header-id"><b>Generated Narrative: CodeSystem operational-status-cs</b></p><a name="operational-status-cs"> </a><a name="hcoperational-status-cs"> </a><p>This case-sensitive code system <code>http://hl7.org/fhir/uv/aerospace/CodeSystem/operational-status-cs</code> defines the following codes:</p><table class="codes"><tr><td style="white-space:nowrap"><b>Code</b></td><td><b>Display</b></td><td><b>Definition</b></td></tr><tr><td style="white-space:nowrap">active<a name="operational-status-cs-active"> </a></td><td>Active and operational</td><td>The facility or vehicle is currently active and operational</td></tr><tr><td style="white-space:nowrap">maintenance<a name="operational-status-cs-maintenance"> </a></td><td>Under maintenance</td><td>The facility or vehicle is temporarily offline for maintenance</td></tr><tr><td style="white-space:nowrap">standby<a name="operational-status-cs-standby"> </a></td><td>Standby/ready state</td><td>The facility or vehicle is in standby mode, ready for activation</td></tr><tr><td style="white-space:nowrap">inactive<a name="operational-status-cs-inactive"> </a></td><td>Inactive/offline</td><td>The facility or vehicle is inactive or offline</td></tr><tr><td style="white-space:nowrap">decommissioned<a name="operational-status-cs-decommissioned"> </a></td><td>Permanently decommissioned</td><td>The facility or vehicle has been permanently decommissioned</td></tr><tr><td style="white-space:nowrap">construction<a name="operational-status-cs-construction"> </a></td><td>Under construction</td><td>The facility or vehicle is currently under construction</td></tr><tr><td style="white-space:nowrap">planning<a name="operational-status-cs-planning"> </a></td><td>In planning phase</td><td>The facility or vehicle is in the planning phase</td></tr></table></div></text><url value="http://hl7.org/fhir/uv/aerospace/CodeSystem/operational-status-cs"/><version value="0.5.4"/><name value="OperationalStatusCS"/><title value="Operational Status Code System"/><status value="active"/><experimental value="false"/><date value="2025-12-29T23:18:22-07:00"/><publisher value="MITRE"/><contact><name value="MITRE"/><telecom><system value="url"/><value value="https://www.mitre.org/"/></telecom></contact><description value="Operational status codes for facilities and vehicles"/><caseSensitive value="true"/><content value="complete"/><count value="7"/><concept><code value="active"/><display value="Active and operational"/><definition value="The facility or vehicle is currently active and operational"/><designation><use><system value="http://terminology.hl7.org/CodeSystem/hl7TermMaintInfra"/><code value="preferredForLanguage"/></use><value value="Active and operational"/></designation></concept><concept><code value="maintenance"/><display value="Under maintenance"/><definition value="The facility or vehicle is temporarily offline for maintenance"/><designation><use><system value="http://terminology.hl7.org/CodeSystem/hl7TermMaintInfra"/><code value="preferredForLanguage"/></use><value value="Under maintenance"/></designation></concept><concept><code value="standby"/><display value="Standby/ready state"/><definition value="The facility or vehicle is in standby mode, ready for activation"/><designation><use><system value="http://terminology.hl7.org/CodeSystem/hl7TermMaintInfra"/><code value="preferredForLanguage"/></use><value value="Standby/ready state"/></designation></concept><concept><code value="inactive"/><display value="Inactive/offline"/><definition value="The facility or vehicle is inactive or offline"/><designation><use><system value="http://terminology.hl7.org/CodeSystem/hl7TermMaintInfra"/><code value="preferredForLanguage"/></use><value value="Inactive/offline"/></designation></concept><concept><code value="decommissioned"/><display value="Permanently decommissioned"/><definition value="The facility or vehicle has been permanently decommissioned"/><designation><use><system value="http://terminology.hl7.org/CodeSystem/hl7TermMaintInfra"/><code value="preferredForLanguage"/></use><value value="Permanently decommissioned"/></designation></concept><concept><code value="construction"/><display value="Under construction"/><definition value="The facility or vehicle is currently under construction"/><designation><use><system value="http://terminology.hl7.org/CodeSystem/hl7TermMaintInfra"/><code value="preferredForLanguage"/></use><value value="Under construction"/></designation></concept><concept><code value="planning"/><display value="In planning phase"/><definition value="The facility or vehicle is in the planning phase"/><designation><use><system value="http://terminology.hl7.org/CodeSystem/hl7TermMaintInfra"/><code value="preferredForLanguage"/></use><value value="In planning phase"/></designation></concept></CodeSystem>