<?xml version="1.0" encoding="UTF-8"?><CodeSystem xmlns="http://hl7.org/fhir"><id value="space-treatment-procedures-cs"/><text><status value="generated"/><div xmlns="http://www.w3.org/1999/xhtml"><p class="res-header-id"><b>Generated Narrative: CodeSystem space-treatment-procedures-cs</b></p><a name="space-treatment-procedures-cs"> </a><a name="hcspace-treatment-procedures-cs"> </a><a name="space-treatment-procedures-cs-en-US"> </a><p>This case-sensitive code system <code>https://mitre.org/fhir/space-health/CodeSystem/space-treatment-procedures-cs</code> defines the following codes:</p><table class="codes"><tr><td style="white-space:nowrap"><b>Code</b></td><td><b>Display</b></td><td><b>Definition</b></td></tr><tr><td style="white-space:nowrap">in-flight-medical-care<a name="space-treatment-procedures-cs-in-flight-medical-care"> </a></td><td>In-flight Medical Care</td><td>Medical care provided during spaceflight</td></tr><tr><td style="white-space:nowrap">space-surgery<a name="space-treatment-procedures-cs-space-surgery"> </a></td><td>Space Surgery</td><td>Surgical procedures adapted for the microgravity environment</td></tr><tr><td style="white-space:nowrap">space-anesthesia<a name="space-treatment-procedures-cs-space-anesthesia"> </a></td><td>Space Anesthesia</td><td>Administration of anesthesia in the microgravity environment</td></tr><tr><td style="white-space:nowrap">fluid-resuscitation-microgravity<a name="space-treatment-procedures-cs-fluid-resuscitation-microgravity"> </a></td><td>Fluid Resuscitation in Microgravity</td><td>Administration of intravenous fluids in microgravity conditions</td></tr><tr><td style="white-space:nowrap">countermeasure-exercise<a name="space-treatment-procedures-cs-countermeasure-exercise"> </a></td><td>Countermeasure Exercise</td><td>Prescribed exercise to prevent physiological deconditioning during spaceflight</td></tr><tr><td style="white-space:nowrap">artificial-gravity-therapy<a name="space-treatment-procedures-cs-artificial-gravity-therapy"> </a></td><td>Artificial Gravity Therapy</td><td>Use of artificial gravity to prevent physiological deconditioning</td></tr><tr><td style="white-space:nowrap">pharmaceutical-stability-space<a name="space-treatment-procedures-cs-pharmaceutical-stability-space"> </a></td><td>Pharmaceutical Stability in Space</td><td>Assessment and maintenance of medication stability in the space environment</td></tr><tr><td style="white-space:nowrap">radiation-protection-procedures<a name="space-treatment-procedures-cs-radiation-protection-procedures"> </a></td><td>Radiation Protection Procedures</td><td>Methods to protect astronauts from space radiation</td></tr><tr><td style="white-space:nowrap">LBNP-therapy<a name="space-treatment-procedures-cs-LBNP-therapy"> </a></td><td>Lower Body Negative Pressure Therapy</td><td>Use of lower body negative pressure to prevent cardiovascular deconditioning</td></tr><tr><td style="white-space:nowrap">space-rehabilitation<a name="space-treatment-procedures-cs-space-rehabilitation"> </a></td><td>Space Rehabilitation</td><td>Rehabilitation techniques used during spaceflight to prevent or treat physiological deconditioning</td></tr><tr><td style="white-space:nowrap">EVA-medical-contingency<a name="space-treatment-procedures-cs-EVA-medical-contingency"> </a></td><td>EVA Medical Contingency Management</td><td>Management of medical emergencies during extravehicular activities</td></tr><tr><td style="white-space:nowrap">hyperbaric-oxygen-therapy-space<a name="space-treatment-procedures-cs-hyperbaric-oxygen-therapy-space"> </a></td><td>Hyperbaric Oxygen Therapy in Space</td><td>Administration of hyperbaric oxygen therapy in the space environment</td></tr><tr><td style="white-space:nowrap">microgravity-trauma-management<a name="space-treatment-procedures-cs-microgravity-trauma-management"> </a></td><td>Microgravity Trauma Management</td><td>Management of traumatic injuries in the microgravity environment</td></tr></table></div></text><url value="https://mitre.org/fhir/space-health/CodeSystem/space-treatment-procedures-cs"/><version value="0.4.0"/><name value="SpaceTreatmentProceduresCodeSystem"/><title value="Space Treatment Procedures"/><status value="draft"/><experimental value="true"/><date value="2025-05-21T00:44:32-05:00"/><publisher value="MITRE"/><contact><name value="MITRE"/><telecom><system value="url"/><value value="https://www.mitre.org/"/></telecom></contact><description value="CodeSystem for space treatment procedures not found in SNOMED CT"/><caseSensitive value="true"/><content value="complete"/><count value="13"/><concept><code value="in-flight-medical-care"/><display value="In-flight Medical Care"/><definition value="Medical care provided during spaceflight"/></concept><concept><code value="space-surgery"/><display value="Space Surgery"/><definition value="Surgical procedures adapted for the microgravity environment"/></concept><concept><code value="space-anesthesia"/><display value="Space Anesthesia"/><definition value="Administration of anesthesia in the microgravity environment"/></concept><concept><code value="fluid-resuscitation-microgravity"/><display value="Fluid Resuscitation in Microgravity"/><definition value="Administration of intravenous fluids in microgravity conditions"/></concept><concept><code value="countermeasure-exercise"/><display value="Countermeasure Exercise"/><definition value="Prescribed exercise to prevent physiological deconditioning during spaceflight"/></concept><concept><code value="artificial-gravity-therapy"/><display value="Artificial Gravity Therapy"/><definition value="Use of artificial gravity to prevent physiological deconditioning"/></concept><concept><code value="pharmaceutical-stability-space"/><display value="Pharmaceutical Stability in Space"/><definition value="Assessment and maintenance of medication stability in the space environment"/></concept><concept><code value="radiation-protection-procedures"/><display value="Radiation Protection Procedures"/><definition value="Methods to protect astronauts from space radiation"/></concept><concept><code value="LBNP-therapy"/><display value="Lower Body Negative Pressure Therapy"/><definition value="Use of lower body negative pressure to prevent cardiovascular deconditioning"/></concept><concept><code value="space-rehabilitation"/><display value="Space Rehabilitation"/><definition value="Rehabilitation techniques used during spaceflight to prevent or treat physiological deconditioning"/></concept><concept><code value="EVA-medical-contingency"/><display value="EVA Medical Contingency Management"/><definition value="Management of medical emergencies during extravehicular activities"/></concept><concept><code value="hyperbaric-oxygen-therapy-space"/><display value="Hyperbaric Oxygen Therapy in Space"/><definition value="Administration of hyperbaric oxygen therapy in the space environment"/></concept><concept><code value="microgravity-trauma-management"/><display value="Microgravity Trauma Management"/><definition value="Management of traumatic injuries in the microgravity environment"/></concept></CodeSystem>