<?xml version="1.0" encoding="UTF-8"?><CodeSystem xmlns="http://hl7.org/fhir"><id value="mars-devices-prototype-cs"/><text><status value="generated"/><div xmlns="http://www.w3.org/1999/xhtml"><p class="res-header-id"><b>Generated Narrative: CodeSystem mars-devices-prototype-cs</b></p><a name="mars-devices-prototype-cs"> </a><a name="hcmars-devices-prototype-cs"> </a><p><b>Properties</b></p><p><b>This code system defines the following properties for its concepts</b></p><table class="grid"><tr><td><b>Name</b></td><td><b>Code</b></td><td><b>URI</b></td><td><b>Type</b></td><td><b>Description</b></td></tr><tr><td>deviceType</td><td>deviceType</td><td>http://hl7.org/fhir/uv/aerospace/CodeSystem/mars-devices-prototype-cs#deviceType</td><td>code</td><td>Device category</td></tr><tr><td>testEnvironment</td><td>testEnvironment</td><td>http://hl7.org/fhir/uv/aerospace/CodeSystem/mars-devices-prototype-cs#testEnvironment</td><td>code</td><td>Primary test environment</td></tr></table><p><b>Concepts</b></p><p>This case-sensitive code system <code>http://hl7.org/fhir/uv/aerospace/CodeSystem/mars-devices-prototype-cs</code> defines the following codes:</p><table class="codes"><tr><td style="white-space:nowrap"><b>Code</b></td><td><b>Display</b></td><td><b>Definition</b></td><td><b>deviceType</b></td><td><b>testEnvironment</b></td></tr><tr><td style="white-space:nowrap">starship<a name="mars-devices-prototype-cs-starship"> </a></td><td>SpaceX Starship</td><td>Fully reusable rocket/lander for Mars (prototype stage, orbital tests ongoing 2020s)</td><td>spacecraft</td><td>orbital-test</td></tr><tr><td style="white-space:nowrap">marsHabitat<a name="mars-devices-prototype-cs-marsHabitat"> </a></td><td>Mars Surface Habitat Module</td><td>Pressurized living quarters for Mars surface (NASA DRA 5.0 concept, no full prototype yet)</td><td>habitat</td><td>analog-mission</td></tr><tr><td style="white-space:nowrap">xemuMarsSuit<a name="mars-devices-prototype-cs-xemuMarsSuit"> </a></td><td>xEMU Mars Suit</td><td>Next-generation planetary EVA suit under development for lunar and Mars surface EVAs</td><td>suit</td><td>ground</td></tr><tr><td style="white-space:nowrap">isruPlant<a name="mars-devices-prototype-cs-isruPlant"> </a></td><td>Mars ISRU Propellant Plant</td><td>Scaled-up MOXIE + Sabatier system to produce CH4/O2 on Mars (tested at prototype level, MOXIE on Perseverance for O2)</td><td>isru-system</td><td>mars-surface</td></tr><tr><td style="white-space:nowrap">kilopower<a name="mars-devices-prototype-cs-kilopower"> </a></td><td>Kilopower Fission Reactor</td><td>10 kW nuclear fission surface power unit (prototyped on Earth 2018, KRUSTY demo, for future Mars use)</td><td>power-generation</td><td>ground</td></tr><tr><td style="white-space:nowrap">pressurizedRover<a name="mars-devices-prototype-cs-pressurizedRover"> </a></td><td>Pressurized Mars Rover</td><td>Concept vehicle for long-range crew excursions (prototypes like NASA SEV exist but not Mars-certified)</td><td>rover</td><td>ground</td></tr><tr><td style="white-space:nowrap">autonomousSurgicalUnit<a name="mars-devices-prototype-cs-autonomousSurgicalUnit"> </a></td><td>Autonomous Surgical Unit</td><td>Concept medical device for Mars (lightweight operating table, robotic assist tools, TRL&lt;6 prototype)</td><td>medical-equipment</td><td>ground</td></tr></table></div></text><url value="http://hl7.org/fhir/uv/aerospace/CodeSystem/mars-devices-prototype-cs"/><version value="0.5.3"/><name value="MarsPrototypeDevicesCS"/><title value="Mars Mission Devices - Prototype"/><status value="active"/><experimental value="false"/><date value="2025-12-29T22:23:37-07:00"/><publisher value="MITRE"/><contact><name value="MITRE"/><telecom><system value="url"/><value value="https://www.mitre.org/"/></telecom></contact><description value="Developmental or conceptual hardware for Mars missions (prototypes, test articles, planned systems)"/><caseSensitive value="true"/><content value="complete"/><count value="7"/><property><code value="deviceType"/><uri value="http://hl7.org/fhir/uv/aerospace/CodeSystem/mars-devices-prototype-cs#deviceType"/><description value="Device category"/><type value="code"/></property><property><code value="testEnvironment"/><uri value="http://hl7.org/fhir/uv/aerospace/CodeSystem/mars-devices-prototype-cs#testEnvironment"/><description value="Primary test environment"/><type value="code"/></property><concept><code value="starship"/><display value="SpaceX Starship"/><definition value="Fully reusable rocket/lander for Mars (prototype stage, orbital tests ongoing 2020s)"/><designation><use><system value="http://terminology.hl7.org/CodeSystem/hl7TermMaintInfra"/><code value="preferredForLanguage"/></use><value value="SpaceX Starship"/></designation><designation><use><system value="http://terminology.hl7.org/CodeSystem/hl7TermMaintInfra"/><code value="preferredForLanguage"/></use><value value="SpaceX Starship"/></designation><property><code value="deviceType"/><valueCode value="spacecraft"/></property><property><code value="testEnvironment"/><valueCode value="orbital-test"/></property></concept><concept><code value="marsHabitat"/><display value="Mars Surface Habitat Module"/><definition value="Pressurized living quarters for Mars surface (NASA DRA 5.0 concept, no full prototype yet)"/><designation><use><system value="http://terminology.hl7.org/CodeSystem/hl7TermMaintInfra"/><code value="preferredForLanguage"/></use><value value="Mars Surface Habitat Module"/></designation><designation><use><system value="http://terminology.hl7.org/CodeSystem/hl7TermMaintInfra"/><code value="preferredForLanguage"/></use><value value="Mars Surface Habitat Module"/></designation><property><code value="deviceType"/><valueCode value="habitat"/></property><property><code value="testEnvironment"/><valueCode value="analog-mission"/></property></concept><concept><code value="xemuMarsSuit"/><display value="xEMU Mars Suit"/><definition value="Next-generation planetary EVA suit under development for lunar and Mars surface EVAs"/><designation><use><system value="http://terminology.hl7.org/CodeSystem/hl7TermMaintInfra"/><code value="preferredForLanguage"/></use><value value="xEMU Mars Suit"/></designation><designation><use><system value="http://terminology.hl7.org/CodeSystem/hl7TermMaintInfra"/><code value="preferredForLanguage"/></use><value value="xEMU Mars Suit"/></designation><property><code value="deviceType"/><valueCode value="suit"/></property><property><code value="testEnvironment"/><valueCode value="ground"/></property></concept><concept><code value="isruPlant"/><display value="Mars ISRU Propellant Plant"/><definition value="Scaled-up MOXIE + Sabatier system to produce CH4/O2 on Mars (tested at prototype level, MOXIE on Perseverance for O2)"/><designation><use><system value="http://terminology.hl7.org/CodeSystem/hl7TermMaintInfra"/><code value="preferredForLanguage"/></use><value value="Mars ISRU Propellant Plant"/></designation><designation><use><system value="http://terminology.hl7.org/CodeSystem/hl7TermMaintInfra"/><code value="preferredForLanguage"/></use><value value="Mars ISRU Propellant Plant"/></designation><property><code value="deviceType"/><valueCode value="isru-system"/></property><property><code value="testEnvironment"/><valueCode value="mars-surface"/></property></concept><concept><code value="kilopower"/><display value="Kilopower Fission Reactor"/><definition value="10 kW nuclear fission surface power unit (prototyped on Earth 2018, KRUSTY demo, for future Mars use)"/><designation><use><system value="http://terminology.hl7.org/CodeSystem/hl7TermMaintInfra"/><code value="preferredForLanguage"/></use><value value="Kilopower Fission Reactor"/></designation><designation><use><system value="http://terminology.hl7.org/CodeSystem/hl7TermMaintInfra"/><code value="preferredForLanguage"/></use><value value="Kilopower Fission Reactor"/></designation><property><code value="deviceType"/><valueCode value="power-generation"/></property><property><code value="testEnvironment"/><valueCode value="ground"/></property></concept><concept><code value="pressurizedRover"/><display value="Pressurized Mars Rover"/><definition value="Concept vehicle for long-range crew excursions (prototypes like NASA SEV exist but not Mars-certified)"/><designation><use><system value="http://terminology.hl7.org/CodeSystem/hl7TermMaintInfra"/><code value="preferredForLanguage"/></use><value value="Pressurized Mars Rover"/></designation><designation><use><system value="http://terminology.hl7.org/CodeSystem/hl7TermMaintInfra"/><code value="preferredForLanguage"/></use><value value="Pressurized Mars Rover"/></designation><property><code value="deviceType"/><valueCode value="rover"/></property><property><code value="testEnvironment"/><valueCode value="ground"/></property></concept><concept><code value="autonomousSurgicalUnit"/><display value="Autonomous Surgical Unit"/><definition value="Concept medical device for Mars (lightweight operating table, robotic assist tools, TRL&lt;6 prototype)"/><designation><use><system value="http://terminology.hl7.org/CodeSystem/hl7TermMaintInfra"/><code value="preferredForLanguage"/></use><value value="Autonomous Surgical Unit"/></designation><designation><use><system value="http://terminology.hl7.org/CodeSystem/hl7TermMaintInfra"/><code value="preferredForLanguage"/></use><value value="Autonomous Surgical Unit"/></designation><property><code value="deviceType"/><valueCode value="medical-equipment"/></property><property><code value="testEnvironment"/><valueCode value="ground"/></property></concept></CodeSystem>