<?xml version="1.0" encoding="UTF-8"?><CodeSystem xmlns="http://hl7.org/fhir"><id value="space-exercise-modality-cs"/><text><status value="generated"/><div xmlns="http://www.w3.org/1999/xhtml"><p class="res-header-id"><b>Generated Narrative: CodeSystem space-exercise-modality-cs</b></p><a name="space-exercise-modality-cs"> </a><a name="hcspace-exercise-modality-cs"> </a><p>This case-sensitive code system <code>http://hl7.org/fhir/uv/aerospace/CodeSystem/space-exercise-modality-cs</code> defines the following codes:</p><table class="codes"><tr><td style="white-space:nowrap"><b>Code</b></td><td><b>Display</b></td><td><b>Definition</b></td></tr><tr><td style="white-space:nowrap">treadmill<a name="space-exercise-modality-cs-treadmill"> </a></td><td>Treadmill running in microgravity</td><td>Running or walking on a vibration-isolated treadmill with harness-based body-weight simulation.</td></tr><tr><td style="white-space:nowrap">cycle-ergometer<a name="space-exercise-modality-cs-cycle-ergometer"> </a></td><td>Cycle ergometer (CEVIS or equivalent)</td><td>Seated or supine cycling on a vibration-isolated ergometer with adjustable resistance.</td></tr><tr><td style="white-space:nowrap">ared-resistive<a name="space-exercise-modality-cs-ared-resistive"> </a></td><td>ARED resistive exercise</td><td>Heavy-load resistive exercise using a flywheel or vacuum-based Advanced Resistive Exercise Device.</td></tr><tr><td style="white-space:nowrap">resistive-squat<a name="space-exercise-modality-cs-resistive-squat"> </a></td><td>Resistive squats</td><td>Squat movements using ARED or equivalent resistive hardware.</td></tr><tr><td style="white-space:nowrap">resistive-deadlift<a name="space-exercise-modality-cs-resistive-deadlift"> </a></td><td>Resistive deadlifts</td><td>Deadlift movements using ARED or equivalent resistive hardware.</td></tr><tr><td style="white-space:nowrap">resistive-calfraise<a name="space-exercise-modality-cs-resistive-calfraise"> </a></td><td>Resistive calf raises</td><td>Calf-raise movements using ARED or equivalent resistive hardware.</td></tr><tr><td style="white-space:nowrap">ag-centrifuge<a name="space-exercise-modality-cs-ag-centrifuge"> </a></td><td>Artificial gravity centrifuge exercise</td><td>Exercise performed in a short-radius or long-radius centrifuge providing partial or full gravity.</td></tr><tr><td style="white-space:nowrap">elastic-band<a name="space-exercise-modality-cs-elastic-band"> </a></td><td>Elastic band exercise</td><td>Portable elastic-band or bungee-based resistive training.</td></tr><tr><td style="white-space:nowrap">body-weight-sim<a name="space-exercise-modality-cs-body-weight-sim"> </a></td><td>Body-weight simulation harness</td><td>Exercise performed with harness-based body-weight simulation, typically on a treadmill.</td></tr></table></div></text><url value="http://hl7.org/fhir/uv/aerospace/CodeSystem/space-exercise-modality-cs"/><version value="0.5.2"/><name value="SpaceExerciseModalityCS"/><title value="Space Exercise Modality Code System"/><status value="active"/><experimental value="false"/><date value="2025-12-29T20:17:52-07:00"/><publisher value="MITRE"/><contact><name value="MITRE"/><telecom><system value="url"/><value value="https://www.mitre.org/"/></telecom></contact><description value="Spaceflight-specific exercise modalities used in microgravity and partial gravity environments (e.g., ISS treadmill, ARED resistive training, artificial gravity)."/><caseSensitive value="true"/><content value="complete"/><count value="9"/><concept><code value="treadmill"/><display value="Treadmill running in microgravity"/><definition value="Running or walking on a vibration-isolated treadmill with harness-based body-weight simulation."/><designation><use><system value="http://terminology.hl7.org/CodeSystem/hl7TermMaintInfra"/><code value="preferredForLanguage"/></use><value value="Treadmill running in microgravity"/></designation></concept><concept><code value="cycle-ergometer"/><display value="Cycle ergometer (CEVIS or equivalent)"/><definition value="Seated or supine cycling on a vibration-isolated ergometer with adjustable resistance."/><designation><use><system value="http://terminology.hl7.org/CodeSystem/hl7TermMaintInfra"/><code value="preferredForLanguage"/></use><value value="Cycle ergometer (CEVIS or equivalent)"/></designation></concept><concept><code value="ared-resistive"/><display value="ARED resistive exercise"/><definition value="Heavy-load resistive exercise using a flywheel or vacuum-based Advanced Resistive Exercise Device."/><designation><use><system value="http://terminology.hl7.org/CodeSystem/hl7TermMaintInfra"/><code value="preferredForLanguage"/></use><value value="ARED resistive exercise"/></designation></concept><concept><code value="resistive-squat"/><display value="Resistive squats"/><definition value="Squat movements using ARED or equivalent resistive hardware."/><designation><use><system value="http://terminology.hl7.org/CodeSystem/hl7TermMaintInfra"/><code value="preferredForLanguage"/></use><value value="Resistive squats"/></designation></concept><concept><code value="resistive-deadlift"/><display value="Resistive deadlifts"/><definition value="Deadlift movements using ARED or equivalent resistive hardware."/><designation><use><system value="http://terminology.hl7.org/CodeSystem/hl7TermMaintInfra"/><code value="preferredForLanguage"/></use><value value="Resistive deadlifts"/></designation></concept><concept><code value="resistive-calfraise"/><display value="Resistive calf raises"/><definition value="Calf-raise movements using ARED or equivalent resistive hardware."/><designation><use><system value="http://terminology.hl7.org/CodeSystem/hl7TermMaintInfra"/><code value="preferredForLanguage"/></use><value value="Resistive calf raises"/></designation></concept><concept><code value="ag-centrifuge"/><display value="Artificial gravity centrifuge exercise"/><definition value="Exercise performed in a short-radius or long-radius centrifuge providing partial or full gravity."/><designation><use><system value="http://terminology.hl7.org/CodeSystem/hl7TermMaintInfra"/><code value="preferredForLanguage"/></use><value value="Artificial gravity centrifuge exercise"/></designation></concept><concept><code value="elastic-band"/><display value="Elastic band exercise"/><definition value="Portable elastic-band or bungee-based resistive training."/><designation><use><system value="http://terminology.hl7.org/CodeSystem/hl7TermMaintInfra"/><code value="preferredForLanguage"/></use><value value="Elastic band exercise"/></designation></concept><concept><code value="body-weight-sim"/><display value="Body-weight simulation harness"/><definition value="Exercise performed with harness-based body-weight simulation, typically on a treadmill."/><designation><use><system value="http://terminology.hl7.org/CodeSystem/hl7TermMaintInfra"/><code value="preferredForLanguage"/></use><value value="Body-weight simulation harness"/></designation></concept></CodeSystem>