<?xml version="1.0" encoding="UTF-8"?><CodeSystem xmlns="http://hl7.org/fhir"><id value="artemis-certified-devices-cs"/><text><status value="generated"/><div xmlns="http://www.w3.org/1999/xhtml"><p class="res-header-id"><b>Generated Narrative: CodeSystem artemis-certified-devices-cs</b></p><a name="artemis-certified-devices-cs"> </a><a name="hcartemis-certified-devices-cs"> </a><p><b>Properties</b></p><p><b>This code system defines the following properties for its concepts</b></p><table class="grid"><tr><td><b>Name</b></td><td><b>Code</b></td><td><b>URI</b></td><td><b>Type</b></td><td><b>Description</b></td></tr><tr><td>deviceType</td><td>deviceType</td><td>http://hl7.org/fhir/uv/aerospace/CodeSystem/artemis-certified-devices-cs#deviceType</td><td>code</td><td>Device category (spacecraft, suit, vehicle, habitat, equipment)</td></tr><tr><td>manufacturer</td><td>manufacturer</td><td>http://hl7.org/fhir/uv/aerospace/CodeSystem/artemis-certified-devices-cs#manufacturer</td><td>string</td><td>Device manufacturer/contractor</td></tr></table><p><b>Concepts</b></p><p>This case-sensitive code system <code>http://hl7.org/fhir/uv/aerospace/CodeSystem/artemis-certified-devices-cs</code> defines the following codes:</p><table class="codes"><tr><td style="white-space:nowrap"><b>Code</b></td><td><b>Display</b></td><td><b>Definition</b></td><td><b>deviceType</b></td><td><b>manufacturer</b></td></tr><tr><td style="white-space:nowrap">orion<a name="artemis-certified-devices-cs-orion"> </a></td><td>Orion Crew Vehicle</td><td>Orion Crew Module and Service Module (CM/SM) - spacecraft carrying crew to lunar orbit. Manufacturer: Lockheed Martin/NASA.</td><td>spacecraft</td><td>Lockheed Martin / NASA</td></tr><tr><td style="white-space:nowrap">sls<a name="artemis-certified-devices-cs-sls"> </a></td><td>Space Launch System</td><td>Space Launch System rocket - heavy-lift launch vehicle for Artemis missions. Manufacturer: Boeing/NASA.</td><td>launch-vehicle</td><td>Boeing / NASA</td></tr><tr><td style="white-space:nowrap">xemu-suit<a name="artemis-certified-devices-cs-xemu-suit"> </a></td><td>xEMU EVA Suit</td><td>Exploration Extravehicular Mobility Unit - next-generation spacesuit for lunar surface EVAs. Manufacturer: Axiom Space/Collins Aerospace.</td><td>suit</td><td>Axiom Space / Collins Aerospace</td></tr><tr><td style="white-space:nowrap">starship-hls<a name="artemis-certified-devices-cs-starship-hls"> </a></td><td>Starship Human Landing System</td><td>SpaceX Starship variant serving as lunar lander for Artemis III. Manufacturer: SpaceX.</td><td>lander</td><td>SpaceX</td></tr><tr><td style="white-space:nowrap">ltv<a name="artemis-certified-devices-cs-ltv"> </a></td><td>Lunar Terrain Vehicle</td><td>Unpressurized rover for surface mobility (Artemis V and later). Manufacturer: TBD.</td><td>rover</td><td>TBD</td></tr><tr><td style="white-space:nowrap">gateway-halo<a name="artemis-certified-devices-cs-gateway-halo"> </a></td><td>Gateway HALO Module</td><td>Habitation and Logistics Outpost module of Lunar Gateway (primary habitat). Manufacturer: Northrop Grumman.</td><td>habitat</td><td>Northrop Grumman</td></tr><tr><td style="white-space:nowrap">gateway-ppe<a name="artemis-certified-devices-cs-gateway-ppe"> </a></td><td>Gateway PPE Module</td><td>Power and Propulsion Element module of Lunar Gateway. Manufacturer: Maxar Technologies.</td><td>propulsion</td><td>Maxar Technologies</td></tr><tr><td style="white-space:nowrap">basecamp-hab<a name="artemis-certified-devices-cs-basecamp-hab"> </a></td><td>Artemis Base Camp Surface Habitat</td><td>Planned future lunar base living quarters on surface. Manufacturer: TBD.</td><td>habitat</td><td>TBD</td></tr><tr><td style="white-space:nowrap">lunanet-comm<a name="artemis-certified-devices-cs-lunanet-comm"> </a></td><td>LunaNet Communication System</td><td>Lunar communication network elements (relay satellites or surface comm devices). Manufacturer: NASA/Partners.</td><td>communications</td><td>NASA / Partners</td></tr><tr><td style="white-space:nowrap">medical-kit<a name="artemis-certified-devices-cs-medical-kit"> </a></td><td>Artemis Medical Kit</td><td>Artemis mission medical equipment set (emergency medical pack, diagnostics). Manufacturer: NASA.</td><td>medical-equipment</td><td>NASA</td></tr><tr><td style="white-space:nowrap">plss<a name="artemis-certified-devices-cs-plss"> </a></td><td>Portable Life Support System</td><td>PLSS backpack for xEMU suit (life support during EVA). Manufacturer: Collins Aerospace.</td><td>life-support</td><td>Collins Aerospace</td></tr></table></div></text><url value="http://hl7.org/fhir/uv/aerospace/CodeSystem/artemis-certified-devices-cs"/><version value="0.5.6"/><name value="ArtemisCertifiedDevicesCS"/><title value="Artemis Certified Devices"/><status value="active"/><experimental value="false"/><date value="2025-12-30T19:11:20-07:00"/><publisher value="MITRE"/><contact><name value="MITRE"/><telecom><system value="url"/><value value="https://www.mitre.org/"/></telecom></contact><description value="Flight-qualified hardware and systems used in Artemis missions (Orion, xEMU, Starship-HLS, Gateway, LTV, etc.)"/><caseSensitive value="true"/><content value="complete"/><count value="11"/><property><code value="deviceType"/><uri value="http://hl7.org/fhir/uv/aerospace/CodeSystem/artemis-certified-devices-cs#deviceType"/><description value="Device category (spacecraft, suit, vehicle, habitat, equipment)"/><type value="code"/></property><property><code value="manufacturer"/><uri value="http://hl7.org/fhir/uv/aerospace/CodeSystem/artemis-certified-devices-cs#manufacturer"/><description value="Device manufacturer/contractor"/><type value="string"/></property><concept><code value="orion"/><display value="Orion Crew Vehicle"/><definition value="Orion Crew Module and Service Module (CM/SM) - spacecraft carrying crew to lunar orbit. Manufacturer: Lockheed Martin/NASA."/><designation><use><system value="http://terminology.hl7.org/CodeSystem/hl7TermMaintInfra"/><code value="preferredForLanguage"/></use><value value="Orion Crew Vehicle"/></designation><designation><use><system value="http://terminology.hl7.org/CodeSystem/hl7TermMaintInfra"/><code value="preferredForLanguage"/></use><value value="Orion Crew Vehicle"/></designation><property><code value="deviceType"/><valueCode value="spacecraft"/></property><property><code value="manufacturer"/><valueString value="Lockheed Martin / NASA"/></property></concept><concept><code value="sls"/><display value="Space Launch System"/><definition value="Space Launch System rocket - heavy-lift launch vehicle for Artemis missions. Manufacturer: Boeing/NASA."/><designation><use><system value="http://terminology.hl7.org/CodeSystem/hl7TermMaintInfra"/><code value="preferredForLanguage"/></use><value value="Space Launch System"/></designation><designation><use><system value="http://terminology.hl7.org/CodeSystem/hl7TermMaintInfra"/><code value="preferredForLanguage"/></use><value value="Space Launch System"/></designation><property><code value="deviceType"/><valueCode value="launch-vehicle"/></property><property><code value="manufacturer"/><valueString value="Boeing / NASA"/></property></concept><concept><code value="xemu-suit"/><display value="xEMU EVA Suit"/><definition value="Exploration Extravehicular Mobility Unit - next-generation spacesuit for lunar surface EVAs. Manufacturer: Axiom Space/Collins Aerospace."/><designation><use><system value="http://terminology.hl7.org/CodeSystem/hl7TermMaintInfra"/><code value="preferredForLanguage"/></use><value value="xEMU EVA Suit"/></designation><designation><use><system value="http://terminology.hl7.org/CodeSystem/hl7TermMaintInfra"/><code value="preferredForLanguage"/></use><value value="xEMU EVA Suit"/></designation><property><code value="deviceType"/><valueCode value="suit"/></property><property><code value="manufacturer"/><valueString value="Axiom Space / Collins Aerospace"/></property></concept><concept><code value="starship-hls"/><display value="Starship Human Landing System"/><definition value="SpaceX Starship variant serving as lunar lander for Artemis III. Manufacturer: SpaceX."/><designation><use><system value="http://terminology.hl7.org/CodeSystem/hl7TermMaintInfra"/><code value="preferredForLanguage"/></use><value value="Starship Human Landing System"/></designation><designation><use><system value="http://terminology.hl7.org/CodeSystem/hl7TermMaintInfra"/><code value="preferredForLanguage"/></use><value value="Starship Human Landing System"/></designation><property><code value="deviceType"/><valueCode value="lander"/></property><property><code value="manufacturer"/><valueString value="SpaceX"/></property></concept><concept><code value="ltv"/><display value="Lunar Terrain Vehicle"/><definition value="Unpressurized rover for surface mobility (Artemis V and later). Manufacturer: TBD."/><designation><use><system value="http://terminology.hl7.org/CodeSystem/hl7TermMaintInfra"/><code value="preferredForLanguage"/></use><value value="Lunar Terrain Vehicle"/></designation><designation><use><system value="http://terminology.hl7.org/CodeSystem/hl7TermMaintInfra"/><code value="preferredForLanguage"/></use><value value="Lunar Terrain Vehicle"/></designation><property><code value="deviceType"/><valueCode value="rover"/></property><property><code value="manufacturer"/><valueString value="TBD"/></property></concept><concept><code value="gateway-halo"/><display value="Gateway HALO Module"/><definition value="Habitation and Logistics Outpost module of Lunar Gateway (primary habitat). Manufacturer: Northrop Grumman."/><designation><use><system value="http://terminology.hl7.org/CodeSystem/hl7TermMaintInfra"/><code value="preferredForLanguage"/></use><value value="Gateway HALO Module"/></designation><designation><use><system value="http://terminology.hl7.org/CodeSystem/hl7TermMaintInfra"/><code value="preferredForLanguage"/></use><value value="Gateway HALO Module"/></designation><property><code value="deviceType"/><valueCode value="habitat"/></property><property><code value="manufacturer"/><valueString value="Northrop Grumman"/></property></concept><concept><code value="gateway-ppe"/><display value="Gateway PPE Module"/><definition value="Power and Propulsion Element module of Lunar Gateway. Manufacturer: Maxar Technologies."/><designation><use><system value="http://terminology.hl7.org/CodeSystem/hl7TermMaintInfra"/><code value="preferredForLanguage"/></use><value value="Gateway PPE Module"/></designation><designation><use><system value="http://terminology.hl7.org/CodeSystem/hl7TermMaintInfra"/><code value="preferredForLanguage"/></use><value value="Gateway PPE Module"/></designation><property><code value="deviceType"/><valueCode value="propulsion"/></property><property><code value="manufacturer"/><valueString value="Maxar Technologies"/></property></concept><concept><code value="basecamp-hab"/><display value="Artemis Base Camp Surface Habitat"/><definition value="Planned future lunar base living quarters on surface. Manufacturer: TBD."/><designation><use><system value="http://terminology.hl7.org/CodeSystem/hl7TermMaintInfra"/><code value="preferredForLanguage"/></use><value value="Artemis Base Camp Surface Habitat"/></designation><designation><use><system value="http://terminology.hl7.org/CodeSystem/hl7TermMaintInfra"/><code value="preferredForLanguage"/></use><value value="Artemis Base Camp Surface Habitat"/></designation><property><code value="deviceType"/><valueCode value="habitat"/></property><property><code value="manufacturer"/><valueString value="TBD"/></property></concept><concept><code value="lunanet-comm"/><display value="LunaNet Communication System"/><definition value="Lunar communication network elements (relay satellites or surface comm devices). Manufacturer: NASA/Partners."/><designation><use><system value="http://terminology.hl7.org/CodeSystem/hl7TermMaintInfra"/><code value="preferredForLanguage"/></use><value value="LunaNet Communication System"/></designation><designation><use><system value="http://terminology.hl7.org/CodeSystem/hl7TermMaintInfra"/><code value="preferredForLanguage"/></use><value value="LunaNet Communication System"/></designation><property><code value="deviceType"/><valueCode value="communications"/></property><property><code value="manufacturer"/><valueString value="NASA / Partners"/></property></concept><concept><code value="medical-kit"/><display value="Artemis Medical Kit"/><definition value="Artemis mission medical equipment set (emergency medical pack, diagnostics). Manufacturer: NASA."/><designation><use><system value="http://terminology.hl7.org/CodeSystem/hl7TermMaintInfra"/><code value="preferredForLanguage"/></use><value value="Artemis Medical Kit"/></designation><designation><use><system value="http://terminology.hl7.org/CodeSystem/hl7TermMaintInfra"/><code value="preferredForLanguage"/></use><value value="Artemis Medical Kit"/></designation><property><code value="deviceType"/><valueCode value="medical-equipment"/></property><property><code value="manufacturer"/><valueString value="NASA"/></property></concept><concept><code value="plss"/><display value="Portable Life Support System"/><definition value="PLSS backpack for xEMU suit (life support during EVA). Manufacturer: Collins Aerospace."/><designation><use><system value="http://terminology.hl7.org/CodeSystem/hl7TermMaintInfra"/><code value="preferredForLanguage"/></use><value value="Portable Life Support System"/></designation><designation><use><system value="http://terminology.hl7.org/CodeSystem/hl7TermMaintInfra"/><code value="preferredForLanguage"/></use><value value="Portable Life Support System"/></designation><property><code value="deviceType"/><valueCode value="life-support"/></property><property><code value="manufacturer"/><valueString value="Collins Aerospace"/></property></concept></CodeSystem>