<?xml version="1.0" encoding="UTF-8"?><CodeSystem xmlns="http://hl7.org/fhir"><id value="decompression-protocol-cs"/><text><status value="generated"/><div xmlns="http://www.w3.org/1999/xhtml"><p class="res-header-id"><b>Generated Narrative: CodeSystem decompression-protocol-cs</b></p><a name="decompression-protocol-cs"> </a><a name="hcdecompression-protocol-cs"> </a><p>This case-sensitive code system <code>https://mitre.org/fhir/space-health/CodeSystem/decompression-protocol-cs</code> defines the following codes:</p><table class="codes"><tr><td style="white-space:nowrap"><b>Code</b></td><td><b>Display</b></td><td><b>Definition</b></td></tr><tr><td style="white-space:nowrap">buhlmann-zh-l16c<a name="decompression-protocol-cs-buhlmann-zh-l16c"> </a></td><td>Bühlmann ZH-L16C</td><td>Bühlmann decompression algorithm</td></tr><tr><td style="white-space:nowrap">rgbm<a name="decompression-protocol-cs-rgbm"> </a></td><td>Reduced Gradient Bubble Model</td><td>RGBM decompression algorithm</td></tr><tr><td style="white-space:nowrap">vpm<a name="decompression-protocol-cs-vpm"> </a></td><td>Varying Permeability Model</td><td>VPM decompression algorithm</td></tr><tr><td style="white-space:nowrap">usn-tables<a name="decompression-protocol-cs-usn-tables"> </a></td><td>US Navy Tables</td><td>US Navy decompression tables</td></tr><tr><td style="white-space:nowrap">noaa-tables<a name="decompression-protocol-cs-noaa-tables"> </a></td><td>NOAA Tables</td><td>NOAA decompression tables</td></tr><tr><td style="white-space:nowrap">padi-tables<a name="decompression-protocol-cs-padi-tables"> </a></td><td>PADI Tables</td><td>PADI recreational decompression tables</td></tr><tr><td style="white-space:nowrap">safety-stop-3min<a name="decompression-protocol-cs-safety-stop-3min"> </a></td><td>3-Minute Safety Stop</td><td>Standard 3-minute safety stop at 15 feet</td></tr><tr><td style="white-space:nowrap">safety-stop-5min<a name="decompression-protocol-cs-safety-stop-5min"> </a></td><td>5-Minute Safety Stop</td><td>Extended 5-minute safety stop</td></tr><tr><td style="white-space:nowrap">deep-stop<a name="decompression-protocol-cs-deep-stop"> </a></td><td>Deep Stop</td><td>Deep safety stop at half maximum depth</td></tr><tr><td style="white-space:nowrap">mandatory-deco<a name="decompression-protocol-cs-mandatory-deco"> </a></td><td>Mandatory Decompression</td><td>Required decompression stop</td></tr><tr><td style="white-space:nowrap">emergency-deco<a name="decompression-protocol-cs-emergency-deco"> </a></td><td>Emergency Decompression</td><td>Emergency decompression procedure</td></tr><tr><td style="white-space:nowrap">normal-ascent<a name="decompression-protocol-cs-normal-ascent"> </a></td><td>Normal Ascent</td><td>Standard controlled ascent procedure</td></tr><tr><td style="white-space:nowrap">emergency-ascent<a name="decompression-protocol-cs-emergency-ascent"> </a></td><td>Emergency Ascent</td><td>Rapid emergency ascent procedure</td></tr><tr><td style="white-space:nowrap">assisted-ascent<a name="decompression-protocol-cs-assisted-ascent"> </a></td><td>Assisted Ascent</td><td>Ascent with assistance from dive partner</td></tr><tr><td style="white-space:nowrap">controlled-emergency-ascent<a name="decompression-protocol-cs-controlled-emergency-ascent"> </a></td><td>Controlled Emergency Ascent</td><td>Controlled emergency swimming ascent</td></tr><tr><td style="white-space:nowrap">buoyant-ascent<a name="decompression-protocol-cs-buoyant-ascent"> </a></td><td>Buoyant Emergency Ascent</td><td>Emergency ascent using buoyancy control</td></tr><tr><td style="white-space:nowrap">nitrox-switch<a name="decompression-protocol-cs-nitrox-switch"> </a></td><td>Nitrox Gas Switch</td><td>Switching to nitrox decompression gas</td></tr><tr><td style="white-space:nowrap">oxygen-switch<a name="decompression-protocol-cs-oxygen-switch"> </a></td><td>Oxygen Switch</td><td>Switching to pure oxygen for decompression</td></tr><tr><td style="white-space:nowrap">trimix-switch<a name="decompression-protocol-cs-trimix-switch"> </a></td><td>Trimix Switch</td><td>Switching between trimix breathing gases</td></tr><tr><td style="white-space:nowrap">air-break<a name="decompression-protocol-cs-air-break"> </a></td><td>Air Break</td><td>Air break during oxygen decompression</td></tr><tr><td style="white-space:nowrap">altitude-diving<a name="decompression-protocol-cs-altitude-diving"> </a></td><td>Altitude Diving</td><td>Decompression procedures for altitude diving</td></tr><tr><td style="white-space:nowrap">cold-water<a name="decompression-protocol-cs-cold-water"> </a></td><td>Cold Water Diving</td><td>Cold water decompression considerations</td></tr><tr><td style="white-space:nowrap">overhead-environment<a name="decompression-protocol-cs-overhead-environment"> </a></td><td>Overhead Environment</td><td>Decompression in overhead environments</td></tr><tr><td style="white-space:nowrap">repetitive-diving<a name="decompression-protocol-cs-repetitive-diving"> </a></td><td>Repetitive Diving</td><td>Multiple dive decompression planning</td></tr></table></div></text><url value="https://mitre.org/fhir/space-health/CodeSystem/decompression-protocol-cs"/><version value="0.5.4"/><name value="DecompressionProtocolCS"/><title value="Decompression Protocols and Procedures"/><status value="active"/><experimental value="false"/><date value="2025-12-29T23:18:22-07:00"/><publisher value="MITRE"/><contact><name value="MITRE"/><telecom><system value="url"/><value value="https://www.mitre.org/"/></telecom></contact><description value="Standardized decompression protocols and safety procedures"/><caseSensitive value="true"/><content value="complete"/><count value="24"/><concept><code value="buhlmann-zh-l16c"/><display value="Bühlmann ZH-L16C"/><definition value="Bühlmann decompression algorithm"/><designation><use><system value="http://terminology.hl7.org/CodeSystem/hl7TermMaintInfra"/><code value="preferredForLanguage"/></use><value value="Bühlmann ZH-L16C"/></designation></concept><concept><code value="rgbm"/><display value="Reduced Gradient Bubble Model"/><definition value="RGBM decompression algorithm"/><designation><use><system value="http://terminology.hl7.org/CodeSystem/hl7TermMaintInfra"/><code value="preferredForLanguage"/></use><value value="Reduced Gradient Bubble Model"/></designation></concept><concept><code value="vpm"/><display value="Varying Permeability Model"/><definition value="VPM decompression algorithm"/><designation><use><system value="http://terminology.hl7.org/CodeSystem/hl7TermMaintInfra"/><code value="preferredForLanguage"/></use><value value="Varying Permeability Model"/></designation></concept><concept><code value="usn-tables"/><display value="US Navy Tables"/><definition value="US Navy decompression tables"/><designation><use><system value="http://terminology.hl7.org/CodeSystem/hl7TermMaintInfra"/><code value="preferredForLanguage"/></use><value value="US Navy Tables"/></designation></concept><concept><code value="noaa-tables"/><display value="NOAA Tables"/><definition value="NOAA decompression tables"/><designation><use><system value="http://terminology.hl7.org/CodeSystem/hl7TermMaintInfra"/><code value="preferredForLanguage"/></use><value value="NOAA Tables"/></designation></concept><concept><code value="padi-tables"/><display value="PADI Tables"/><definition value="PADI recreational decompression tables"/><designation><use><system value="http://terminology.hl7.org/CodeSystem/hl7TermMaintInfra"/><code value="preferredForLanguage"/></use><value value="PADI Tables"/></designation></concept><concept><code value="safety-stop-3min"/><display value="3-Minute Safety Stop"/><definition value="Standard 3-minute safety stop at 15 feet"/><designation><use><system value="http://terminology.hl7.org/CodeSystem/hl7TermMaintInfra"/><code value="preferredForLanguage"/></use><value value="3-Minute Safety Stop"/></designation></concept><concept><code value="safety-stop-5min"/><display value="5-Minute Safety Stop"/><definition value="Extended 5-minute safety stop"/><designation><use><system value="http://terminology.hl7.org/CodeSystem/hl7TermMaintInfra"/><code value="preferredForLanguage"/></use><value value="5-Minute Safety Stop"/></designation></concept><concept><code value="deep-stop"/><display value="Deep Stop"/><definition value="Deep safety stop at half maximum depth"/><designation><use><system value="http://terminology.hl7.org/CodeSystem/hl7TermMaintInfra"/><code value="preferredForLanguage"/></use><value value="Deep Stop"/></designation></concept><concept><code value="mandatory-deco"/><display value="Mandatory Decompression"/><definition value="Required decompression stop"/><designation><use><system value="http://terminology.hl7.org/CodeSystem/hl7TermMaintInfra"/><code value="preferredForLanguage"/></use><value value="Mandatory Decompression"/></designation></concept><concept><code value="emergency-deco"/><display value="Emergency Decompression"/><definition value="Emergency decompression procedure"/><designation><use><system value="http://terminology.hl7.org/CodeSystem/hl7TermMaintInfra"/><code value="preferredForLanguage"/></use><value value="Emergency Decompression"/></designation></concept><concept><code value="normal-ascent"/><display value="Normal Ascent"/><definition value="Standard controlled ascent procedure"/><designation><use><system value="http://terminology.hl7.org/CodeSystem/hl7TermMaintInfra"/><code value="preferredForLanguage"/></use><value value="Normal Ascent"/></designation></concept><concept><code value="emergency-ascent"/><display value="Emergency Ascent"/><definition value="Rapid emergency ascent procedure"/><designation><use><system value="http://terminology.hl7.org/CodeSystem/hl7TermMaintInfra"/><code value="preferredForLanguage"/></use><value value="Emergency Ascent"/></designation></concept><concept><code value="assisted-ascent"/><display value="Assisted Ascent"/><definition value="Ascent with assistance from dive partner"/><designation><use><system value="http://terminology.hl7.org/CodeSystem/hl7TermMaintInfra"/><code value="preferredForLanguage"/></use><value value="Assisted Ascent"/></designation></concept><concept><code value="controlled-emergency-ascent"/><display value="Controlled Emergency Ascent"/><definition value="Controlled emergency swimming ascent"/><designation><use><system value="http://terminology.hl7.org/CodeSystem/hl7TermMaintInfra"/><code value="preferredForLanguage"/></use><value value="Controlled Emergency Ascent"/></designation></concept><concept><code value="buoyant-ascent"/><display value="Buoyant Emergency Ascent"/><definition value="Emergency ascent using buoyancy control"/><designation><use><system value="http://terminology.hl7.org/CodeSystem/hl7TermMaintInfra"/><code value="preferredForLanguage"/></use><value value="Buoyant Emergency Ascent"/></designation></concept><concept><code value="nitrox-switch"/><display value="Nitrox Gas Switch"/><definition value="Switching to nitrox decompression gas"/><designation><use><system value="http://terminology.hl7.org/CodeSystem/hl7TermMaintInfra"/><code value="preferredForLanguage"/></use><value value="Nitrox Gas Switch"/></designation></concept><concept><code value="oxygen-switch"/><display value="Oxygen Switch"/><definition value="Switching to pure oxygen for decompression"/><designation><use><system value="http://terminology.hl7.org/CodeSystem/hl7TermMaintInfra"/><code value="preferredForLanguage"/></use><value value="Oxygen Switch"/></designation></concept><concept><code value="trimix-switch"/><display value="Trimix Switch"/><definition value="Switching between trimix breathing gases"/><designation><use><system value="http://terminology.hl7.org/CodeSystem/hl7TermMaintInfra"/><code value="preferredForLanguage"/></use><value value="Trimix Switch"/></designation></concept><concept><code value="air-break"/><display value="Air Break"/><definition value="Air break during oxygen decompression"/><designation><use><system value="http://terminology.hl7.org/CodeSystem/hl7TermMaintInfra"/><code value="preferredForLanguage"/></use><value value="Air Break"/></designation></concept><concept><code value="altitude-diving"/><display value="Altitude Diving"/><definition value="Decompression procedures for altitude diving"/><designation><use><system value="http://terminology.hl7.org/CodeSystem/hl7TermMaintInfra"/><code value="preferredForLanguage"/></use><value value="Altitude Diving"/></designation></concept><concept><code value="cold-water"/><display value="Cold Water Diving"/><definition value="Cold water decompression considerations"/><designation><use><system value="http://terminology.hl7.org/CodeSystem/hl7TermMaintInfra"/><code value="preferredForLanguage"/></use><value value="Cold Water Diving"/></designation></concept><concept><code value="overhead-environment"/><display value="Overhead Environment"/><definition value="Decompression in overhead environments"/><designation><use><system value="http://terminology.hl7.org/CodeSystem/hl7TermMaintInfra"/><code value="preferredForLanguage"/></use><value value="Overhead Environment"/></designation></concept><concept><code value="repetitive-diving"/><display value="Repetitive Diving"/><definition value="Multiple dive decompression planning"/><designation><use><system value="http://terminology.hl7.org/CodeSystem/hl7TermMaintInfra"/><code value="preferredForLanguage"/></use><value value="Repetitive Diving"/></designation></concept></CodeSystem>