<?xml version="1.0" encoding="UTF-8"?><CodeSystem xmlns="http://hl7.org/fhir"><id value="location-capabilities-cs"/><text><status value="generated"/><div xmlns="http://www.w3.org/1999/xhtml"><p class="res-header-id"><b>Generated Narrative: CodeSystem location-capabilities-cs</b></p><a name="location-capabilities-cs"> </a><a name="hclocation-capabilities-cs"> </a><p>This case-sensitive code system <code>http://hl7.org/fhir/uv/aerospace/CodeSystem/location-capabilities-cs</code> defines the following codes:</p><table class="codes"><tr><td style="white-space:nowrap"><b>Code</b></td><td><b>Display</b></td><td><b>Definition</b></td></tr><tr><td style="white-space:nowrap">eva-simulation<a name="location-capabilities-cs-eva-simulation"> </a></td><td>EVA Simulation Training</td><td>Facility capable of extravehicular activity simulation training</td></tr><tr><td style="white-space:nowrap">hyperbaric-treatment<a name="location-capabilities-cs-hyperbaric-treatment"> </a></td><td>Hyperbaric Treatment</td><td>Facility with hyperbaric oxygen therapy capabilities</td></tr><tr><td style="white-space:nowrap">secure-communication<a name="location-capabilities-cs-secure-communication"> </a></td><td>Secure Communication</td><td>Facility with secure communication systems</td></tr><tr><td style="white-space:nowrap">altitude-chamber<a name="location-capabilities-cs-altitude-chamber"> </a></td><td>Altitude Chamber Training</td><td>Facility with altitude chamber for hypobaric training</td></tr><tr><td style="white-space:nowrap">centrifuge-training<a name="location-capabilities-cs-centrifuge-training"> </a></td><td>Centrifuge Training</td><td>Facility with centrifuge for high-G training</td></tr><tr><td style="white-space:nowrap">medical-emergency<a name="location-capabilities-cs-medical-emergency"> </a></td><td>Emergency Medical Services</td><td>Facility with emergency medical response capabilities</td></tr><tr><td style="white-space:nowrap">radiation-monitoring<a name="location-capabilities-cs-radiation-monitoring"> </a></td><td>Radiation Monitoring</td><td>Facility with radiation detection and monitoring systems</td></tr><tr><td style="white-space:nowrap">psychological-support<a name="location-capabilities-cs-psychological-support"> </a></td><td>Psychological Support Services</td><td>Facility with psychological counseling and support services</td></tr><tr><td style="white-space:nowrap">rehabilitation<a name="location-capabilities-cs-rehabilitation"> </a></td><td>Medical Rehabilitation</td><td>Facility with medical rehabilitation services</td></tr><tr><td style="white-space:nowrap">research-laboratory<a name="location-capabilities-cs-research-laboratory"> </a></td><td>Research Laboratory</td><td>Facility with research laboratory capabilities</td></tr><tr><td style="white-space:nowrap">neutral-buoyancy<a name="location-capabilities-cs-neutral-buoyancy"> </a></td><td>Neutral Buoyancy Training</td><td>Facility with underwater neutral buoyancy training pool</td></tr><tr><td style="white-space:nowrap">mission-control<a name="location-capabilities-cs-mission-control"> </a></td><td>Mission Control</td><td>Facility with mission control and monitoring capabilities</td></tr><tr><td style="white-space:nowrap">life-support-testing<a name="location-capabilities-cs-life-support-testing"> </a></td><td>Life Support Testing</td><td>Facility for testing life support systems</td></tr><tr><td style="white-space:nowrap">spacesuit-testing<a name="location-capabilities-cs-spacesuit-testing"> </a></td><td>Spacesuit Testing</td><td>Facility for spacesuit testing and validation</td></tr></table></div></text><url value="http://hl7.org/fhir/uv/aerospace/CodeSystem/location-capabilities-cs"/><version value="0.5.3"/><name value="LocationCapabilitiesCS"/><title value="Location Capabilities Code System"/><status value="active"/><experimental value="false"/><date value="2025-12-29T22:23:37-07:00"/><publisher value="MITRE"/><contact><name value="MITRE"/><telecom><system value="url"/><value value="https://www.mitre.org/"/></telecom></contact><description value="Capabilities and services available at aerospace medicine locations"/><caseSensitive value="true"/><content value="complete"/><count value="14"/><concept><code value="eva-simulation"/><display value="EVA Simulation Training"/><definition value="Facility capable of extravehicular activity simulation training"/><designation><use><system value="http://terminology.hl7.org/CodeSystem/hl7TermMaintInfra"/><code value="preferredForLanguage"/></use><value value="EVA Simulation Training"/></designation></concept><concept><code value="hyperbaric-treatment"/><display value="Hyperbaric Treatment"/><definition value="Facility with hyperbaric oxygen therapy capabilities"/><designation><use><system value="http://terminology.hl7.org/CodeSystem/hl7TermMaintInfra"/><code value="preferredForLanguage"/></use><value value="Hyperbaric Treatment"/></designation></concept><concept><code value="secure-communication"/><display value="Secure Communication"/><definition value="Facility with secure communication systems"/><designation><use><system value="http://terminology.hl7.org/CodeSystem/hl7TermMaintInfra"/><code value="preferredForLanguage"/></use><value value="Secure Communication"/></designation></concept><concept><code value="altitude-chamber"/><display value="Altitude Chamber Training"/><definition value="Facility with altitude chamber for hypobaric training"/><designation><use><system value="http://terminology.hl7.org/CodeSystem/hl7TermMaintInfra"/><code value="preferredForLanguage"/></use><value value="Altitude Chamber Training"/></designation></concept><concept><code value="centrifuge-training"/><display value="Centrifuge Training"/><definition value="Facility with centrifuge for high-G training"/><designation><use><system value="http://terminology.hl7.org/CodeSystem/hl7TermMaintInfra"/><code value="preferredForLanguage"/></use><value value="Centrifuge Training"/></designation></concept><concept><code value="medical-emergency"/><display value="Emergency Medical Services"/><definition value="Facility with emergency medical response capabilities"/><designation><use><system value="http://terminology.hl7.org/CodeSystem/hl7TermMaintInfra"/><code value="preferredForLanguage"/></use><value value="Emergency Medical Services"/></designation></concept><concept><code value="radiation-monitoring"/><display value="Radiation Monitoring"/><definition value="Facility with radiation detection and monitoring systems"/><designation><use><system value="http://terminology.hl7.org/CodeSystem/hl7TermMaintInfra"/><code value="preferredForLanguage"/></use><value value="Radiation Monitoring"/></designation></concept><concept><code value="psychological-support"/><display value="Psychological Support Services"/><definition value="Facility with psychological counseling and support services"/><designation><use><system value="http://terminology.hl7.org/CodeSystem/hl7TermMaintInfra"/><code value="preferredForLanguage"/></use><value value="Psychological Support Services"/></designation></concept><concept><code value="rehabilitation"/><display value="Medical Rehabilitation"/><definition value="Facility with medical rehabilitation services"/><designation><use><system value="http://terminology.hl7.org/CodeSystem/hl7TermMaintInfra"/><code value="preferredForLanguage"/></use><value value="Medical Rehabilitation"/></designation></concept><concept><code value="research-laboratory"/><display value="Research Laboratory"/><definition value="Facility with research laboratory capabilities"/><designation><use><system value="http://terminology.hl7.org/CodeSystem/hl7TermMaintInfra"/><code value="preferredForLanguage"/></use><value value="Research Laboratory"/></designation></concept><concept><code value="neutral-buoyancy"/><display value="Neutral Buoyancy Training"/><definition value="Facility with underwater neutral buoyancy training pool"/><designation><use><system value="http://terminology.hl7.org/CodeSystem/hl7TermMaintInfra"/><code value="preferredForLanguage"/></use><value value="Neutral Buoyancy Training"/></designation></concept><concept><code value="mission-control"/><display value="Mission Control"/><definition value="Facility with mission control and monitoring capabilities"/><designation><use><system value="http://terminology.hl7.org/CodeSystem/hl7TermMaintInfra"/><code value="preferredForLanguage"/></use><value value="Mission Control"/></designation></concept><concept><code value="life-support-testing"/><display value="Life Support Testing"/><definition value="Facility for testing life support systems"/><designation><use><system value="http://terminology.hl7.org/CodeSystem/hl7TermMaintInfra"/><code value="preferredForLanguage"/></use><value value="Life Support Testing"/></designation></concept><concept><code value="spacesuit-testing"/><display value="Spacesuit Testing"/><definition value="Facility for spacesuit testing and validation"/><designation><use><system value="http://terminology.hl7.org/CodeSystem/hl7TermMaintInfra"/><code value="preferredForLanguage"/></use><value value="Spacesuit Testing"/></designation></concept></CodeSystem>