<?xml version="1.0" encoding="UTF-8"?><CodeSystem xmlns="http://hl7.org/fhir"><id value="hyperbaric-chamber-type-cs"/><text><status value="generated"/><div xmlns="http://www.w3.org/1999/xhtml"><p class="res-header-id"><b>Generated Narrative: CodeSystem hyperbaric-chamber-type-cs</b></p><a name="hyperbaric-chamber-type-cs"> </a><a name="hchyperbaric-chamber-type-cs"> </a><p>This case-sensitive code system <code>http://hl7.org/fhir/uv/aerospace/CodeSystem/hyperbaric-chamber-type-cs</code> defines the following codes:</p><table class="codes"><tr><td style="white-space:nowrap"><b>Code</b></td><td><b>Display</b></td></tr><tr><td style="white-space:nowrap">monoplace<a name="hyperbaric-chamber-type-cs-monoplace"> </a></td><td>Monoplace Chamber</td></tr><tr><td style="white-space:nowrap">multiplace<a name="hyperbaric-chamber-type-cs-multiplace"> </a></td><td>Multiplace Chamber</td></tr><tr><td style="white-space:nowrap">portable<a name="hyperbaric-chamber-type-cs-portable"> </a></td><td>Portable Chamber</td></tr><tr><td style="white-space:nowrap">research<a name="hyperbaric-chamber-type-cs-research"> </a></td><td>Research Chamber</td></tr><tr><td style="white-space:nowrap">veterinary<a name="hyperbaric-chamber-type-cs-veterinary"> </a></td><td>Veterinary Chamber</td></tr></table></div></text><url value="http://hl7.org/fhir/uv/aerospace/CodeSystem/hyperbaric-chamber-type-cs"/><version value="0.5.5"/><name value="HyperbaricChamberTypeCS"/><title value="Hyperbaric Chamber Types"/><status value="active"/><experimental value="false"/><date value="2025-12-30T00:07:25-07:00"/><publisher value="MITRE"/><contact><name value="MITRE"/><telecom><system value="url"/><value value="https://www.mitre.org/"/></telecom></contact><description value="Types of hyperbaric chambers"/><caseSensitive value="true"/><content value="complete"/><count value="5"/><concept><code value="monoplace"/><display value="Monoplace Chamber"/><designation><use><system value="http://terminology.hl7.org/CodeSystem/hl7TermMaintInfra"/><code value="preferredForLanguage"/></use><value value="Monoplace Chamber"/></designation></concept><concept><code value="multiplace"/><display value="Multiplace Chamber"/><designation><use><system value="http://terminology.hl7.org/CodeSystem/hl7TermMaintInfra"/><code value="preferredForLanguage"/></use><value value="Multiplace Chamber"/></designation></concept><concept><code value="portable"/><display value="Portable Chamber"/><designation><use><system value="http://terminology.hl7.org/CodeSystem/hl7TermMaintInfra"/><code value="preferredForLanguage"/></use><value value="Portable Chamber"/></designation></concept><concept><code value="research"/><display value="Research Chamber"/><designation><use><system value="http://terminology.hl7.org/CodeSystem/hl7TermMaintInfra"/><code value="preferredForLanguage"/></use><value value="Research Chamber"/></designation></concept><concept><code value="veterinary"/><display value="Veterinary Chamber"/><designation><use><system value="http://terminology.hl7.org/CodeSystem/hl7TermMaintInfra"/><code value="preferredForLanguage"/></use><value value="Veterinary Chamber"/></designation></concept></CodeSystem>