<?xml version="1.0" encoding="UTF-8"?><CodeSystem xmlns="http://hl7.org/fhir"><id value="aerospace-code-system-enhanced"/><text><status value="generated"/><div xmlns="http://www.w3.org/1999/xhtml"><p class="res-header-id"><b>Generated Narrative: CodeSystem aerospace-code-system-enhanced</b></p><a name="aerospace-code-system-enhanced"> </a><a name="hcaerospace-code-system-enhanced"> </a><p>This case-sensitive code system <code>https://mitre.org/fhir/space-health/CodeSystem/aerospace-code-system-enhanced</code> defines the following codes:</p><table class="codes"><tr><td style="white-space:nowrap"><b>Code</b></td><td><b>Display</b></td></tr><tr><td style="white-space:nowrap">shielding-effectiveness<a name="aerospace-code-system-enhanced-shielding-effectiveness"> </a></td><td>Shielding Effectiveness</td></tr><tr><td style="white-space:nowrap">exposure-duration<a name="aerospace-code-system-enhanced-exposure-duration"> </a></td><td>Exposure Duration</td></tr><tr><td style="white-space:nowrap">compliance-status<a name="aerospace-code-system-enhanced-compliance-status"> </a></td><td>Compliance Status</td></tr><tr><td style="white-space:nowrap">operating-temp-min<a name="aerospace-code-system-enhanced-operating-temp-min"> </a></td><td>Minimum Operating Temperature</td></tr><tr><td style="white-space:nowrap">operating-temp-max<a name="aerospace-code-system-enhanced-operating-temp-max"> </a></td><td>Maximum Operating Temperature</td></tr><tr><td style="white-space:nowrap">sensitivity<a name="aerospace-code-system-enhanced-sensitivity"> </a></td><td>Detector Sensitivity</td></tr><tr><td style="white-space:nowrap">energy-range-min<a name="aerospace-code-system-enhanced-energy-range-min"> </a></td><td>Minimum Energy Range</td></tr><tr><td style="white-space:nowrap">energy-range-max<a name="aerospace-code-system-enhanced-energy-range-max"> </a></td><td>Maximum Energy Range</td></tr><tr><td style="white-space:nowrap">dosimeter-type<a name="aerospace-code-system-enhanced-dosimeter-type"> </a></td><td>Dosimeter Type</td></tr><tr><td style="white-space:nowrap">let<a name="aerospace-code-system-enhanced-let"> </a></td><td>Linear Energy Transfer</td></tr><tr><td style="white-space:nowrap">quality-factor<a name="aerospace-code-system-enhanced-quality-factor"> </a></td><td>Radiation Quality Factor</td></tr><tr><td style="white-space:nowrap">calibration-date<a name="aerospace-code-system-enhanced-calibration-date"> </a></td><td>Calibration Date</td></tr><tr><td style="white-space:nowrap">operating-temperature<a name="aerospace-code-system-enhanced-operating-temperature"> </a></td><td>Operating Temperature</td></tr><tr><td style="white-space:nowrap">measurement-accuracy<a name="aerospace-code-system-enhanced-measurement-accuracy"> </a></td><td>Measurement Accuracy</td></tr><tr><td style="white-space:nowrap">career-dose<a name="aerospace-code-system-enhanced-career-dose"> </a></td><td>Career Radiation Dose</td></tr><tr><td style="white-space:nowrap">mission-dose<a name="aerospace-code-system-enhanced-mission-dose"> </a></td><td>Mission Radiation Dose</td></tr><tr><td style="white-space:nowrap">annual-dose<a name="aerospace-code-system-enhanced-annual-dose"> </a></td><td>Annual Radiation Dose</td></tr><tr><td style="white-space:nowrap">monthly-dose<a name="aerospace-code-system-enhanced-monthly-dose"> </a></td><td>30-Day Radiation Dose</td></tr><tr><td style="white-space:nowrap">weekly-dose<a name="aerospace-code-system-enhanced-weekly-dose"> </a></td><td>Weekly Radiation Dose</td></tr><tr><td style="white-space:nowrap">daily-dose<a name="aerospace-code-system-enhanced-daily-dose"> </a></td><td>Daily Radiation Dose</td></tr><tr><td style="white-space:nowrap">gcr-dose<a name="aerospace-code-system-enhanced-gcr-dose"> </a></td><td>Galactic Cosmic Radiation Dose</td></tr><tr><td style="white-space:nowrap">spe-dose<a name="aerospace-code-system-enhanced-spe-dose"> </a></td><td>Solar Particle Event Dose</td></tr><tr><td style="white-space:nowrap">trapped-dose<a name="aerospace-code-system-enhanced-trapped-dose"> </a></td><td>Trapped Radiation Dose</td></tr><tr><td style="white-space:nowrap">secondary-dose<a name="aerospace-code-system-enhanced-secondary-dose"> </a></td><td>Secondary Radiation Dose</td></tr><tr><td style="white-space:nowrap">neutron-dose<a name="aerospace-code-system-enhanced-neutron-dose"> </a></td><td>Neutron Radiation Dose</td></tr><tr><td style="white-space:nowrap">bone-marrow-dose<a name="aerospace-code-system-enhanced-bone-marrow-dose"> </a></td><td>Bone Marrow Dose</td></tr><tr><td style="white-space:nowrap">eye-lens-dose<a name="aerospace-code-system-enhanced-eye-lens-dose"> </a></td><td>Eye Lens Dose</td></tr><tr><td style="white-space:nowrap">skin-dose<a name="aerospace-code-system-enhanced-skin-dose"> </a></td><td>Skin Dose</td></tr><tr><td style="white-space:nowrap">cns-dose<a name="aerospace-code-system-enhanced-cns-dose"> </a></td><td>Central Nervous System Dose</td></tr><tr><td style="white-space:nowrap">thyroid-dose<a name="aerospace-code-system-enhanced-thyroid-dose"> </a></td><td>Thyroid Dose</td></tr><tr><td style="white-space:nowrap">gonad-dose<a name="aerospace-code-system-enhanced-gonad-dose"> </a></td><td>Gonad Dose</td></tr><tr><td style="white-space:nowrap">lung-dose<a name="aerospace-code-system-enhanced-lung-dose"> </a></td><td>Lung Dose</td></tr><tr><td style="white-space:nowrap">gi-tract-dose<a name="aerospace-code-system-enhanced-gi-tract-dose"> </a></td><td>GI Tract Dose</td></tr><tr><td style="white-space:nowrap">whole-body-dose<a name="aerospace-code-system-enhanced-whole-body-dose"> </a></td><td>Whole Body Dose</td></tr><tr><td style="white-space:nowrap">tld<a name="aerospace-code-system-enhanced-tld"> </a></td><td>Thermoluminescent Dosimeter</td></tr><tr><td style="white-space:nowrap">osld<a name="aerospace-code-system-enhanced-osld"> </a></td><td>Optically Stimulated Luminescence Detector</td></tr><tr><td style="white-space:nowrap">epd<a name="aerospace-code-system-enhanced-epd"> </a></td><td>Electronic Personal Dosimeter</td></tr><tr><td style="white-space:nowrap">tepc<a name="aerospace-code-system-enhanced-tepc"> </a></td><td>Tissue Equivalent Proportional Counter</td></tr><tr><td style="white-space:nowrap">area-monitor<a name="aerospace-code-system-enhanced-area-monitor"> </a></td><td>Area Radiation Monitor</td></tr><tr><td style="white-space:nowrap">neutron-detector<a name="aerospace-code-system-enhanced-neutron-detector"> </a></td><td>Neutron Detection System</td></tr><tr><td style="white-space:nowrap">spectrometer<a name="aerospace-code-system-enhanced-spectrometer"> </a></td><td>Radiation Spectrometer</td></tr><tr><td style="white-space:nowrap">passive<a name="aerospace-code-system-enhanced-passive"> </a></td><td>Passive Dosimeter</td></tr><tr><td style="white-space:nowrap">active<a name="aerospace-code-system-enhanced-active"> </a></td><td>Active Real-time Dosimeter</td></tr><tr><td style="white-space:nowrap">area<a name="aerospace-code-system-enhanced-area"> </a></td><td>Area Monitor</td></tr><tr><td style="white-space:nowrap">iss-expedition<a name="aerospace-code-system-enhanced-iss-expedition"> </a></td><td>ISS Expedition</td></tr><tr><td style="white-space:nowrap">lunar-mission<a name="aerospace-code-system-enhanced-lunar-mission"> </a></td><td>Lunar Mission</td></tr><tr><td style="white-space:nowrap">mars-mission<a name="aerospace-code-system-enhanced-mars-mission"> </a></td><td>Mars Mission</td></tr><tr><td style="white-space:nowrap">eva-mission<a name="aerospace-code-system-enhanced-eva-mission"> </a></td><td>Extravehicular Activity</td></tr><tr><td style="white-space:nowrap">deep-space-mission<a name="aerospace-code-system-enhanced-deep-space-mission"> </a></td><td>Deep Space Mission</td></tr><tr><td style="white-space:nowrap">leo-mission<a name="aerospace-code-system-enhanced-leo-mission"> </a></td><td>Low Earth Orbit Mission</td></tr><tr><td style="white-space:nowrap">geo-mission<a name="aerospace-code-system-enhanced-geo-mission"> </a></td><td>Geostationary Earth Orbit Mission</td></tr><tr><td style="white-space:nowrap">radiation-summary<a name="aerospace-code-system-enhanced-radiation-summary"> </a></td><td>Space Radiation Exposure Summary</td></tr><tr><td style="white-space:nowrap">dose-history<a name="aerospace-code-system-enhanced-dose-history"> </a></td><td>Radiation Dose History</td></tr><tr><td style="white-space:nowrap">risk-assessment<a name="aerospace-code-system-enhanced-risk-assessment"> </a></td><td>Radiation Risk Assessment</td></tr><tr><td style="white-space:nowrap">compliance-report<a name="aerospace-code-system-enhanced-compliance-report"> </a></td><td>Radiation Compliance Report</td></tr></table></div></text><url value="https://mitre.org/fhir/space-health/CodeSystem/aerospace-code-system-enhanced"/><version value="0.5.0"/><name value="AerospaceCodeSystemEnhanced"/><title value="Enhanced Aerospace Medicine Code System"/><status value="active"/><experimental value="false"/><date value="2025-12-25T11:43:35-07:00"/><publisher value="MITRE"/><contact><name value="MITRE"/><telecom><system value="url"/><value value="https://www.mitre.org/"/></telecom></contact><description value="Comprehensive code system for aerospace medicine concepts including all referenced codes"/><caseSensitive value="true"/><content value="complete"/><count value="55"/><concept><code value="shielding-effectiveness"/><display value="Shielding Effectiveness"/></concept><concept><code value="exposure-duration"/><display value="Exposure Duration"/></concept><concept><code value="compliance-status"/><display value="Compliance Status"/></concept><concept><code value="operating-temp-min"/><display value="Minimum Operating Temperature"/></concept><concept><code value="operating-temp-max"/><display value="Maximum Operating Temperature"/></concept><concept><code value="sensitivity"/><display value="Detector Sensitivity"/></concept><concept><code value="energy-range-min"/><display value="Minimum Energy Range"/></concept><concept><code value="energy-range-max"/><display value="Maximum Energy Range"/></concept><concept><code value="dosimeter-type"/><display value="Dosimeter Type"/></concept><concept><code value="let"/><display value="Linear Energy Transfer"/></concept><concept><code value="quality-factor"/><display value="Radiation Quality Factor"/></concept><concept><code value="calibration-date"/><display value="Calibration Date"/></concept><concept><code value="operating-temperature"/><display value="Operating Temperature"/></concept><concept><code value="measurement-accuracy"/><display value="Measurement Accuracy"/></concept><concept><code value="career-dose"/><display value="Career Radiation Dose"/></concept><concept><code value="mission-dose"/><display value="Mission Radiation Dose"/></concept><concept><code value="annual-dose"/><display value="Annual Radiation Dose"/></concept><concept><code value="monthly-dose"/><display value="30-Day Radiation Dose"/></concept><concept><code value="weekly-dose"/><display value="Weekly Radiation Dose"/></concept><concept><code value="daily-dose"/><display value="Daily Radiation Dose"/></concept><concept><code value="gcr-dose"/><display value="Galactic Cosmic Radiation Dose"/></concept><concept><code value="spe-dose"/><display value="Solar Particle Event Dose"/></concept><concept><code value="trapped-dose"/><display value="Trapped Radiation Dose"/></concept><concept><code value="secondary-dose"/><display value="Secondary Radiation Dose"/></concept><concept><code value="neutron-dose"/><display value="Neutron Radiation Dose"/></concept><concept><code value="bone-marrow-dose"/><display value="Bone Marrow Dose"/></concept><concept><code value="eye-lens-dose"/><display value="Eye Lens Dose"/></concept><concept><code value="skin-dose"/><display value="Skin Dose"/></concept><concept><code value="cns-dose"/><display value="Central Nervous System Dose"/></concept><concept><code value="thyroid-dose"/><display value="Thyroid Dose"/></concept><concept><code value="gonad-dose"/><display value="Gonad Dose"/></concept><concept><code value="lung-dose"/><display value="Lung Dose"/></concept><concept><code value="gi-tract-dose"/><display value="GI Tract Dose"/></concept><concept><code value="whole-body-dose"/><display value="Whole Body Dose"/></concept><concept><code value="tld"/><display value="Thermoluminescent Dosimeter"/></concept><concept><code value="osld"/><display value="Optically Stimulated Luminescence Detector"/></concept><concept><code value="epd"/><display value="Electronic Personal Dosimeter"/></concept><concept><code value="tepc"/><display value="Tissue Equivalent Proportional Counter"/></concept><concept><code value="area-monitor"/><display value="Area Radiation Monitor"/></concept><concept><code value="neutron-detector"/><display value="Neutron Detection System"/></concept><concept><code value="spectrometer"/><display value="Radiation Spectrometer"/></concept><concept><code value="passive"/><display value="Passive Dosimeter"/></concept><concept><code value="active"/><display value="Active Real-time Dosimeter"/></concept><concept><code value="area"/><display value="Area Monitor"/></concept><concept><code value="iss-expedition"/><display value="ISS Expedition"/></concept><concept><code value="lunar-mission"/><display value="Lunar Mission"/></concept><concept><code value="mars-mission"/><display value="Mars Mission"/></concept><concept><code value="eva-mission"/><display value="Extravehicular Activity"/></concept><concept><code value="deep-space-mission"/><display value="Deep Space Mission"/></concept><concept><code value="leo-mission"/><display value="Low Earth Orbit Mission"/></concept><concept><code value="geo-mission"/><display value="Geostationary Earth Orbit Mission"/></concept><concept><code value="radiation-summary"/><display value="Space Radiation Exposure Summary"/></concept><concept><code value="dose-history"/><display value="Radiation Dose History"/></concept><concept><code value="risk-assessment"/><display value="Radiation Risk Assessment"/></concept><concept><code value="compliance-report"/><display value="Radiation Compliance Report"/></concept></CodeSystem>