<?xml version="1.0" encoding="UTF-8"?><CodeSystem xmlns="http://hl7.org/fhir"><id value="radiation-countermeasures-cs"/><text><status value="generated"/><div xmlns="http://www.w3.org/1999/xhtml"><p class="res-header-id"><b>Generated Narrative: CodeSystem radiation-countermeasures-cs</b></p><a name="radiation-countermeasures-cs"> </a><a name="hcradiation-countermeasures-cs"> </a><a name="radiation-countermeasures-cs-en-US"> </a><p>This case-sensitive code system <code>https://mitre.org/fhir/space-health/CodeSystem/radiation-countermeasures-cs</code> defines the following codes:</p><table class="codes"><tr><td style="white-space:nowrap"><b>Code</b></td><td><b>Display</b></td></tr><tr><td style="white-space:nowrap">shielding<a name="radiation-countermeasures-cs-shielding"> </a></td><td>Physical Shielding</td></tr><tr><td style="white-space:nowrap">shelter<a name="radiation-countermeasures-cs-shelter"> </a></td><td>Radiation Shelter</td></tr><tr><td style="white-space:nowrap">medication<a name="radiation-countermeasures-cs-medication"> </a></td><td>Radioprotective Medication</td></tr><tr><td style="white-space:nowrap">monitoring<a name="radiation-countermeasures-cs-monitoring"> </a></td><td>Enhanced Monitoring</td></tr></table></div></text><url value="https://mitre.org/fhir/space-health/CodeSystem/radiation-countermeasures-cs"/><version value="0.4.2"/><name value="RadiationCountermeasuresCS"/><title value="Radiation Countermeasures Code System"/><status value="draft"/><experimental value="false"/><date value="2025-06-01T22:56:50-05:00"/><publisher value="MITRE"/><contact><name value="MITRE"/><telecom><system value="url"/><value value="https://www.mitre.org/"/></telecom></contact><description value="Protective measures against space radiation"/><caseSensitive value="true"/><content value="complete"/><count value="4"/><concept><code value="shielding"/><display value="Physical Shielding"/><designation><use><system value="http://terminology.hl7.org/CodeSystem/designation-usage"/><code value="display"/></use><value value="Physical Shielding"/></designation><designation><use><system value="http://terminology.hl7.org/CodeSystem/designation-usage"/><code value="display"/></use><value value="Physical Shielding"/></designation></concept><concept><code value="shelter"/><display value="Radiation Shelter"/><designation><use><system value="http://terminology.hl7.org/CodeSystem/designation-usage"/><code value="display"/></use><value value="Radiation Shelter"/></designation><designation><use><system value="http://terminology.hl7.org/CodeSystem/designation-usage"/><code value="display"/></use><value value="Radiation Shelter"/></designation></concept><concept><code value="medication"/><display value="Radioprotective Medication"/><designation><use><system value="http://terminology.hl7.org/CodeSystem/designation-usage"/><code value="display"/></use><value value="Radioprotective Medication"/></designation><designation><use><system value="http://terminology.hl7.org/CodeSystem/designation-usage"/><code value="display"/></use><value value="Radioprotective Medication"/></designation></concept><concept><code value="monitoring"/><display value="Enhanced Monitoring"/><designation><use><system value="http://terminology.hl7.org/CodeSystem/designation-usage"/><code value="display"/></use><value value="Enhanced Monitoring"/></designation><designation><use><system value="http://terminology.hl7.org/CodeSystem/designation-usage"/><code value="display"/></use><value value="Enhanced Monitoring"/></designation></concept></CodeSystem>