<?xml version="1.0" encoding="UTF-8"?><ConceptMap xmlns="http://hl7.org/fhir"><id value="MapObservationToLocation"/><text><status value="generated"/><div xmlns="http://www.w3.org/1999/xhtml"><p class="res-header-id"><b>Generated Narrative: ConceptMap MapObservationToLocation</b></p><a name="MapObservationToLocation"> </a><a name="hcMapObservationToLocation"> </a><a name="MapObservationToLocation-en-US"> </a><p>Mapping from (not specified) to (not specified)</p><br/></div></text><url value="https://mitre.org/fhir/space-health/ConceptMap/MapObservationToLocation"/><version value="0.3.0"/><status value="active"/><date value="2025-05-06T20:45:50-06:00"/><publisher value="MITRE"/><contact><name value="MITRE"/><telecom><system value="url"/><value value="https://www.mitre.org/"/></telecom></contact></ConceptMap>