<?xml version="1.0" encoding="UTF-8"?><ValueSet xmlns="http://hl7.org/fhir"><id value="dosimeter-type-vs"/><text><status value="generated"/><div xmlns="http://www.w3.org/1999/xhtml"><p class="res-header-id"><b>Generated Narrative: ValueSet dosimeter-type-vs</b></p><a name="dosimeter-type-vs"> </a><a name="hcdosimeter-type-vs"> </a><a name="dosimeter-type-vs-en-US"> </a><ul><li>Include all codes defined in <a href="CodeSystem-radiation-detector-type-cs.html"><code>https://mitre.org/fhir/space-health/CodeSystem/radiation-detector-type-cs</code></a></li></ul></div></text><url value="https://mitre.org/fhir/space-health/ValueSet/dosimeter-type-vs"/><version value="0.4.2"/><name value="DosimeterTypeVS"/><title value="Dosimeter Types"/><status value="draft"/><experimental value="false"/><date value="2025-06-01T23:37:11-05:00"/><publisher value="MITRE"/><contact><name value="MITRE"/><telecom><system value="url"/><value value="https://www.mitre.org/"/></telecom></contact><description value="Types of radiation dosimeters"/><compose><include><system value="https://mitre.org/fhir/space-health/CodeSystem/radiation-detector-type-cs"/></include></compose></ValueSet>