<?xml version="1.0" encoding="UTF-8"?><ValueSet xmlns="http://hl7.org/fhir"><id value="artemis-prototype-devices-vs"/><text><status value="generated"/><div xmlns="http://www.w3.org/1999/xhtml"><p class="res-header-id"><b>Generated Narrative: ValueSet artemis-prototype-devices-vs</b></p><a name="artemis-prototype-devices-vs"> </a><a name="hcartemis-prototype-devices-vs"> </a><ul><li>Include all codes defined in <a href="CodeSystem-artemis-prototype-devices-cs.html"><code>http://hl7.org/fhir/uv/aerospace/CodeSystem/artemis-prototype-devices-cs</code></a><span title="Version is not explicitly stated, which means it is fixed to the version provided in this specification"> version 📦0.5.6</span></li></ul></div></text><url value="http://hl7.org/fhir/uv/aerospace/ValueSet/artemis-prototype-devices-vs"/><version value="0.5.6"/><name value="ArtemisPrototypeDevicesVS"/><title value="Artemis Prototype Devices"/><status value="active"/><experimental value="false"/><date value="2025-12-30T19:11:20-07:00"/><publisher value="MITRE"/><contact><name value="MITRE"/><telecom><system value="url"/><value value="https://www.mitre.org/"/></telecom></contact><description value="Developmental and test Artemis hardware"/><compose><include><system value="http://hl7.org/fhir/uv/aerospace/CodeSystem/artemis-prototype-devices-cs"/></include></compose></ValueSet>