<?xml version="1.0" encoding="UTF-8"?><ValueSet xmlns="http://hl7.org/fhir"><id value="underwater-communication-systems"/><text><status value="generated"/><div xmlns="http://www.w3.org/1999/xhtml"><p class="res-header-id"><b>Generated Narrative: ValueSet underwater-communication-systems</b></p><a name="underwater-communication-systems"> </a><a name="hcunderwater-communication-systems"> </a><a name="underwater-communication-systems-en-US"> </a><p>This value set includes codes based on the following rules:</p><ul><li>Include codes from<a href="CodeSystem-underwater-communication-cs.html"><code>https://mitre.org/fhir/space-health/CodeSystem/underwater-communication-cs</code></a> where concept  is-a <a href="CodeSystem-underwater-communication-cs.html#underwater-communication-cs-hardwire-comm">hardwire-comm</a></li><li>Include codes from<a href="CodeSystem-underwater-communication-cs.html"><code>https://mitre.org/fhir/space-health/CodeSystem/underwater-communication-cs</code></a> where concept  is-a <a href="CodeSystem-underwater-communication-cs.html#underwater-communication-cs-through-water-comm">through-water-comm</a></li><li>Include codes from<a href="CodeSystem-underwater-communication-cs.html"><code>https://mitre.org/fhir/space-health/CodeSystem/underwater-communication-cs</code></a> where concept  is-a <a href="CodeSystem-underwater-communication-cs.html#underwater-communication-cs-surface-comm">surface-comm</a></li><li>Include codes from<a href="CodeSystem-underwater-communication-cs.html"><code>https://mitre.org/fhir/space-health/CodeSystem/underwater-communication-cs</code></a> where concept  is-a <a href="CodeSystem-underwater-communication-cs.html#underwater-communication-cs-inter-diver-comm">inter-diver-comm</a></li><li>Include codes from<a href="CodeSystem-underwater-communication-cs.html"><code>https://mitre.org/fhir/space-health/CodeSystem/underwater-communication-cs</code></a> where concept  is-a <a href="CodeSystem-underwater-communication-cs.html#underwater-communication-cs-full-face-mask">full-face-mask</a></li><li>Include codes from<a href="CodeSystem-underwater-communication-cs.html"><code>https://mitre.org/fhir/space-health/CodeSystem/underwater-communication-cs</code></a> where concept  is-a <a href="CodeSystem-underwater-communication-cs.html#underwater-communication-cs-bone-conduction">bone-conduction</a></li><li>Include codes from<a href="CodeSystem-underwater-communication-cs.html"><code>https://mitre.org/fhir/space-health/CodeSystem/underwater-communication-cs</code></a> where concept  is-a <a href="CodeSystem-underwater-communication-cs.html#underwater-communication-cs-pneumatic-comm">pneumatic-comm</a></li></ul></div></text><url value="https://mitre.org/fhir/space-health/ValueSet/underwater-communication-systems"/><version value="0.4.2"/><name value="UnderwaterCommunicationSystems"/><title value="Underwater Communication Systems"/><status value="draft"/><experimental value="false"/><date value="2025-06-01T22:56:50-05:00"/><publisher value="MITRE"/><contact><name value="MITRE"/><telecom><system value="url"/><value value="https://www.mitre.org/"/></telecom></contact><description value="Communication systems used in underwater training operations"/><compose><include><system value="https://mitre.org/fhir/space-health/CodeSystem/underwater-communication-cs"/><filter><property value="concept"/><op value="is-a"/><value value="hardwire-comm"/></filter></include><include><system value="https://mitre.org/fhir/space-health/CodeSystem/underwater-communication-cs"/><filter><property value="concept"/><op value="is-a"/><value value="through-water-comm"/></filter></include><include><system value="https://mitre.org/fhir/space-health/CodeSystem/underwater-communication-cs"/><filter><property value="concept"/><op value="is-a"/><value value="surface-comm"/></filter></include><include><system value="https://mitre.org/fhir/space-health/CodeSystem/underwater-communication-cs"/><filter><property value="concept"/><op value="is-a"/><value value="inter-diver-comm"/></filter></include><include><system value="https://mitre.org/fhir/space-health/CodeSystem/underwater-communication-cs"/><filter><property value="concept"/><op value="is-a"/><value value="full-face-mask"/></filter></include><include><system value="https://mitre.org/fhir/space-health/CodeSystem/underwater-communication-cs"/><filter><property value="concept"/><op value="is-a"/><value value="bone-conduction"/></filter></include><include><system value="https://mitre.org/fhir/space-health/CodeSystem/underwater-communication-cs"/><filter><property value="concept"/><op value="is-a"/><value value="pneumatic-comm"/></filter></include></compose></ValueSet>