<?xml version="1.0" encoding="UTF-8"?><ValueSet xmlns="http://hl7.org/fhir"><id value="hyperbaric-chamber-type-vs"/><text><status value="generated"/><div xmlns="http://www.w3.org/1999/xhtml"><p class="res-header-id"><b>Generated Narrative: ValueSet hyperbaric-chamber-type-vs</b></p><a name="hyperbaric-chamber-type-vs"> </a><a name="hchyperbaric-chamber-type-vs"> </a><ul><li>Include all codes defined in <a href="CodeSystem-hyperbaric-chamber-type-cs.html"><code>http://hl7.org/fhir/uv/aerospace/CodeSystem/hyperbaric-chamber-type-cs</code></a><span title="Version is not explicitly stated, which means it is fixed to the version provided in this specification"> version 📦0.5.1</span></li></ul></div></text><url value="https://mitre.org/fhir/space-health/ValueSet/hyperbaric-chamber-type-vs"/><version value="0.5.1"/><name value="HyperbaricChamberTypeVS"/><title value="Hyperbaric Chamber Types"/><status value="active"/><experimental value="false"/><date value="2025-12-29T13:16:13-07:00"/><publisher value="MITRE"/><contact><name value="MITRE"/><telecom><system value="url"/><value value="https://www.mitre.org/"/></telecom></contact><description value="Types of hyperbaric chambers"/><compose><include><system value="http://hl7.org/fhir/uv/aerospace/CodeSystem/hyperbaric-chamber-type-cs"/></include></compose></ValueSet>