<?xml version="1.0" encoding="UTF-8"?><ValueSet xmlns="http://hl7.org/fhir"><id value="mars-devices-certified-vs"/><text><status value="generated"/><div xmlns="http://www.w3.org/1999/xhtml"><p class="res-header-id"><b>Generated Narrative: ValueSet mars-devices-certified-vs</b></p><a name="mars-devices-certified-vs"> </a><a name="hcmars-devices-certified-vs"> </a><ul><li>Include all codes defined in <a href="CodeSystem-mars-devices-certified-cs.html"><code>http://hl7.org/fhir/uv/aerospace/CodeSystem/mars-devices-certified-cs</code></a><span title="Version is not explicitly stated, which means it is fixed to the version provided in this specification"> version 📦0.5.1</span></li></ul></div></text><url value="http://hl7.org/fhir/uv/aerospace/ValueSet/mars-devices-certified-vs"/><version value="0.5.1"/><name value="MarsCertifiedDevicesVS"/><title value="Mars Mission Devices - Certified"/><status value="active"/><experimental value="false"/><date value="2025-12-29T13:16:13-07:00"/><publisher value="MITRE"/><contact><name value="MITRE"/><telecom><system value="url"/><value value="https://www.mitre.org/"/></telecom></contact><description value="Flight-qualified hardware for Mars missions"/><compose><include><system value="http://hl7.org/fhir/uv/aerospace/CodeSystem/mars-devices-certified-cs"/></include></compose></ValueSet>