<?xml version="1.0" encoding="UTF-8"?><ValueSet xmlns="http://hl7.org/fhir"><id value="SleepLossHypoxiaResponses"/><text><status value="generated"/><div xmlns="http://www.w3.org/1999/xhtml"><p class="res-header-id"><b>Generated Narrative: ValueSet SleepLossHypoxiaResponses</b></p><a name="SleepLossHypoxiaResponses"> </a><a name="hcSleepLossHypoxiaResponses"> </a><a name="SleepLossHypoxiaResponses-en-US"> </a><ul><li>Include these codes as defined in <a href="http://www.snomed.org/"><code>http://snomed.info/sct</code></a><table class="none"><tr><td style="white-space:nowrap"><b>Code</b></td><td><b>Display</b></td></tr><tr><td><a href="http://snomed.info/id/78590007">78590007</a></td><td>Acute mountain sickness</td></tr><tr><td><a href="http://snomed.info/id/130989002">130989002</a></td><td>Sleep deprivation</td></tr><tr><td><a href="http://snomed.info/id/30869003">30869003</a></td><td>Hypoxia</td></tr><tr><td><a href="http://snomed.info/id/233707008">233707008</a></td><td>High altitude pulmonary edema</td></tr><tr><td><a href="http://snomed.info/id/230762003">230762003</a></td><td>High altitude cerebral edema</td></tr><tr><td><a href="http://snomed.info/id/23583003">23583003</a></td><td>Inflammation</td></tr><tr><td><a href="http://snomed.info/id/50530005">50530005</a></td><td>Cheyne-stokes breathing</td></tr><tr><td><a href="http://snomed.info/id/55235003">55235003</a></td><td>CRP - C-reactive protein level</td></tr><tr><td><a href="http://snomed.info/id/15754000">15754000</a></td><td>Interleukin-7</td></tr></table></li></ul></div></text><url value="https://mitre.org/fhir/space-health/ValueSet/SleepLossHypoxiaResponses"/><version value="0.4.0"/><name value="SleepLossHypoxiaResponses"/><title value="Sleep Loss and Hypoxia Responses"/><status value="draft"/><date value="2025-05-21T00:44:32-05:00"/><publisher value="MITRE"/><contact><name value="MITRE"/><telecom><system value="url"/><value value="https://www.mitre.org/"/></telecom></contact><description value="Concepts related to sleep deprivation and physiological/cognitive responses to systemic environmental hypoxia."/><compose><include><system value="http://snomed.info/sct"/><concept><code value="78590007"/><display value="Acute mountain sickness"/></concept><concept><code value="130989002"/><display value="Sleep deprivation"/></concept><concept><code value="30869003"/><display value="Hypoxia"/></concept><concept><code value="233707008"/><display value="High altitude pulmonary edema"/></concept><concept><code value="230762003"/><display value="High altitude cerebral edema"/></concept><concept><code value="23583003"/><display value="Inflammation"/></concept><concept><code value="50530005"/><display value="Cheyne-stokes breathing"/></concept><concept><code value="55235003"/><display value="CRP - C-reactive protein level"/></concept><concept><code value="15754000"/><display value="Interleukin-7"/></concept></include></compose></ValueSet>