<?xml version="1.0" encoding="UTF-8"?><ValueSet xmlns="http://hl7.org/fhir"><id value="AstronautBackPain"/><text><status value="generated"/><div xmlns="http://www.w3.org/1999/xhtml"><p class="res-header-id"><b>Generated Narrative: ValueSet AstronautBackPain</b></p><a name="AstronautBackPain"> </a><a name="hcAstronautBackPain"> </a><ul><li>Include these codes as defined in <a href="http://www.snomed.org/"><code>http://snomed.info/sct</code></a><span title="Version is not explicitly stated. No matching Code System found"> version Not Stated (use latest from terminology server)</span><table class="none"><tr><td style="white-space:nowrap"><b>Code</b></td><td><b>Display</b></td></tr><tr><td><a href="http://snomed.info/id/16986008">16986008</a></td><td>Pain in back</td></tr><tr><td><a href="http://snomed.info/id/46360000">46360000</a></td><td>Abnormal curvature</td></tr><tr><td><a href="http://snomed.info/id/73589001">73589001</a></td><td>Herniation of intervertebral disc</td></tr><tr><td><a href="http://snomed.info/id/229138000">229138000</a></td><td>Back exercises</td></tr><tr><td><a href="http://snomed.info/id/229239004">229239004</a></td><td>Neuromuscular stimulation</td></tr><tr><td><a href="http://snomed.info/id/82423001">82423001</a></td><td>Chronic pain</td></tr></table></li></ul></div></text><url value="https://mitre.org/fhir/space-health/ValueSet/AstronautBackPain"/><version value="0.5.2"/><name value="AstronautBackPain"/><title value="Back Pain and Space Travel"/><status value="draft"/><date value="2025-12-29T20:17:52-07:00"/><publisher value="MITRE"/><contact><name value="MITRE"/><telecom><system value="url"/><value value="https://www.mitre.org/"/></telecom></contact><description value="Back pain and associated conditions observed in astronauts and their potential terrestrial applications."/><compose><include><system value="http://snomed.info/sct"/><concept><code value="16986008"/><display value="Pain in back"/></concept><concept><code value="46360000"/><display value="Abnormal curvature"/></concept><concept><code value="73589001"/><display value="Herniation of intervertebral disc"/></concept><concept><code value="229138000"/><display value="Back exercises"/></concept><concept><code value="229239004"/><display value="Neuromuscular stimulation"/></concept><concept><code value="82423001"/><display value="Chronic pain"/></concept></include></compose></ValueSet>