<?xml version="1.0" encoding="UTF-8"?><ValueSet xmlns="http://hl7.org/fhir"><id value="nutrition-inventory-status-vs"/><text><status value="generated"/><div xmlns="http://www.w3.org/1999/xhtml"><p class="res-header-id"><b>Generated Narrative: ValueSet nutrition-inventory-status-vs</b></p><a name="nutrition-inventory-status-vs"> </a><a name="hcnutrition-inventory-status-vs"> </a><ul><li>Include all codes defined in <a href="CodeSystem-nutrition-inventory-status-cs.html"><code>https://mitre.org/fhir/space-health/CodeSystem/nutrition-inventory-status-cs</code></a><span title="Version is not explicitly stated, which means it is fixed to the version provided in this specification"> version 📦0.5.0</span></li></ul></div></text><url value="https://mitre.org/fhir/space-health/ValueSet/nutrition-inventory-status-vs"/><version value="0.5.0"/><name value="NutritionInventoryStatusVS"/><title value="Nutrition Inventory Status"/><status value="active"/><experimental value="false"/><date value="2025-12-25T11:43:35-07:00"/><publisher value="MITRE"/><contact><name value="MITRE"/><telecom><system value="url"/><value value="https://www.mitre.org/"/></telecom></contact><description value="Status levels for nutrition inventory management"/><compose><include><system value="https://mitre.org/fhir/space-health/CodeSystem/nutrition-inventory-status-cs"/></include></compose></ValueSet>