<?xml version="1.0" encoding="UTF-8"?><ValueSet xmlns="http://hl7.org/fhir"><id value="evs-units-vs"/><text><status value="generated"/><div xmlns="http://www.w3.org/1999/xhtml"><p class="res-header-id"><b>Generated Narrative: ValueSet evs-units-vs</b></p><a name="evs-units-vs"> </a><a name="hcevs-units-vs"> </a><ul><li>Include these codes as defined in <a href="http://unitsofmeasure.org"><code>http://unitsofmeasure.org</code></a><span title="Version is not explicitly stated. No matching Code System found"> version Not Stated (use latest from terminology server)</span><table class="none"><tr><td style="white-space:nowrap"><b>Code</b></td><td><b>Display</b></td></tr><tr><td>min/wk</td><td>minutes per week</td></tr><tr><td>min</td><td>minutes</td></tr></table></li></ul></div></text><url value="https://mitre.org/fhir/space-health/ValueSet/evs-units-vs"/><version value="0.5.4"/><name value="EVSUnitsVS"/><title value="EVS Units"/><status value="active"/><experimental value="false"/><date value="2025-12-29T23:18:22-07:00"/><publisher value="MITRE"/><contact><name value="MITRE"/><telecom><system value="url"/><value value="https://www.mitre.org/"/></telecom></contact><description value="Units for Exercise Vital Sign measurements"/><compose><include><system value="http://unitsofmeasure.org"/><concept><code value="min/wk"/><display value="minutes per week"/></concept><concept><code value="min"/><display value="minutes"/></concept></include></compose></ValueSet>