<?xml version="1.0" encoding="UTF-8"?><ValueSet xmlns="http://hl7.org/fhir"><id value="radiation-detector-type-vs-complete"/><text><status value="generated"/><div xmlns="http://www.w3.org/1999/xhtml"><p class="res-header-id"><b>Generated Narrative: ValueSet radiation-detector-type-vs-complete</b></p><a name="radiation-detector-type-vs-complete"> </a><a name="hcradiation-detector-type-vs-complete"> </a><p>This value set includes codes based on the following rules:</p><ul><li>Include all codes defined in <a href="CodeSystem-radiation-detector-type-cs.html"><code>https://mitre.org/fhir/space-health/CodeSystem/radiation-detector-type-cs</code></a><span title="Version is not explicitly stated, which means it is fixed to the version provided in this specification"> version 📦0.5.0</span></li><li>Include these codes as defined in <code>http://hl7.org/fhir/uv/aerospace/CodeSystem/aerospace-code-system</code><span title="Version is not explicitly stated. No matching Code System found"> version Not Stated (use latest from terminology server)</span><table class="none"><tr><td style="white-space:nowrap"><b>Code</b></td><td><b>Display</b></td></tr><tr><td>tld</td><td>Thermoluminescent Dosimeter</td></tr><tr><td>osld</td><td>Optically Stimulated Luminescence Detector</td></tr><tr><td>epd</td><td>Electronic Personal Dosimeter</td></tr><tr><td>tepc</td><td>Tissue Equivalent Proportional Counter</td></tr><tr><td>area-monitor</td><td>Area Radiation Monitor</td></tr><tr><td>neutron-detector</td><td>Neutron Detection System</td></tr><tr><td>spectrometer</td><td>Radiation Spectrometer</td></tr></table></li></ul></div></text><url value="https://mitre.org/fhir/space-health/ValueSet/radiation-detector-type-vs-complete"/><version value="0.5.0"/><name value="RadiationDetectorTypeVSComplete"/><title value="Complete Radiation Detector Types"/><status value="active"/><experimental value="false"/><date value="2025-12-25T11:43:35-07:00"/><publisher value="MITRE"/><contact><name value="MITRE"/><telecom><system value="url"/><value value="https://www.mitre.org/"/></telecom></contact><description value="Comprehensive list of radiation detection devices used in space"/><compose><include><system value="https://mitre.org/fhir/space-health/CodeSystem/radiation-detector-type-cs"/></include><include><system value="http://hl7.org/fhir/uv/aerospace/CodeSystem/aerospace-code-system"/><concept><code value="tld"/><display value="Thermoluminescent Dosimeter"/></concept><concept><code value="osld"/><display value="Optically Stimulated Luminescence Detector"/></concept><concept><code value="epd"/><display value="Electronic Personal Dosimeter"/></concept><concept><code value="tepc"/><display value="Tissue Equivalent Proportional Counter"/></concept><concept><code value="area-monitor"/><display value="Area Radiation Monitor"/></concept><concept><code value="neutron-detector"/><display value="Neutron Detection System"/></concept><concept><code value="spectrometer"/><display value="Radiation Spectrometer"/></concept></include></compose></ValueSet>