<?xml version="1.0" encoding="UTF-8"?><ValueSet xmlns="http://hl7.org/fhir"><id value="SpaceflightStressFactors"/><text><status value="generated"/><div xmlns="http://www.w3.org/1999/xhtml"><p class="res-header-id"><b>Generated Narrative: ValueSet SpaceflightStressFactors</b></p><a name="SpaceflightStressFactors"> </a><a name="hcSpaceflightStressFactors"> </a><ul><li>Include these codes as defined in <a href="http://www.snomed.org/"><code>http://snomed.info/sct</code></a><span title="Version is not explicitly stated. No matching Code System found"> version Not Stated (use latest from terminology server)</span><table class="none"><tr><td style="white-space:nowrap"><b>Code</b></td><td><b>Display</b></td></tr><tr><td><a href="http://snomed.info/id/364565004">364565004</a></td><td>joint stress test response</td></tr><tr><td><a href="http://snomed.info/id/72353004">72353004</a></td><td>psychosocial procedure</td></tr><tr><td><a href="http://snomed.info/id/315722006">315722006</a></td><td>[v]isolation</td></tr><tr><td><a href="http://snomed.info/id/278994005">278994005</a></td><td>hormonal</td></tr><tr><td><a href="http://snomed.info/id/258395000">258395000</a></td><td>levels</td></tr><tr><td><a href="http://snomed.info/id/158149000">158149000</a></td><td>sleep disturbances</td></tr><tr><td><a href="http://snomed.info/id/4452006">4452006</a></td><td>adaptation</td></tr><tr><td><a href="http://snomed.info/id/90780006">90780006</a></td><td>individual bone</td></tr><tr><td><a href="http://snomed.info/id/76746007">76746007</a></td><td>cardiovascular stress testing</td></tr><tr><td><a href="http://snomed.info/id/37523008">37523008</a></td><td>immunological</td></tr><tr><td><a href="http://snomed.info/id/123036008">123036008</a></td><td>endocrine function</td></tr><tr><td><a href="http://snomed.info/id/128928004">128928004</a></td><td>neuroendocrine neoplasm</td></tr><tr><td><a href="http://snomed.info/id/30920001">30920001</a></td><td>circadian rhythm</td></tr><tr><td><a href="http://snomed.info/id/84229001">84229001</a></td><td>fatigue</td></tr><tr><td><a href="http://snomed.info/id/38237000">38237000</a></td><td>anxiety</td></tr><tr><td><a href="http://snomed.info/id/35489007">35489007</a></td><td>depression</td></tr><tr><td><a href="http://snomed.info/id/288005">288005</a></td><td>cognitive function finding</td></tr><tr><td><a href="http://snomed.info/id/30910006">30910006</a></td><td>emotional disorder</td></tr><tr><td><a href="http://snomed.info/id/85256008">85256008</a></td><td>mood</td></tr><tr><td><a href="http://snomed.info/id/271893008">271893008</a></td><td>o/e - behavioral</td></tr><tr><td><a href="http://snomed.info/id/227616006">227616006</a></td><td>mars bar</td></tr><tr><td><a href="http://snomed.info/id/42341009">42341009</a></td><td>loss of perception of sensory stimuli</td></tr><tr><td><a href="http://snomed.info/id/68130003">68130003</a></td><td>physical activity</td></tr></table></li></ul></div></text><url value="https://mitre.org/fhir/space-health/ValueSet/SpaceflightStressFactors"/><version value="0.5.4"/><name value="SpaceflightStressFactors"/><title value="Stress and Physiological Factors"/><status value="draft"/><date value="2025-12-29T23:18:22-07:00"/><publisher value="MITRE"/><contact><name value="MITRE"/><telecom><system value="url"/><value value="https://www.mitre.org/"/></telecom></contact><description value="Concepts related to stress, physiological, and psychological factors during spaceflight analog missions."/><compose><include><system value="http://snomed.info/sct"/><concept><code value="364565004"/><display value="joint stress test response"/></concept><concept><code value="72353004"/><display value="psychosocial procedure"/></concept><concept><code value="315722006"/><display value="[v]isolation"/></concept><concept><code value="278994005"/><display value="hormonal"/></concept><concept><code value="258395000"/><display value="levels"/></concept><concept><code value="158149000"/><display value="sleep disturbances"/></concept><concept><code value="4452006"/><display value="adaptation"/></concept><concept><code value="90780006"/><display value="individual bone"/></concept><concept><code value="76746007"/><display value="cardiovascular stress testing"/></concept><concept><code value="37523008"/><display value="immunological"/></concept><concept><code value="123036008"/><display value="endocrine function"/></concept><concept><code value="128928004"/><display value="neuroendocrine neoplasm"/></concept><concept><code value="30920001"/><display value="circadian rhythm"/></concept><concept><code value="84229001"/><display value="fatigue"/></concept><concept><code value="38237000"/><display value="anxiety"/></concept><concept><code value="35489007"/><display value="depression"/></concept><concept><code value="288005"/><display value="cognitive function finding"/></concept><concept><code value="30910006"/><display value="emotional disorder"/></concept><concept><code value="85256008"/><display value="mood"/></concept><concept><code value="271893008"/><display value="o/e - behavioral"/></concept><concept><code value="227616006"/><display value="mars bar"/></concept><concept><code value="42341009"/><display value="loss of perception of sensory stimuli"/></concept><concept><code value="68130003"/><display value="physical activity"/></concept></include></compose></ValueSet>