<?xml version="1.0" encoding="UTF-8"?><ValueSet xmlns="http://hl7.org/fhir"><id value="space-radiation-dose-codes-vs-complete"/><text><status value="generated"/><div xmlns="http://www.w3.org/1999/xhtml"><p class="res-header-id"><b>Generated Narrative: ValueSet space-radiation-dose-codes-vs-complete</b></p><a name="space-radiation-dose-codes-vs-complete"> </a><a name="hcspace-radiation-dose-codes-vs-complete"> </a><p>This value set includes codes based on the following rules:</p><ul><li>Include these codes as defined in <a href="http://loinc.org"><code>http://loinc.org</code></a><span title="Version is not explicitly stated. No matching Code System found"> version Not Stated (use latest from terminology server)</span><table class="none"><tr><td style="white-space:nowrap"><b>Code</b></td><td><b>Display</b></td></tr><tr><td><a href="https://loinc.org/73536-5/">73536-5</a></td><td>Radiation dose total</td></tr><tr><td><a href="https://loinc.org/77638-4/">77638-4</a></td><td>Irradiation dose rate</td></tr></table></li><li>Include these codes as defined in <code>http://hl7.org/fhir/uv/aerospace/CodeSystem/aerospace-code-system</code><span title="Version is not explicitly stated. No matching Code System found"> version Not Stated (use latest from terminology server)</span><table class="none"><tr><td style="white-space:nowrap"><b>Code</b></td><td><b>Display</b></td></tr><tr><td>gcr-dose</td><td>Galactic Cosmic Radiation Dose</td></tr><tr><td>spe-dose</td><td>Solar Particle Event Dose</td></tr><tr><td>trapped-dose</td><td>Trapped Radiation Dose</td></tr><tr><td>secondary-dose</td><td>Secondary Radiation Dose</td></tr><tr><td>neutron-dose</td><td>Neutron Radiation Dose</td></tr></table></li></ul></div></text><url value="https://mitre.org/fhir/space-health/ValueSet/space-radiation-dose-codes-vs-complete"/><version value="0.5.5"/><name value="SpaceRadiationDoseCodesVSComplete"/><title value="Complete Space Radiation Dose Measurement Codes"/><status value="active"/><experimental value="false"/><date value="2025-12-30T00:07:25-07:00"/><publisher value="MITRE"/><contact><name value="MITRE"/><telecom><system value="url"/><value value="https://www.mitre.org/"/></telecom></contact><description value="Comprehensive codes for radiation dose measurements in space environments"/><compose><include><system value="http://loinc.org"/><concept><code value="73536-5"/><display value="Radiation dose total"/></concept><concept><code value="77638-4"/><display value="Irradiation dose rate"/></concept></include><include><system value="http://hl7.org/fhir/uv/aerospace/CodeSystem/aerospace-code-system"/><concept><code value="gcr-dose"/><display value="Galactic Cosmic Radiation Dose"/></concept><concept><code value="spe-dose"/><display value="Solar Particle Event Dose"/></concept><concept><code value="trapped-dose"/><display value="Trapped Radiation Dose"/></concept><concept><code value="secondary-dose"/><display value="Secondary Radiation Dose"/></concept><concept><code value="neutron-dose"/><display value="Neutron Radiation Dose"/></concept></include></compose></ValueSet>