<?xml version="1.0" encoding="UTF-8"?><ValueSet xmlns="http://hl7.org/fhir"><id value="space-environmental-factors"/><text><status value="generated"/><div xmlns="http://www.w3.org/1999/xhtml"><p class="res-header-id"><b>Generated Narrative: ValueSet space-environmental-factors</b></p><a name="space-environmental-factors"> </a><a name="hcspace-environmental-factors"> </a><a name="space-environmental-factors-en-US"> </a><ul><li>Include these codes as defined in <a href="http://www.snomed.org/"><code>http://snomed.info/sct</code></a><table class="none"><tr><td style="white-space:nowrap"><b>Code</b></td><td><b>Display</b></td></tr><tr><td><a href="http://snomed.info/id/37247000">37247000</a></td><td>Weightlessness</td></tr><tr><td><a href="http://snomed.info/id/212989002">212989002</a></td><td>Weightlessness</td></tr><tr><td><a href="http://snomed.info/id/242028000">242028000</a></td><td>Weightlessness</td></tr><tr><td><a href="http://snomed.info/id/46316000">46316000</a></td><td>Cosmic radiation</td></tr><tr><td><a href="http://snomed.info/id/242796004">242796004</a></td><td>Exposure to cosmic radiation</td></tr><tr><td><a href="http://snomed.info/id/138899005">138899005</a></td><td>H/O: radiation exposure</td></tr><tr><td><a href="http://snomed.info/id/148459003">148459003</a></td><td>Radiation exposure screening</td></tr><tr><td><a href="http://snomed.info/id/16197009">16197009</a></td><td>Social isolation</td></tr><tr><td><a href="http://snomed.info/id/64441002">64441002</a></td><td>Social isolation</td></tr><tr><td><a href="http://snomed.info/id/19842001">19842001</a></td><td>Isolation after contact with infectious disease</td></tr><tr><td><a href="http://snomed.info/id/44532001">44532001</a></td><td>Barotrauma</td></tr><tr><td><a href="http://snomed.info/id/49252004">49252004</a></td><td>Otitic barotrauma</td></tr><tr><td><a href="http://snomed.info/id/123672002">123672002</a></td><td>Pulmonary barotrauma</td></tr><tr><td><a href="http://snomed.info/id/33499000">33499000</a></td><td>Oxygen toxicity</td></tr><tr><td><a href="http://snomed.info/id/78427001">78427001</a></td><td>Occupational noise exposure</td></tr><tr><td><a href="http://snomed.info/id/44016006">44016006</a></td><td>Decompression sickness</td></tr><tr><td><a href="http://snomed.info/id/89684003">89684003</a></td><td>Decompression sickness</td></tr><tr><td><a href="http://snomed.info/id/5770003">5770003</a></td><td>Decompression injury</td></tr></table></li></ul></div></text><url value="https://mitre.org/fhir/space-health/ValueSet/space-environmental-factors"/><version value="0.4.2"/><name value="SpaceEnvironmentalFactorsValueSet"/><title value="Space Environmental Factors"/><status value="draft"/><experimental value="true"/><date value="2025-06-01T23:37:11-05:00"/><publisher value="MITRE"/><contact><name value="MITRE"/><telecom><system value="url"/><value value="https://www.mitre.org/"/></telecom></contact><description value="Environmental factors relevant to human spaceflight, including weightlessness, radiation, isolation, and decompression"/><compose><include><system value="http://snomed.info/sct"/><concept><code value="37247000"/><display value="Weightlessness"/></concept><concept><code value="212989002"/><display value="Weightlessness"/></concept><concept><code value="242028000"/><display value="Weightlessness"/></concept><concept><code value="46316000"/><display value="Cosmic radiation"/></concept><concept><code value="242796004"/><display value="Exposure to cosmic radiation"/></concept><concept><code value="138899005"/><display value="H/O: radiation exposure"/></concept><concept><code value="148459003"/><display value="Radiation exposure screening"/></concept><concept><code value="16197009"/><display value="Social isolation"/></concept><concept><code value="64441002"/><display value="Social isolation"/></concept><concept><code value="19842001"/><display value="Isolation after contact with infectious disease"/></concept><concept><code value="44532001"/><display value="Barotrauma"/></concept><concept><code value="49252004"/><display value="Otitic barotrauma"/></concept><concept><code value="123672002"/><display value="Pulmonary barotrauma"/></concept><concept><code value="33499000"/><display value="Oxygen toxicity"/></concept><concept><code value="78427001"/><display value="Occupational noise exposure"/></concept><concept><code value="44016006"/><display value="Decompression sickness"/></concept><concept><code value="89684003"/><display value="Decompression sickness"/></concept><concept><code value="5770003"/><display value="Decompression injury"/></concept></include></compose></ValueSet>