<?xml version="1.0" encoding="UTF-8"?><ValueSet xmlns="http://hl7.org/fhir"><id value="neutral-buoyancy-training-activities"/><text><status value="generated"/><div xmlns="http://www.w3.org/1999/xhtml"><p class="res-header-id"><b>Generated Narrative: ValueSet neutral-buoyancy-training-activities</b></p><a name="neutral-buoyancy-training-activities"> </a><a name="hcneutral-buoyancy-training-activities"> </a><p>This value set includes codes based on the following rules:</p><ul><li>Include codes from<a href="CodeSystem-neutral-buoyancy-training-cs.html"><code>https://mitre.org/fhir/space-health/CodeSystem/neutral-buoyancy-training-cs</code></a><span title="Version is not explicitly stated, which means it is fixed to the version provided in this specification"> version 📦0.5.3</span> where concept  is-a <a href="CodeSystem-neutral-buoyancy-training-cs.html#neutral-buoyancy-training-cs-eva-simulation">eva-simulation</a></li><li>Include codes from<a href="CodeSystem-neutral-buoyancy-training-cs.html"><code>https://mitre.org/fhir/space-health/CodeSystem/neutral-buoyancy-training-cs</code></a><span title="Version is not explicitly stated, which means it is fixed to the version provided in this specification"> version 📦0.5.3</span> where concept  is-a <a href="CodeSystem-neutral-buoyancy-training-cs.html#neutral-buoyancy-training-cs-tool-manipulation">tool-manipulation</a></li><li>Include codes from<a href="CodeSystem-neutral-buoyancy-training-cs.html"><code>https://mitre.org/fhir/space-health/CodeSystem/neutral-buoyancy-training-cs</code></a><span title="Version is not explicitly stated, which means it is fixed to the version provided in this specification"> version 📦0.5.3</span> where concept  is-a <a href="CodeSystem-neutral-buoyancy-training-cs.html#neutral-buoyancy-training-cs-emergency-egress">emergency-egress</a></li><li>Include codes from<a href="CodeSystem-neutral-buoyancy-training-cs.html"><code>https://mitre.org/fhir/space-health/CodeSystem/neutral-buoyancy-training-cs</code></a><span title="Version is not explicitly stated, which means it is fixed to the version provided in this specification"> version 📦0.5.3</span> where concept  is-a <a href="CodeSystem-neutral-buoyancy-training-cs.html#neutral-buoyancy-training-cs-crew-coordination">crew-coordination</a></li><li>Include codes from<a href="CodeSystem-neutral-buoyancy-training-cs.html"><code>https://mitre.org/fhir/space-health/CodeSystem/neutral-buoyancy-training-cs</code></a><span title="Version is not explicitly stated, which means it is fixed to the version provided in this specification"> version 📦0.5.3</span> where concept  is-a <a href="CodeSystem-neutral-buoyancy-training-cs.html#neutral-buoyancy-training-cs-equipment-familiarization">equipment-familiarization</a></li><li>Include codes from<a href="CodeSystem-neutral-buoyancy-training-cs.html"><code>https://mitre.org/fhir/space-health/CodeSystem/neutral-buoyancy-training-cs</code></a><span title="Version is not explicitly stated, which means it is fixed to the version provided in this specification"> version 📦0.5.3</span> where concept  is-a <a href="CodeSystem-neutral-buoyancy-training-cs.html#neutral-buoyancy-training-cs-habitat-construction">habitat-construction</a></li><li>Include codes from<a href="CodeSystem-neutral-buoyancy-training-cs.html"><code>https://mitre.org/fhir/space-health/CodeSystem/neutral-buoyancy-training-cs</code></a><span title="Version is not explicitly stated, which means it is fixed to the version provided in this specification"> version 📦0.5.3</span> where concept  is-a <a href="CodeSystem-neutral-buoyancy-training-cs.html#neutral-buoyancy-training-cs-scientific-sampling">scientific-sampling</a></li><li>Include codes from<a href="CodeSystem-neutral-buoyancy-training-cs.html"><code>https://mitre.org/fhir/space-health/CodeSystem/neutral-buoyancy-training-cs</code></a><span title="Version is not explicitly stated, which means it is fixed to the version provided in this specification"> version 📦0.5.3</span> where concept  is-a <a href="CodeSystem-neutral-buoyancy-training-cs.html#neutral-buoyancy-training-cs-maintenance-repair">maintenance-repair</a></li></ul></div></text><url value="https://mitre.org/fhir/space-health/ValueSet/neutral-buoyancy-training-activities"/><version value="0.5.3"/><name value="NeutralBuoyancyTrainingActivities"/><title value="Neutral Buoyancy Training Activities"/><status value="draft"/><experimental value="false"/><date value="2025-12-29T22:23:37-07:00"/><publisher value="MITRE"/><contact><name value="MITRE"/><telecom><system value="url"/><value value="https://www.mitre.org/"/></telecom></contact><description value="Types of training activities conducted in neutral buoyancy environments"/><compose><include><system value="https://mitre.org/fhir/space-health/CodeSystem/neutral-buoyancy-training-cs"/><filter><property value="concept"/><op value="is-a"/><value value="eva-simulation"/></filter></include><include><system value="https://mitre.org/fhir/space-health/CodeSystem/neutral-buoyancy-training-cs"/><filter><property value="concept"/><op value="is-a"/><value value="tool-manipulation"/></filter></include><include><system value="https://mitre.org/fhir/space-health/CodeSystem/neutral-buoyancy-training-cs"/><filter><property value="concept"/><op value="is-a"/><value value="emergency-egress"/></filter></include><include><system value="https://mitre.org/fhir/space-health/CodeSystem/neutral-buoyancy-training-cs"/><filter><property value="concept"/><op value="is-a"/><value value="crew-coordination"/></filter></include><include><system value="https://mitre.org/fhir/space-health/CodeSystem/neutral-buoyancy-training-cs"/><filter><property value="concept"/><op value="is-a"/><value value="equipment-familiarization"/></filter></include><include><system value="https://mitre.org/fhir/space-health/CodeSystem/neutral-buoyancy-training-cs"/><filter><property value="concept"/><op value="is-a"/><value value="habitat-construction"/></filter></include><include><system value="https://mitre.org/fhir/space-health/CodeSystem/neutral-buoyancy-training-cs"/><filter><property value="concept"/><op value="is-a"/><value value="scientific-sampling"/></filter></include><include><system value="https://mitre.org/fhir/space-health/CodeSystem/neutral-buoyancy-training-cs"/><filter><property value="concept"/><op value="is-a"/><value value="maintenance-repair"/></filter></include></compose></ValueSet>