<?xml version="1.0" encoding="UTF-8"?><ValueSet xmlns="http://hl7.org/fhir"><id value="calorie-deficit-risk-vs"/><text><status value="generated"/><div xmlns="http://www.w3.org/1999/xhtml"><p class="res-header-id"><b>Generated Narrative: ValueSet calorie-deficit-risk-vs</b></p><a name="calorie-deficit-risk-vs"> </a><a name="hccalorie-deficit-risk-vs"> </a><ul><li>Include all codes defined in <a href="CodeSystem-calorie-deficit-risk-cs.html"><code>https://mitre.org/fhir/space-health/CodeSystem/calorie-deficit-risk-cs</code></a><span title="Version is not explicitly stated, which means it is fixed to the version provided in this specification"> version 📦0.5.2</span></li></ul></div></text><url value="https://mitre.org/fhir/space-health/ValueSet/calorie-deficit-risk-vs"/><version value="0.5.2"/><name value="CalorieDeficitRiskVS"/><title value="Calorie Deficit Risk Levels"/><status value="active"/><experimental value="false"/><date value="2025-12-29T20:17:52-07:00"/><publisher value="MITRE"/><contact><name value="MITRE"/><telecom><system value="url"/><value value="https://www.mitre.org/"/></telecom></contact><description value="Risk categorization for caloric deficits"/><compose><include><system value="https://mitre.org/fhir/space-health/CodeSystem/calorie-deficit-risk-cs"/></include></compose></ValueSet>