<?xml version="1.0" encoding="UTF-8"?><ValueSet xmlns="http://hl7.org/fhir"><id value="space-nutrition-type-vs"/><text><status value="generated"/><div xmlns="http://www.w3.org/1999/xhtml"><p class="res-header-id"><b>Generated Narrative: ValueSet space-nutrition-type-vs</b></p><a name="space-nutrition-type-vs"> </a><a name="hcspace-nutrition-type-vs"> </a><ul><li>Include all codes defined in <a href="CodeSystem-space-nutrition-type-cs.html"><code>https://mitre.org/fhir/space-health/CodeSystem/space-nutrition-type-cs</code></a><span title="Version is not explicitly stated, which means it is fixed to the version provided in this specification"> version 📦0.5.4</span></li></ul></div></text><url value="https://mitre.org/fhir/space-health/ValueSet/space-nutrition-type-vs"/><version value="0.5.4"/><name value="SpaceNutritionTypeVS"/><title value="Space Nutrition Types"/><status value="active"/><experimental value="false"/><date value="2025-12-29T23:18:22-07:00"/><publisher value="MITRE"/><contact><name value="MITRE"/><telecom><system value="url"/><value value="https://www.mitre.org/"/></telecom></contact><description value="Types of nutritional products available in space missions"/><compose><include><system value="https://mitre.org/fhir/space-health/CodeSystem/space-nutrition-type-cs"/></include></compose></ValueSet>