<?xml version="1.0" encoding="UTF-8"?><ValueSet xmlns="http://hl7.org/fhir"><id value="mars-missions-vs"/><text><status value="generated"/><div xmlns="http://www.w3.org/1999/xhtml"><p class="res-header-id"><b>Generated Narrative: ValueSet mars-missions-vs</b></p><a name="mars-missions-vs"> </a><a name="hcmars-missions-vs"> </a><ul><li>Include all codes defined in <a href="CodeSystem-mars-missions-cs.html"><code>http://hl7.org/fhir/uv/aerospace/CodeSystem/mars-missions-cs</code></a><span title="Version is not explicitly stated, which means it is fixed to the version provided in this specification"> version 📦0.5.3</span></li></ul></div></text><url value="http://hl7.org/fhir/uv/aerospace/ValueSet/mars-missions-vs"/><version value="0.5.3"/><name value="MarsMissionsVS"/><title value="Mars Missions"/><status value="active"/><experimental value="false"/><date value="2025-12-29T22:23:37-07:00"/><publisher value="MITRE"/><contact><name value="MITRE"/><telecom><system value="url"/><value value="https://www.mitre.org/"/></telecom></contact><description value="All Mars missions (robotic and human, completed and planned)"/><compose><include><system value="http://hl7.org/fhir/uv/aerospace/CodeSystem/mars-missions-cs"/></include></compose></ValueSet>