<?xml version="1.0" encoding="UTF-8"?><ValueSet xmlns="http://hl7.org/fhir"><id value="underwater-training-procedures"/><text><status value="generated"/><div xmlns="http://www.w3.org/1999/xhtml"><p class="res-header-id"><b>Generated Narrative: ValueSet underwater-training-procedures</b></p><a name="underwater-training-procedures"> </a><a name="hcunderwater-training-procedures"> </a><ul><li>Include these codes as defined in <a href="http://www.snomed.org/"><code>http://snomed.info/sct</code></a><span title="Version is not explicitly stated. No matching Code System found"> version Not Stated (use latest from terminology server)</span><table class="none"><tr><td style="white-space:nowrap"><b>Code</b></td><td><b>Display</b></td></tr><tr><td><a href="http://snomed.info/id/182813001">182813001</a></td><td>Training activity</td></tr><tr><td><a href="http://snomed.info/id/LA6165-9">LA6165-9</a></td><td>EVA simulation</td></tr><tr><td><a href="http://snomed.info/id/LA6166-7">LA6166-7</a></td><td>Tool manipulation training</td></tr><tr><td><a href="http://snomed.info/id/LA6167-5">LA6167-5</a></td><td>Emergency egress training</td></tr><tr><td><a href="http://snomed.info/id/LA6168-3">LA6168-3</a></td><td>Communication training</td></tr><tr><td><a href="http://snomed.info/id/LA6169-1">LA6169-1</a></td><td>Crew coordination training</td></tr><tr><td><a href="http://snomed.info/id/LA6170-9">LA6170-9</a></td><td>Equipment familiarization</td></tr></table></li></ul></div></text><url value="https://mitre.org/fhir/space-health/ValueSet/underwater-training-procedures"/><version value="0.5.2"/><name value="UnderwaterTrainingProcedures"/><title value="Underwater Training Procedures"/><status value="draft"/><date value="2025-12-29T20:17:52-07:00"/><publisher value="MITRE"/><contact><name value="MITRE"/><telecom><system value="url"/><value value="https://www.mitre.org/"/></telecom></contact><description value="Procedures and activities conducted during underwater training"/><compose><include><system value="http://snomed.info/sct"/><concept><code value="182813001"/><display value="Training activity"/></concept><concept><code value="LA6165-9"/><display value="EVA simulation"/></concept><concept><code value="LA6166-7"/><display value="Tool manipulation training"/></concept><concept><code value="LA6167-5"/><display value="Emergency egress training"/></concept><concept><code value="LA6168-3"/><display value="Communication training"/></concept><concept><code value="LA6169-1"/><display value="Crew coordination training"/></concept><concept><code value="LA6170-9"/><display value="Equipment familiarization"/></concept></include></compose></ValueSet>