<?xml version="1.0" encoding="UTF-8"?><ValueSet xmlns="http://hl7.org/fhir"><id value="mars-landing-sites-vs"/><text><status value="generated"/><div xmlns="http://www.w3.org/1999/xhtml"><p class="res-header-id"><b>Generated Narrative: ValueSet mars-landing-sites-vs</b></p><a name="mars-landing-sites-vs"> </a><a name="hcmars-landing-sites-vs"> </a><ul><li>Include all codes defined in <a href="CodeSystem-mars-landing-sites-cs.html"><code>http://hl7.org/fhir/uv/aerospace/CodeSystem/mars-landing-sites-cs</code></a><span title="Version is not explicitly stated, which means it is fixed to the version provided in this specification"> version 📦0.5.0</span></li></ul></div></text><url value="http://hl7.org/fhir/uv/aerospace/ValueSet/mars-landing-sites-vs"/><version value="0.5.0"/><name value="MarsLandingSitesVS"/><title value="Mars Landing Sites"/><status value="active"/><experimental value="false"/><date value="2025-12-25T11:43:35-07:00"/><publisher value="MITRE"/><contact><name value="MITRE"/><telecom><system value="url"/><value value="https://www.mitre.org/"/></telecom></contact><description value="Candidate landing sites for human Mars missions"/><compose><include><system value="http://hl7.org/fhir/uv/aerospace/CodeSystem/mars-landing-sites-cs"/></include></compose></ValueSet>