<?xml version="1.0" encoding="UTF-8"?>

<CodeSystem xmlns="http://hl7.org/fhir">
  <id value="aerospace-code-system"/>
  <text>
    <status value="generated"/><div xmlns="http://www.w3.org/1999/xhtml"><p class="res-header-id"><b>Generated Narrative: CodeSystem aerospace-code-system</b></p><a name="aerospace-code-system"> </a><a name="hcaerospace-code-system"> </a><a name="aerospace-code-system-en-US"> </a><p>This case-sensitive code system <code>https://mitre.org/fhir/space-health/CodeSystem/aerospace-code-system</code> defines the following codes:</p><table class="codes"><tr><td style="white-space:nowrap"><b>Code</b></td><td><b>Display</b></td></tr><tr><td style="white-space:nowrap">sensitivity<a name="aerospace-code-system-sensitivity"> </a></td><td>Detector Sensitivity</td></tr><tr><td style="white-space:nowrap">energy-range-min<a name="aerospace-code-system-energy-range-min"> </a></td><td>Minimum Energy Range</td></tr><tr><td style="white-space:nowrap">energy-range-max<a name="aerospace-code-system-energy-range-max"> </a></td><td>Maximum Energy Range</td></tr><tr><td style="white-space:nowrap">dosimeter-type<a name="aerospace-code-system-dosimeter-type"> </a></td><td>Dosimeter Type</td></tr><tr><td style="white-space:nowrap">let<a name="aerospace-code-system-let"> </a></td><td>Linear Energy Transfer</td></tr><tr><td style="white-space:nowrap">quality-factor<a name="aerospace-code-system-quality-factor"> </a></td><td>Radiation Quality Factor</td></tr><tr><td style="white-space:nowrap">career-dose<a name="aerospace-code-system-career-dose"> </a></td><td>Career Radiation Dose</td></tr><tr><td style="white-space:nowrap">mission-dose<a name="aerospace-code-system-mission-dose"> </a></td><td>Mission Radiation Dose</td></tr><tr><td style="white-space:nowrap">annual-dose<a name="aerospace-code-system-annual-dose"> </a></td><td>Annual Radiation Dose</td></tr><tr><td style="white-space:nowrap">monthly-dose<a name="aerospace-code-system-monthly-dose"> </a></td><td>30-Day Radiation Dose</td></tr><tr><td style="white-space:nowrap">gcr-dose<a name="aerospace-code-system-gcr-dose"> </a></td><td>Galactic Cosmic Radiation Dose</td></tr><tr><td style="white-space:nowrap">spe-dose<a name="aerospace-code-system-spe-dose"> </a></td><td>Solar Particle Event Dose</td></tr><tr><td style="white-space:nowrap">radiation-summary<a name="aerospace-code-system-radiation-summary"> </a></td><td>Space Radiation Exposure Summary</td></tr><tr><td style="white-space:nowrap">bone-marrow-dose<a name="aerospace-code-system-bone-marrow-dose"> </a></td><td>Bone Marrow Dose</td></tr><tr><td style="white-space:nowrap">eye-lens-dose<a name="aerospace-code-system-eye-lens-dose"> </a></td><td>Eye Lens Dose</td></tr><tr><td style="white-space:nowrap">skin-dose<a name="aerospace-code-system-skin-dose"> </a></td><td>Skin Dose</td></tr><tr><td style="white-space:nowrap">cns-dose<a name="aerospace-code-system-cns-dose"> </a></td><td>Central Nervous System Dose</td></tr><tr><td style="white-space:nowrap">tld<a name="aerospace-code-system-tld"> </a></td><td>Thermoluminescent Dosimeter</td></tr><tr><td style="white-space:nowrap">osld<a name="aerospace-code-system-osld"> </a></td><td>Optically Stimulated Luminescence Detector</td></tr><tr><td style="white-space:nowrap">epd<a name="aerospace-code-system-epd"> </a></td><td>Electronic Personal Dosimeter</td></tr><tr><td style="white-space:nowrap">tepc<a name="aerospace-code-system-tepc"> </a></td><td>Tissue Equivalent Proportional Counter</td></tr><tr><td style="white-space:nowrap">area-monitor<a name="aerospace-code-system-area-monitor"> </a></td><td>Area Radiation Monitor</td></tr><tr><td style="white-space:nowrap">passive<a name="aerospace-code-system-passive"> </a></td><td>Passive Dosimeter</td></tr><tr><td style="white-space:nowrap">active<a name="aerospace-code-system-active"> </a></td><td>Active Real-time Dosimeter</td></tr><tr><td style="white-space:nowrap">area<a name="aerospace-code-system-area"> </a></td><td>Area Monitor</td></tr><tr><td style="white-space:nowrap">iss-expedition<a name="aerospace-code-system-iss-expedition"> </a></td><td>ISS Expedition</td></tr></table></div>
  </text>
  <url value="https://mitre.org/fhir/space-health/CodeSystem/aerospace-code-system"/>
  <version value="0.4.2"/>
  <name value="AerospaceCodeSystem"/>
  <title value="Aerospace Medicine Code System"/>
  <status value="draft"/>
  <experimental value="false"/>
  <date value="2025-06-01T17:51:37-05:00"/>
  <publisher value="MITRE"/>
  <contact>
    <name value="MITRE"/>
    <telecom>
      <system value="url"/>
      <value value="https://www.mitre.org/"/>
    </telecom>
  </contact>
  <description value="Code system for aerospace medicine concepts"/>
  <caseSensitive value="true"/>
  <content value="complete"/>
  <count value="26"/>
  <concept>
    <code value="sensitivity"/>
    <display value="Detector Sensitivity"/>
  </concept>
  <concept>
    <code value="energy-range-min"/>
    <display value="Minimum Energy Range"/>
  </concept>
  <concept>
    <code value="energy-range-max"/>
    <display value="Maximum Energy Range"/>
  </concept>
  <concept>
    <code value="dosimeter-type"/>
    <display value="Dosimeter Type"/>
  </concept>
  <concept>
    <code value="let"/>
    <display value="Linear Energy Transfer"/>
  </concept>
  <concept>
    <code value="quality-factor"/>
    <display value="Radiation Quality Factor"/>
  </concept>
  <concept>
    <code value="career-dose"/>
    <display value="Career Radiation Dose"/>
  </concept>
  <concept>
    <code value="mission-dose"/>
    <display value="Mission Radiation Dose"/>
  </concept>
  <concept>
    <code value="annual-dose"/>
    <display value="Annual Radiation Dose"/>
  </concept>
  <concept>
    <code value="monthly-dose"/>
    <display value="30-Day Radiation Dose"/>
  </concept>
  <concept>
    <code value="gcr-dose"/>
    <display value="Galactic Cosmic Radiation Dose"/>
  </concept>
  <concept>
    <code value="spe-dose"/>
    <display value="Solar Particle Event Dose"/>
  </concept>
  <concept>
    <code value="radiation-summary"/>
    <display value="Space Radiation Exposure Summary"/>
  </concept>
  <concept>
    <code value="bone-marrow-dose"/>
    <display value="Bone Marrow Dose"/>
  </concept>
  <concept>
    <code value="eye-lens-dose"/>
    <display value="Eye Lens Dose"/>
  </concept>
  <concept>
    <code value="skin-dose"/>
    <display value="Skin Dose"/>
  </concept>
  <concept>
    <code value="cns-dose"/>
    <display value="Central Nervous System Dose"/>
  </concept>
  <concept>
    <code value="tld"/>
    <display value="Thermoluminescent Dosimeter"/>
  </concept>
  <concept>
    <code value="osld"/>
    <display value="Optically Stimulated Luminescence Detector"/>
  </concept>
  <concept>
    <code value="epd"/>
    <display value="Electronic Personal Dosimeter"/>
  </concept>
  <concept>
    <code value="tepc"/>
    <display value="Tissue Equivalent Proportional Counter"/>
  </concept>
  <concept>
    <code value="area-monitor"/>
    <display value="Area Radiation Monitor"/>
  </concept>
  <concept>
    <code value="passive"/>
    <display value="Passive Dosimeter"/>
  </concept>
  <concept>
    <code value="active"/>
    <display value="Active Real-time Dosimeter"/>
  </concept>
  <concept>
    <code value="area"/>
    <display value="Area Monitor"/>
  </concept>
  <concept>
    <code value="iss-expedition"/>
    <display value="ISS Expedition"/>
  </concept>
</CodeSystem>