{
  "resourceType" : "CodeSystem",
  "id" : "space-nutrition-type-cs",
  "text" : {
    "status" : "generated",
    "div" : "<div xmlns=\"http://www.w3.org/1999/xhtml\"><p class=\"res-header-id\"><b>Generated Narrative: CodeSystem space-nutrition-type-cs</b></p><a name=\"space-nutrition-type-cs\"> </a><a name=\"hcspace-nutrition-type-cs\"> </a><p>This case-sensitive code system <code>https://mitre.org/fhir/space-health/CodeSystem/space-nutrition-type-cs</code> defines the following codes:</p><table class=\"codes\"><tr><td style=\"white-space:nowrap\"><b>Code</b></td><td><b>Display</b></td></tr><tr><td style=\"white-space:nowrap\">freeze-dried-meal<a name=\"space-nutrition-type-cs-freeze-dried-meal\"> </a></td><td>Freeze-Dried Meal</td></tr><tr><td style=\"white-space:nowrap\">thermo-stabilized-entree<a name=\"space-nutrition-type-cs-thermo-stabilized-entree\"> </a></td><td>Thermo-Stabilized Entrée</td></tr><tr><td style=\"white-space:nowrap\">fresh-produce<a name=\"space-nutrition-type-cs-fresh-produce\"> </a></td><td>Fresh Produce Payload</td></tr><tr><td style=\"white-space:nowrap\">electrolyte-mix<a name=\"space-nutrition-type-cs-electrolyte-mix\"> </a></td><td>Supplemental Electrolyte Mix</td></tr><tr><td style=\"white-space:nowrap\">irradiated-food<a name=\"space-nutrition-type-cs-irradiated-food\"> </a></td><td>Irradiated Food Package</td></tr><tr><td style=\"white-space:nowrap\">intermediate-moisture<a name=\"space-nutrition-type-cs-intermediate-moisture\"> </a></td><td>Intermediate Moisture Food</td></tr><tr><td style=\"white-space:nowrap\">natural-form<a name=\"space-nutrition-type-cs-natural-form\"> </a></td><td>Natural Form Food</td></tr><tr><td style=\"white-space:nowrap\">rehydratable<a name=\"space-nutrition-type-cs-rehydratable\"> </a></td><td>Rehydratable Food</td></tr><tr><td style=\"white-space:nowrap\">beverage-powder<a name=\"space-nutrition-type-cs-beverage-powder\"> </a></td><td>Beverage Powder</td></tr><tr><td style=\"white-space:nowrap\">nutritional-supplement<a name=\"space-nutrition-type-cs-nutritional-supplement\"> </a></td><td>Nutritional Supplement</td></tr></table></div>"
  },
  "url" : "https://mitre.org/fhir/space-health/CodeSystem/space-nutrition-type-cs",
  "version" : "0.4.2",
  "name" : "SpaceNutritionTypeCS",
  "title" : "Space Nutrition Product Types",
  "status" : "active",
  "experimental" : false,
  "date" : "2025-12-24T12:48:12-07:00",
  "publisher" : "MITRE",
  "contact" : [{
    "name" : "MITRE",
    "telecom" : [{
      "system" : "url",
      "value" : "https://www.mitre.org/"
    }]
  }],
  "description" : "Types of nutritional products used in space missions",
  "caseSensitive" : true,
  "content" : "complete",
  "count" : 10,
  "concept" : [{
    "code" : "freeze-dried-meal",
    "display" : "Freeze-Dried Meal"
  },
  {
    "code" : "thermo-stabilized-entree",
    "display" : "Thermo-Stabilized Entrée"
  },
  {
    "code" : "fresh-produce",
    "display" : "Fresh Produce Payload"
  },
  {
    "code" : "electrolyte-mix",
    "display" : "Supplemental Electrolyte Mix"
  },
  {
    "code" : "irradiated-food",
    "display" : "Irradiated Food Package"
  },
  {
    "code" : "intermediate-moisture",
    "display" : "Intermediate Moisture Food"
  },
  {
    "code" : "natural-form",
    "display" : "Natural Form Food"
  },
  {
    "code" : "rehydratable",
    "display" : "Rehydratable Food"
  },
  {
    "code" : "beverage-powder",
    "display" : "Beverage Powder"
  },
  {
    "code" : "nutritional-supplement",
    "display" : "Nutritional Supplement"
  }]
}