<?xml version="1.0" encoding="UTF-8"?>

<CodeSystem xmlns="http://hl7.org/fhir">
  <id value="radiation-countermeasures-cs"/>
  <text>
    <status value="generated"/><div xmlns="http://www.w3.org/1999/xhtml"><p class="res-header-id"><b>Generated Narrative: CodeSystem radiation-countermeasures-cs</b></p><a name="radiation-countermeasures-cs"> </a><a name="hcradiation-countermeasures-cs"> </a><a name="radiation-countermeasures-cs-en-US"> </a><p>This case-sensitive code system <code>https://mitre.org/fhir/space-health/CodeSystem/radiation-countermeasures-cs</code> defines the following codes:</p><table class="codes"><tr><td style="white-space:nowrap"><b>Code</b></td><td><b>Display</b></td><td><b>Definition</b></td></tr><tr><td style="white-space:nowrap">shelter<a name="radiation-countermeasures-cs-shelter"> </a></td><td>Storm Shelter</td><td>Retreat to heavily shielded area of spacecraft</td></tr><tr><td style="white-space:nowrap">eva-postponed<a name="radiation-countermeasures-cs-eva-postponed"> </a></td><td>EVA Postponed</td><td>Extravehicular activity delayed due to radiation</td></tr><tr><td style="white-space:nowrap">operational-restriction<a name="radiation-countermeasures-cs-operational-restriction"> </a></td><td>Operational Restriction</td><td>Limited activities during radiation event</td></tr><tr><td style="white-space:nowrap">pharmaceutical<a name="radiation-countermeasures-cs-pharmaceutical"> </a></td><td>Pharmaceutical Countermeasure</td><td>Radioprotective medication administered</td></tr><tr><td style="white-space:nowrap">active-shielding<a name="radiation-countermeasures-cs-active-shielding"> </a></td><td>Active Shielding</td><td>Electromagnetic deflection of charged particles</td></tr></table></div>
  </text>
  <url value="https://mitre.org/fhir/space-health/CodeSystem/radiation-countermeasures-cs"/>
  <version value="0.4.2"/>
  <name value="RadiationCountermeasuresCS"/>
  <title value="Radiation Countermeasures"/>
  <status value="draft"/>
  <experimental value="false"/>
  <date value="2025-06-01T17:51:37-05:00"/>
  <publisher value="MITRE"/>
  <contact>
    <name value="MITRE"/>
    <telecom>
      <system value="url"/>
      <value value="https://www.mitre.org/"/>
    </telecom>
  </contact>
  <description value="Code system for radiation protection measures in space"/>
  <caseSensitive value="true"/>
  <content value="complete"/>
  <count value="5"/>
  <concept>
    <code value="shelter"/>
    <display value="Storm Shelter"/>
    <definition value="Retreat to heavily shielded area of spacecraft"/>
  </concept>
  <concept>
    <code value="eva-postponed"/>
    <display value="EVA Postponed"/>
    <definition value="Extravehicular activity delayed due to radiation"/>
  </concept>
  <concept>
    <code value="operational-restriction"/>
    <display value="Operational Restriction"/>
    <definition value="Limited activities during radiation event"/>
  </concept>
  <concept>
    <code value="pharmaceutical"/>
    <display value="Pharmaceutical Countermeasure"/>
    <definition value="Radioprotective medication administered"/>
  </concept>
  <concept>
    <code value="active-shielding"/>
    <display value="Active Shielding"/>
    <definition value="Electromagnetic deflection of charged particles"/>
  </concept>
</CodeSystem>