<?xml version="1.0" encoding="UTF-8"?>

<ValueSet xmlns="http://hl7.org/fhir">
  <id value="macronutrient-metrics-vs"/>
  <text>
    <status value="generated"/><div xmlns="http://www.w3.org/1999/xhtml"><p class="res-header-id"><b>Generated Narrative: ValueSet macronutrient-metrics-vs</b></p><a name="macronutrient-metrics-vs"> </a><a name="hcmacronutrient-metrics-vs"> </a><ul><li>Include all codes defined in <a href="CodeSystem-macronutrient-metrics-cs.html"><code>https://mitre.org/fhir/space-health/CodeSystem/macronutrient-metrics-cs</code></a><span title="Version is not explicitly stated, which means it is fixed to the version provided in this specification"> version &#x1F4E6;0.4.2</span></li></ul></div>
  </text>
  <url value="https://mitre.org/fhir/space-health/ValueSet/macronutrient-metrics-vs"/>
  <version value="0.4.2"/>
  <name value="MacronutrientMetricsVS"/>
  <title value="Macronutrient Metrics"/>
  <status value="active"/>
  <experimental value="false"/>
  <date value="2025-12-24T13:07:45-07:00"/>
  <publisher value="MITRE"/>
  <contact>
    <name value="MITRE"/>
    <telecom>
      <system value="url"/>
      <value value="https://www.mitre.org/"/>
    </telecom>
  </contact>
  <description value="Measurement types for macronutrient tracking"/>
  <compose>
    <include>
      <system value="https://mitre.org/fhir/space-health/CodeSystem/macronutrient-metrics-cs"/>
    </include>
  </compose>
</ValueSet>