{
  "resourceType" : "ValueSet",
  "id" : "mars-missions-vs",
  "text" : {
    "status" : "generated",
    "div" : "<div xmlns=\"http://www.w3.org/1999/xhtml\"><p class=\"res-header-id\"><b>Generated Narrative: ValueSet mars-missions-vs</b></p><a name=\"mars-missions-vs\"> </a><a name=\"hcmars-missions-vs\"> </a><ul><li>Include all codes defined in <a href=\"CodeSystem-mars-missions-cs.html\"><code>http://hl7.org/fhir/uv/aerospace/CodeSystem/mars-missions-cs</code></a><span title=\"Version is not explicitly stated, which means it is fixed to the version provided in this specification\"> version &#x1F4E6;0.5.6</span></li></ul></div>"
  },
  "url" : "http://hl7.org/fhir/uv/aerospace/ValueSet/mars-missions-vs",
  "version" : "0.5.6",
  "name" : "MarsMissionsVS",
  "title" : "Mars Missions",
  "status" : "active",
  "experimental" : false,
  "date" : "2025-12-30T13:15:27-07:00",
  "publisher" : "MITRE",
  "contact" : [{
    "name" : "MITRE",
    "telecom" : [{
      "system" : "url",
      "value" : "https://www.mitre.org/"
    }]
  }],
  "description" : "All Mars missions (robotic and human, completed and planned)",
  "compose" : {
    "include" : [{
      "system" : "http://hl7.org/fhir/uv/aerospace/CodeSystem/mars-missions-cs"
    }]
  }
}