{
  "resourceType" : "ValueSet",
  "id" : "nutrition-inventory-status-vs",
  "text" : {
    "status" : "generated",
    "div" : "<div xmlns=\"http://www.w3.org/1999/xhtml\"><p class=\"res-header-id\"><b>Generated Narrative: ValueSet nutrition-inventory-status-vs</b></p><a name=\"nutrition-inventory-status-vs\"> </a><a name=\"hcnutrition-inventory-status-vs\"> </a><ul><li>Include all codes defined in <a href=\"CodeSystem-nutrition-inventory-status-cs.html\"><code>https://mitre.org/fhir/space-health/CodeSystem/nutrition-inventory-status-cs</code></a><span title=\"Version is not explicitly stated, which means it is fixed to the version provided in this specification\"> version &#x1F4E6;0.4.2</span></li></ul></div>"
  },
  "url" : "https://mitre.org/fhir/space-health/ValueSet/nutrition-inventory-status-vs",
  "version" : "0.4.2",
  "name" : "NutritionInventoryStatusVS",
  "title" : "Nutrition Inventory Status",
  "status" : "active",
  "experimental" : false,
  "date" : "2025-12-24T19:44:53-07:00",
  "publisher" : "MITRE",
  "contact" : [{
    "name" : "MITRE",
    "telecom" : [{
      "system" : "url",
      "value" : "https://www.mitre.org/"
    }]
  }],
  "description" : "Status levels for nutrition inventory management",
  "compose" : {
    "include" : [{
      "system" : "https://mitre.org/fhir/space-health/CodeSystem/nutrition-inventory-status-cs"
    }]
  }
}