<?xml version="1.0" encoding="UTF-8"?>

<ValueSet xmlns="http://hl7.org/fhir">
  <id value="MuscleStiffnessAndSpaceHealth"/>
  <text>
    <status value="generated"/><div xmlns="http://www.w3.org/1999/xhtml"><p class="res-header-id"><b>Generated Narrative: ValueSet MuscleStiffnessAndSpaceHealth</b></p><a name="MuscleStiffnessAndSpaceHealth"> </a><a name="hcMuscleStiffnessAndSpaceHealth"> </a><ul><li>Include these codes as defined in <a href="http://www.snomed.org/"><code>http://snomed.info/sct</code></a><span title="Version is not explicitly stated. No matching Code System found"> version Not Stated (use latest from terminology server)</span><table class="none"><tr><td style="white-space:nowrap"><b>Code</b></td><td><b>Display</b></td></tr><tr><td><a href="http://snomed.info/id/16046003">16046003</a></td><td>Muscle stiffness</td></tr><tr><td><a href="http://snomed.info/id/249919003">249919003</a></td><td>Muscle stiffness</td></tr><tr><td><a href="http://snomed.info/id/162411004">162411004</a></td><td>C/O: stiffness</td></tr><tr><td><a href="http://snomed.info/id/181696007">181696007</a></td><td>Tibialis anterior</td></tr></table></li></ul></div>
  </text>
  <url value="https://mitre.org/fhir/space-health/ValueSet/MuscleStiffnessAndSpaceHealth"/>
  <version value="0.5.6"/>
  <name value="MuscleStiffnessAndSpaceHealth"/>
  <title value="Muscle Stiffness"/>
  <status value="draft"/>
  <date value="2025-12-30T13:15:27-07:00"/>
  <publisher value="MITRE"/>
  <contact>
    <name value="MITRE"/>
    <telecom>
      <system value="url"/>
      <value value="https://www.mitre.org/"/>
    </telecom>
  </contact>
  <description value="Concepts related to muscle stiffness and health in the context of spaceflight and Earth-based applications."/>
  <compose>
    <include>
      <system value="http://snomed.info/sct"/>
      <concept>
        <code value="16046003"/>
        <display value="Muscle stiffness"/>
      </concept>
      <concept>
        <code value="249919003"/>
        <display value="Muscle stiffness"/>
      </concept>
      <concept>
        <code value="162411004"/>
        <display value="C/O: stiffness"/>
      </concept>
      <concept>
        <code value="181696007"/>
        <display value="Tibialis anterior"/>
      </concept>
    </include>
  </compose>
</ValueSet>