{
  "resourceType" : "ValueSet",
  "id" : "space-monitoring-procedures",
  "text" : {
    "status" : "generated",
    "div" : "<div xmlns=\"http://www.w3.org/1999/xhtml\"><p class=\"res-header-id\"><b>Generated Narrative: ValueSet space-monitoring-procedures</b></p><a name=\"space-monitoring-procedures\"> </a><a name=\"hcspace-monitoring-procedures\"> </a><ul><li>Include these codes as defined in <a href=\"http://www.snomed.org/\"><code>http://snomed.info/sct</code></a><span title=\"Version is not explicitly stated. No matching Code System found\"> version Not Stated (use latest from terminology server)</span><table class=\"none\"><tr><td style=\"white-space:nowrap\"><b>Code</b></td><td><b>Display</b></td></tr><tr><td><a href=\"http://snomed.info/id/33581006\">33581006</a></td><td>Monitoring patient vital signs by nurse</td></tr><tr><td><a href=\"http://snomed.info/id/34667007\">34667007</a></td><td>Special care of neurological patient, with neurological vital signs</td></tr><tr><td><a href=\"http://snomed.info/id/82856007\">82856007</a></td><td>Taking neurologic vital signs</td></tr><tr><td><a href=\"http://snomed.info/id/118227000\">118227000</a></td><td>Vital signs finding</td></tr><tr><td><a href=\"http://snomed.info/id/46680005\">46680005</a></td><td>Vital signs</td></tr><tr><td><a href=\"http://snomed.info/id/72970002\">72970002</a></td><td>Normal vital signs</td></tr><tr><td><a href=\"http://snomed.info/id/252793002\">252793002</a></td><td>Intraoperative neurophysiological monitoring</td></tr><tr><td><a href=\"http://snomed.info/id/281691001\">281691001</a></td><td>Physiological monitoring regimes</td></tr><tr><td><a href=\"http://snomed.info/id/304493006\">304493006</a></td><td>Multisystem physiological monitoring regimes</td></tr><tr><td><a href=\"http://snomed.info/id/16830007\">16830007</a></td><td>Visual acuity testing</td></tr><tr><td><a href=\"http://snomed.info/id/16860002\">16860002</a></td><td>Vestibular function test with observation and evaluation by physician</td></tr><tr><td><a href=\"http://snomed.info/id/2982008\">2982008</a></td><td>Monitoring of blood pressure</td></tr><tr><td><a href=\"http://snomed.info/id/12569007\">12569007</a></td><td>Biofeedback, regulation of blood pressure</td></tr></table></li></ul></div>"
  },
  "url" : "https://mitre.org/fhir/space-health/ValueSet/space-monitoring-procedures",
  "version" : "0.5.6",
  "name" : "SpaceMonitoringProceduresValueSet",
  "title" : "Space Monitoring Procedures",
  "status" : "draft",
  "experimental" : true,
  "date" : "2025-12-30T13:15:27-07:00",
  "publisher" : "MITRE",
  "contact" : [{
    "name" : "MITRE",
    "telecom" : [{
      "system" : "url",
      "value" : "https://www.mitre.org/"
    }]
  }],
  "description" : "Monitoring procedures relevant to human spaceflight, including vital signs monitoring and physiological monitoring",
  "compose" : {
    "include" : [{
      "system" : "http://snomed.info/sct",
      "concept" : [{
        "code" : "33581006",
        "display" : "Monitoring patient vital signs by nurse"
      },
      {
        "code" : "34667007",
        "display" : "Special care of neurological patient, with neurological vital signs"
      },
      {
        "code" : "82856007",
        "display" : "Taking neurologic vital signs"
      },
      {
        "code" : "118227000",
        "display" : "Vital signs finding"
      },
      {
        "code" : "46680005",
        "display" : "Vital signs"
      },
      {
        "code" : "72970002",
        "display" : "Normal vital signs"
      },
      {
        "code" : "252793002",
        "display" : "Intraoperative neurophysiological monitoring"
      },
      {
        "code" : "281691001",
        "display" : "Physiological monitoring regimes"
      },
      {
        "code" : "304493006",
        "display" : "Multisystem physiological monitoring regimes"
      },
      {
        "code" : "16830007",
        "display" : "Visual acuity testing"
      },
      {
        "code" : "16860002",
        "display" : "Vestibular function test with observation and evaluation by physician"
      },
      {
        "code" : "2982008",
        "display" : "Monitoring of blood pressure"
      },
      {
        "code" : "12569007",
        "display" : "Biofeedback, regulation of blood pressure"
      }]
    }]
  }
}