URL,Version,Status,OIDs,Name,Title,Description,Uses,Used,Sources
http://hl7.org/fhir/uv/aerospace/ValueSet/behavioral-health-metrics-vs,0.4.2,active,,BehavioralHealthMetricsVS,Behavioral Health Metrics Value Set,"Key behavioral health state metrics used in aerospace behavioral health monitoring.",,"Internal"
http://hl7.org/fhir/uv/aerospace/ValueSet/cognitive-performance-indicators-vs,0.4.2,active,,CognitivePerformanceIndicatorsVS,Cognitive Performance Indicators Value Set,"Cognitive and vigilance performance indicators relevant to operational readiness.",,"Internal"
http://hl7.org/fhir/uv/aerospace/ValueSet/isolation-syndrome-factors-vs,0.4.2,active,,IsolationSyndromeFactorsVS,Isolation Syndrome Factors Value Set,"Risk factors related to isolation and confinement that affect behavioral health.",,"Internal"
http://hl7.org/fhir/uv/aerospace/ValueSet/location-capabilities-vs,0.4.2,active,,LocationCapabilitiesVS,Location Capabilities Value Set,"Capabilities and services available at aerospace medicine locations",,"Internal"
http://hl7.org/fhir/uv/aerospace/ValueSet/operational-status-vs,0.4.2,active,,OperationalStatusVS,Operational Status Value Set,"Operational status codes for facilities and vehicles",,"Internal"
http://hl7.org/fhir/uv/aerospace/ValueSet/space-exercise-modality-vs,0.4.2,active,,SpaceExerciseModalityVS,Space Exercise Modality Value Set,"Permitted space exercise modalities, derived from the Space Exercise Modality Code System.",,"Internal"
http://hl7.org/fhir/uv/aerospace/ValueSet/stress-countermeasures-vs,0.4.2,active,,StressCountermeasuresVS,Stress Countermeasures Value Set,"Standardized set of psychological countermeasures used to mitigate stress and support mental health.",,"Internal"
https://mitre.org/fhir/space-health/ValueSet/AircraftFumeExposureValueSet,0.4.2,draft,,AircraftFumeExposureValueSet,Aircraft Fume Exposure,"Health impacts from exposure to aircraft contaminated air and fume events.",,"SCT"
https://mitre.org/fhir/space-health/ValueSet/AstronautBackPain,0.4.2,draft,,AstronautBackPain,Back Pain and Space Travel,"Back pain and associated conditions observed in astronauts and their potential terrestrial applications.",,"SCT"
https://mitre.org/fhir/space-health/ValueSet/GimbalContraindicatedConditions,0.4.2,draft,,GimbalContraindicatedConditions,Gimbal Contraindications,"Contraindicated conditions for riding a multi-axis gimbal",,"SCT"
https://mitre.org/fhir/space-health/ValueSet/LunarDustToxicityValueSet,0.4.2,draft,,LunarDustToxicityValueSet,Lunar Dust Toxicity,"Conditions and effects associated with lunar dust exposure, including respiratory, ocular, and systemic toxicities.",,"SCT"
https://mitre.org/fhir/space-health/ValueSet/MuscleStiffnessAndSpaceHealth,0.4.2,draft,,MuscleStiffnessAndSpaceHealth,Muscle Stiffness,"Concepts related to muscle stiffness and health in the context of spaceflight and Earth-based applications.",,"SCT"
https://mitre.org/fhir/space-health/ValueSet/SleepLossHypoxiaEffect,0.4.2,draft,,SleepLossHypoxiaEffect,Sleep Loss and Hypoxia Effects,"Concepts related to the physiological and cognitive effects of sleep loss and hypoxia.",,"SCT"
https://mitre.org/fhir/space-health/ValueSet/SleepLossHypoxiaResponses,0.4.2,draft,,SleepLossHypoxiaResponses,Sleep Loss and Hypoxia Responses,"Concepts related to sleep deprivation and physiological/cognitive responses to systemic environmental hypoxia.",,"SCT"
https://mitre.org/fhir/space-health/ValueSet/SpaceAdaptationBoneHealth,0.4.2,draft,,SpaceAdaptationBoneHealth,Adaptations of Bone Health,"Bone health adaptations observed in spaceflight conditions.",,"SCT"
https://mitre.org/fhir/space-health/ValueSet/SpaceRadiationRisksVS,0.4.2,draft,,SpaceRadiationRisksVS,Space Radiation Risks ValueSet,"Concepts relevant to space radiation risks and associated health concerns identified from Artemis I mission data.",,"SCT"
https://mitre.org/fhir/space-health/ValueSet/SpaceTravelBrainChanges,0.4.2,draft,,SpaceTravelBrainChanges,Brain and Neurologic Changes,"Concepts related to physiological and neurological changes from prolonged space travel.",,"SCT"
https://mitre.org/fhir/space-health/ValueSet/SpaceflightStressFactors,0.4.2,draft,,SpaceflightStressFactors,Stress and Physiological Factors,"Concepts related to stress, physiological, and psychological factors during spaceflight analog missions.",,"SCT"
https://mitre.org/fhir/space-health/ValueSet/calorie-deficit-risk-vs,0.4.2,active,,CalorieDeficitRiskVS,Calorie Deficit Risk Levels,"Risk categorization for caloric deficits",,"Internal"
https://mitre.org/fhir/space-health/ValueSet/decompression-procedures,0.4.2,draft,,DecompressionProcedures,Decompression Procedures,"Standardized decompression procedures and protocols",,"SCT,Internal"
https://mitre.org/fhir/space-health/ValueSet/diving-contraindicated-conditions,0.4.2,draft,,DivingContraindicatedConditions,Diving Medical Contraindications,"Medical conditions that contraindicate diving activities",,"SCT"
https://mitre.org/fhir/space-health/ValueSet/diving-medical-examinations,0.4.2,draft,,DivingMedicalExaminations,Diving Medical Examinations,"Types of medical examinations for diving fitness",,"Internal"
https://mitre.org/fhir/space-health/ValueSet/dosimeter-type-vs,0.4.2,draft,,DosimeterTypeVS,Dosimeter Types,"Types of radiation dosimeters",,"Internal"
https://mitre.org/fhir/space-health/ValueSet/evs-units-vs,0.4.2,active,,EVSUnitsVS,EVS Units,"Units for Exercise Vital Sign measurements",,"UCUM"
https://mitre.org/fhir/space-health/ValueSet/hydration-type-vs,0.4.2,active,,HydrationTypeVS,Hydration Types,"Types of hydration products used in space",,"Internal"
https://mitre.org/fhir/space-health/ValueSet/hyperbaric-capabilities-vs,0.4.2,active,,HyperbaricCapabilitiesVS,Hyperbaric Chamber Capabilities,"Capabilities available in hyperbaric chambers",,"Internal"
https://mitre.org/fhir/space-health/ValueSet/hyperbaric-chamber-type-vs,0.4.2,active,,HyperbaricChamberTypeVS,Hyperbaric Chamber Types,"Types of hyperbaric chambers",,"Internal"
https://mitre.org/fhir/space-health/ValueSet/macronutrient-metrics-vs,0.4.2,active,,MacronutrientMetricsVS,Macronutrient Metrics,"Measurement types for macronutrient tracking",,"Internal"
https://mitre.org/fhir/space-health/ValueSet/neutral-buoyancy-training-activities,0.4.2,draft,,NeutralBuoyancyTrainingActivities,Neutral Buoyancy Training Activities,"Types of training activities conducted in neutral buoyancy environments",,"Internal"
https://mitre.org/fhir/space-health/ValueSet/nutrition-inventory-status-vs,0.4.2,active,,NutritionInventoryStatusVS,Nutrition Inventory Status,"Status levels for nutrition inventory management",,"Internal"
https://mitre.org/fhir/space-health/ValueSet/organ-dose-codes-vs-complete,0.4.2,active,,OrganDoseCodesVSComplete,Complete Organ-Specific Dose Codes,"Comprehensive codes for organ-specific radiation dose measurements",,"FHIR"
https://mitre.org/fhir/space-health/ValueSet/radiation-countermeasures-vs,0.4.2,draft,,RadiationCountermeasuresVS,Radiation Countermeasures,"Protective measures against radiation",,"Internal"
https://mitre.org/fhir/space-health/ValueSet/radiation-countermeasures-vs-complete,0.4.2,active,,RadiationCountermeasuresVSComplete,Complete Radiation Countermeasures,"Comprehensive list of protective measures against space radiation",,"SCT,Internal"
https://mitre.org/fhir/space-health/ValueSet/radiation-detector-type-vs-complete,0.4.2,active,,RadiationDetectorTypeVSComplete,Complete Radiation Detector Types,"Comprehensive list of radiation detection devices used in space",,"Internal,FHIR"
https://mitre.org/fhir/space-health/ValueSet/radiation-dose-units-vs,0.4.2,draft,,RadiationDoseUnitsVS,Radiation Dose Units,"Units for radiation dose measurements",,"UCUM"
https://mitre.org/fhir/space-health/ValueSet/regulatory-standards,0.4.2,draft,,RegulatoryStandards,Regulatory Standards for Diving and Space Medicine,"Regulatory standards and compliance requirements",,"SCT,Internal"
https://mitre.org/fhir/space-health/ValueSet/space-cardiovascular-effects,0.4.2,draft,,SpaceCardiovascularEffectsValueSet,Space Cardiovascular Effects,"Cardiovascular effects and conditions relevant to human spaceflight, including orthostatic intolerance, heart rate changes, and blood pressure",,"SCT"
https://mitre.org/fhir/space-health/ValueSet/space-environmental-factors,0.4.2,draft,,SpaceEnvironmentalFactorsValueSet,Space Environmental Factors,"Environmental factors relevant to human spaceflight, including weightlessness, radiation, isolation, and decompression",,"SCT"
https://mitre.org/fhir/space-health/ValueSet/space-monitoring-procedures,0.4.2,draft,,SpaceMonitoringProceduresValueSet,Space Monitoring Procedures,"Monitoring procedures relevant to human spaceflight, including vital signs monitoring and physiological monitoring",,"SCT"
https://mitre.org/fhir/space-health/ValueSet/space-neurological-effects,0.4.2,draft,,SpaceNeurologicalEffectsValueSet,Space Neurological Effects,"Neurological effects relevant to human spaceflight, including vestibular conditions, motion sickness, and intracranial pressure changes",,"SCT"
https://mitre.org/fhir/space-health/ValueSet/space-nutrition-type-vs,0.4.2,active,,SpaceNutritionTypeVS,Space Nutrition Types,"Types of nutritional products available in space missions",,"Internal"
https://mitre.org/fhir/space-health/ValueSet/space-performance-metric-vs,0.4.2,active,,SpacePerformanceMetricVS,Space Exercise Performance Metrics,"Performance metrics for space exercise (defined in SpacePerformanceMetricCS)",,"Internal"
https://mitre.org/fhir/space-health/ValueSet/space-physiological-effects,0.4.2,draft,,SpacePhysiologicalEffectsValueSet,Space Physiological Effects,"Physiological effects and conditions relevant to human spaceflight, including motion sickness, bone loss, muscle atrophy, and sleep disorders",,"SCT"
https://mitre.org/fhir/space-health/ValueSet/space-psychological-effects,0.4.2,draft,,SpacePsychologicalEffectsValueSet,Space Psychological Effects,"Psychological effects relevant to human spaceflight, including sleep disorders, isolation, anxiety, and depression",,"SCT"
https://mitre.org/fhir/space-health/ValueSet/space-radiation-dose-codes-vs-complete,0.4.2,active,,SpaceRadiationDoseCodesVSComplete,Complete Space Radiation Dose Measurement Codes,"Comprehensive codes for radiation dose measurements in space environments",,"LOINC,FHIR"
https://mitre.org/fhir/space-health/ValueSet/space-radiation-effects,0.4.2,draft,,SpaceRadiationEffectsValueSet,Space Radiation Effects,"Radiation effects and conditions relevant to human spaceflight, including cosmic radiation, radiation sickness, and radiation injuries",,"SCT"
https://mitre.org/fhir/space-health/ValueSet/space-radiation-type-vs,0.4.2,draft,,SpaceRadiationTypeVS,Space Radiation Types,"Types of radiation encountered in space",,"Internal"
https://mitre.org/fhir/space-health/ValueSet/space-radiation-type-vs-complete,0.4.2,active,,SpaceRadiationTypeVSComplete,Complete Space Radiation Types,"Comprehensive list of ionizing radiation types encountered in space",,"SCT,Internal"
https://mitre.org/fhir/space-health/ValueSet/space-visual-effects,0.4.2,draft,,SpaceVisualEffectsValueSet,Space Visual Effects,"Visual and ocular effects relevant to human spaceflight, including visual impairment, optic nerve conditions, and intraocular pressure changes",,"SCT"
https://mitre.org/fhir/space-health/ValueSet/underwater-communication-systems,0.4.2,draft,,UnderwaterCommunicationSystems,Underwater Communication Systems,"Communication systems used in underwater training operations",,"Internal"
https://mitre.org/fhir/space-health/ValueSet/underwater-training-procedures,0.4.2,draft,,UnderwaterTrainingProcedures,Underwater Training Procedures,"Procedures and activities conducted during underwater training",,"SCT"
https://mitre.org/fhir/space-health/ValueSet/water-volume-units-vs,0.4.2,active,,WaterVolumeUnitsVS,Water Volume Units,"Units for measuring water volume",,"UCUM"
