{"resourceType":"CodeSystem","id":"space-exercise-modality-cs","text":{"status":"generated","div":"<div xmlns=\"http://www.w3.org/1999/xhtml\"><p class=\"res-header-id\"><b>Generated Narrative: CodeSystem space-exercise-modality-cs</b></p><a name=\"space-exercise-modality-cs\"> </a><a name=\"hcspace-exercise-modality-cs\"> </a><p>This case-sensitive code system <code>http://hl7.org/fhir/uv/aerospace/CodeSystem/space-exercise-modality-cs</code> defines the following codes:</p><table class=\"codes\"><tr><td style=\"white-space:nowrap\"><b>Code</b></td><td><b>Display</b></td><td><b>Definition</b></td></tr><tr><td style=\"white-space:nowrap\">treadmill<a name=\"space-exercise-modality-cs-treadmill\"> </a></td><td>Treadmill running in microgravity</td><td>Running or walking on a vibration-isolated treadmill with harness-based body-weight simulation.</td></tr><tr><td style=\"white-space:nowrap\">cycle-ergometer<a name=\"space-exercise-modality-cs-cycle-ergometer\"> </a></td><td>Cycle ergometer (CEVIS or equivalent)</td><td>Seated or supine cycling on a vibration-isolated ergometer with adjustable resistance.</td></tr><tr><td style=\"white-space:nowrap\">ared-resistive<a name=\"space-exercise-modality-cs-ared-resistive\"> </a></td><td>ARED resistive exercise</td><td>Heavy-load resistive exercise using a flywheel or vacuum-based Advanced Resistive Exercise Device.</td></tr><tr><td style=\"white-space:nowrap\">resistive-squat<a name=\"space-exercise-modality-cs-resistive-squat\"> </a></td><td>Resistive squats</td><td>Squat movements using ARED or equivalent resistive hardware.</td></tr><tr><td style=\"white-space:nowrap\">resistive-deadlift<a name=\"space-exercise-modality-cs-resistive-deadlift\"> </a></td><td>Resistive deadlifts</td><td>Deadlift movements using ARED or equivalent resistive hardware.</td></tr><tr><td style=\"white-space:nowrap\">resistive-calfraise<a name=\"space-exercise-modality-cs-resistive-calfraise\"> </a></td><td>Resistive calf raises</td><td>Calf-raise movements using ARED or equivalent resistive hardware.</td></tr><tr><td style=\"white-space:nowrap\">ag-centrifuge<a name=\"space-exercise-modality-cs-ag-centrifuge\"> </a></td><td>Artificial gravity centrifuge exercise</td><td>Exercise performed in a short-radius or long-radius centrifuge providing partial or full gravity.</td></tr><tr><td style=\"white-space:nowrap\">elastic-band<a name=\"space-exercise-modality-cs-elastic-band\"> </a></td><td>Elastic band exercise</td><td>Portable elastic-band or bungee-based resistive training.</td></tr><tr><td style=\"white-space:nowrap\">body-weight-sim<a name=\"space-exercise-modality-cs-body-weight-sim\"> </a></td><td>Body-weight simulation harness</td><td>Exercise performed with harness-based body-weight simulation, typically on a treadmill.</td></tr></table></div>"},"url":"http://hl7.org/fhir/uv/aerospace/CodeSystem/space-exercise-modality-cs","version":"0.4.2","name":"SpaceExerciseModalityCS","title":"Space Exercise Modality Code System","status":"active","experimental":false,"date":"2025-12-24T19:44:53-07:00","publisher":"MITRE","contact":[{"name":"MITRE","telecom":[{"system":"url","value":"https://www.mitre.org/"}]}],"description":"Spaceflight-specific exercise modalities used in microgravity and partial gravity environments (e.g., ISS treadmill, ARED resistive training, artificial gravity).","caseSensitive":true,"content":"complete","count":9,"concept":[{"code":"treadmill","display":"Treadmill running in microgravity","definition":"Running or walking on a vibration-isolated treadmill with harness-based body-weight simulation.","designation":[{"use":{"system":"http://terminology.hl7.org/CodeSystem/hl7TermMaintInfra","code":"preferredForLanguage"},"value":"Treadmill running in microgravity"}]},{"code":"cycle-ergometer","display":"Cycle ergometer (CEVIS or equivalent)","definition":"Seated or supine cycling on a vibration-isolated ergometer with adjustable resistance.","designation":[{"use":{"system":"http://terminology.hl7.org/CodeSystem/hl7TermMaintInfra","code":"preferredForLanguage"},"value":"Cycle ergometer (CEVIS or equivalent)"}]},{"code":"ared-resistive","display":"ARED resistive exercise","definition":"Heavy-load resistive exercise using a flywheel or vacuum-based Advanced Resistive Exercise Device.","designation":[{"use":{"system":"http://terminology.hl7.org/CodeSystem/hl7TermMaintInfra","code":"preferredForLanguage"},"value":"ARED resistive exercise"}]},{"code":"resistive-squat","display":"Resistive squats","definition":"Squat movements using ARED or equivalent resistive hardware.","designation":[{"use":{"system":"http://terminology.hl7.org/CodeSystem/hl7TermMaintInfra","code":"preferredForLanguage"},"value":"Resistive squats"}]},{"code":"resistive-deadlift","display":"Resistive deadlifts","definition":"Deadlift movements using ARED or equivalent resistive hardware.","designation":[{"use":{"system":"http://terminology.hl7.org/CodeSystem/hl7TermMaintInfra","code":"preferredForLanguage"},"value":"Resistive deadlifts"}]},{"code":"resistive-calfraise","display":"Resistive calf raises","definition":"Calf-raise movements using ARED or equivalent resistive hardware.","designation":[{"use":{"system":"http://terminology.hl7.org/CodeSystem/hl7TermMaintInfra","code":"preferredForLanguage"},"value":"Resistive calf raises"}]},{"code":"ag-centrifuge","display":"Artificial gravity centrifuge exercise","definition":"Exercise performed in a short-radius or long-radius centrifuge providing partial or full gravity.","designation":[{"use":{"system":"http://terminology.hl7.org/CodeSystem/hl7TermMaintInfra","code":"preferredForLanguage"},"value":"Artificial gravity centrifuge exercise"}]},{"code":"elastic-band","display":"Elastic band exercise","definition":"Portable elastic-band or bungee-based resistive training.","designation":[{"use":{"system":"http://terminology.hl7.org/CodeSystem/hl7TermMaintInfra","code":"preferredForLanguage"},"value":"Elastic band exercise"}]},{"code":"body-weight-sim","display":"Body-weight simulation harness","definition":"Exercise performed with harness-based body-weight simulation, typically on a treadmill.","designation":[{"use":{"system":"http://terminology.hl7.org/CodeSystem/hl7TermMaintInfra","code":"preferredForLanguage"},"value":"Body-weight simulation harness"}]}]}