{"resourceType":"CodeSystem","id":"space-physiological-effects-cs","text":{"status":"generated","div":"<div xmlns=\"http://www.w3.org/1999/xhtml\"><p class=\"res-header-id\"><b>Generated Narrative: CodeSystem space-physiological-effects-cs</b></p><a name=\"space-physiological-effects-cs\"> </a><a name=\"hcspace-physiological-effects-cs\"> </a><p>This case-sensitive code system <code>https://mitre.org/fhir/space-health/CodeSystem/space-physiological-effects-cs</code> defines the following codes:</p><table class=\"codes\"><tr><td style=\"white-space:nowrap\"><b>Code</b></td><td><b>Display</b></td><td><b>Definition</b></td></tr><tr><td style=\"white-space:nowrap\">space-adaptation-syndrome<a name=\"space-physiological-effects-cs-space-adaptation-syndrome\"> </a></td><td>Space Adaptation Syndrome</td><td>A condition experienced by astronauts during initial exposure to microgravity, characterized by nausea, vomiting, headache, and general malaise</td></tr><tr><td style=\"white-space:nowrap\">spaceflight-osteopenia<a name=\"space-physiological-effects-cs-spaceflight-osteopenia\"> </a></td><td>Spaceflight Osteopenia</td><td>Bone mineral density loss specifically caused by exposure to microgravity during spaceflight</td></tr><tr><td style=\"white-space:nowrap\">spaceflight-induced-muscle-atrophy<a name=\"space-physiological-effects-cs-spaceflight-induced-muscle-atrophy\"> </a></td><td>Spaceflight-Induced Muscle Atrophy</td><td>The loss of muscle mass and strength specifically caused by exposure to microgravity during spaceflight</td></tr><tr><td style=\"white-space:nowrap\">orthostatic-intolerance<a name=\"space-physiological-effects-cs-orthostatic-intolerance\"> </a></td><td>Orthostatic Intolerance</td><td>The inability to maintain normal blood pressure and adequate cerebral perfusion while in an upright position after spaceflight</td></tr><tr><td style=\"white-space:nowrap\">neurovestibular-adaptation<a name=\"space-physiological-effects-cs-neurovestibular-adaptation\"> </a></td><td>Neurovestibular Adaptation</td><td>Changes in balance, coordination, and spatial orientation that occur during adaptation to microgravity</td></tr><tr><td style=\"white-space:nowrap\">space-motion-sickness<a name=\"space-physiological-effects-cs-space-motion-sickness\"> </a></td><td>Space Motion Sickness</td><td>Motion sickness specifically occurring during spaceflight as the body adapts to microgravity</td></tr><tr><td style=\"white-space:nowrap\">fluid-shift<a name=\"space-physiological-effects-cs-fluid-shift\"> </a></td><td>Cephalad Fluid Shift</td><td>The movement of bodily fluids toward the head in microgravity, causing facial edema and congestion</td></tr><tr><td style=\"white-space:nowrap\">cardiac-deconditioning<a name=\"space-physiological-effects-cs-cardiac-deconditioning\"> </a></td><td>Cardiac Deconditioning</td><td>The reduction in heart mass and decreased cardiac output resulting from extended exposure to microgravity</td></tr><tr><td style=\"white-space:nowrap\">immune-system-dysregulation<a name=\"space-physiological-effects-cs-immune-system-dysregulation\"> </a></td><td>Immune System Dysregulation</td><td>Changes in immune system function during spaceflight, potentially resulting in altered response to pathogens</td></tr><tr><td style=\"white-space:nowrap\">spaceflight-anemia<a name=\"space-physiological-effects-cs-spaceflight-anemia\"> </a></td><td>Spaceflight Anemia</td><td>Reduction in red blood cell mass during spaceflight</td></tr><tr><td style=\"white-space:nowrap\">arterial-remodeling<a name=\"space-physiological-effects-cs-arterial-remodeling\"> </a></td><td>Arterial Remodeling</td><td>Changes in arterial structure and function during spaceflight</td></tr><tr><td style=\"white-space:nowrap\">intervertebral-disc-expansion<a name=\"space-physiological-effects-cs-intervertebral-disc-expansion\"> </a></td><td>Intervertebral Disc Expansion</td><td>Expansion of spinal discs in microgravity, potentially leading to back pain and increased height</td></tr><tr><td style=\"white-space:nowrap\">ocular-hypertension<a name=\"space-physiological-effects-cs-ocular-hypertension\"> </a></td><td>Spaceflight-Associated Ocular Hypertension</td><td>Elevated intraocular pressure associated with spaceflight</td></tr></table></div>"},"url":"https://mitre.org/fhir/space-health/CodeSystem/space-physiological-effects-cs","version":"0.4.2","name":"SpacePhysiologicalEffectsCodeSystem","title":"Space Physiological Effects","status":"draft","experimental":true,"date":"2025-12-24T17:35:27-07:00","publisher":"MITRE","contact":[{"name":"MITRE","telecom":[{"system":"url","value":"https://www.mitre.org/"}]}],"description":"CodeSystem for space physiological effects not found in SNOMED CT","caseSensitive":true,"content":"complete","count":13,"concept":[{"code":"space-adaptation-syndrome","display":"Space Adaptation Syndrome","definition":"A condition experienced by astronauts during initial exposure to microgravity, characterized by nausea, vomiting, headache, and general malaise"},{"code":"spaceflight-osteopenia","display":"Spaceflight Osteopenia","definition":"Bone mineral density loss specifically caused by exposure to microgravity during spaceflight"},{"code":"spaceflight-induced-muscle-atrophy","display":"Spaceflight-Induced Muscle Atrophy","definition":"The loss of muscle mass and strength specifically caused by exposure to microgravity during spaceflight"},{"code":"orthostatic-intolerance","display":"Orthostatic Intolerance","definition":"The inability to maintain normal blood pressure and adequate cerebral perfusion while in an upright position after spaceflight"},{"code":"neurovestibular-adaptation","display":"Neurovestibular Adaptation","definition":"Changes in balance, coordination, and spatial orientation that occur during adaptation to microgravity"},{"code":"space-motion-sickness","display":"Space Motion Sickness","definition":"Motion sickness specifically occurring during spaceflight as the body adapts to microgravity"},{"code":"fluid-shift","display":"Cephalad Fluid Shift","definition":"The movement of bodily fluids toward the head in microgravity, causing facial edema and congestion"},{"code":"cardiac-deconditioning","display":"Cardiac Deconditioning","definition":"The reduction in heart mass and decreased cardiac output resulting from extended exposure to microgravity"},{"code":"immune-system-dysregulation","display":"Immune System Dysregulation","definition":"Changes in immune system function during spaceflight, potentially resulting in altered response to pathogens"},{"code":"spaceflight-anemia","display":"Spaceflight Anemia","definition":"Reduction in red blood cell mass during spaceflight"},{"code":"arterial-remodeling","display":"Arterial Remodeling","definition":"Changes in arterial structure and function during spaceflight"},{"code":"intervertebral-disc-expansion","display":"Intervertebral Disc Expansion","definition":"Expansion of spinal discs in microgravity, potentially leading to back pain and increased height"},{"code":"ocular-hypertension","display":"Spaceflight-Associated Ocular Hypertension","definition":"Elevated intraocular pressure associated with spaceflight"}]}