{"resourceType":"CodeSystem","id":"space-visual-effects-cs","text":{"status":"generated","div":"<div xmlns=\"http://www.w3.org/1999/xhtml\"><p class=\"res-header-id\"><b>Generated Narrative: CodeSystem space-visual-effects-cs</b></p><a name=\"space-visual-effects-cs\"> </a><a name=\"hcspace-visual-effects-cs\"> </a><p>This case-sensitive code system <code>https://mitre.org/fhir/space-health/CodeSystem/space-visual-effects-cs</code> defines the following codes:</p><table class=\"codes\"><tr><td style=\"white-space:nowrap\"><b>Code</b></td><td><b>Display</b></td><td><b>Definition</b></td></tr><tr><td style=\"white-space:nowrap\">sans<a name=\"space-visual-effects-cs-sans\"> </a></td><td>Spaceflight-Associated Neuro-ocular Syndrome</td><td>A constellation of ocular and brain findings in astronauts exposed to long-duration spaceflight, including optic disc edema, globe flattening, choroidal folds, and hyperopic shifts</td></tr><tr><td style=\"white-space:nowrap\">optic-disc-edema<a name=\"space-visual-effects-cs-optic-disc-edema\"> </a></td><td>Optic Disc Edema</td><td>Swelling of the optic disc observed in astronauts during long-duration spaceflight</td></tr><tr><td style=\"white-space:nowrap\">posterior-globe-flattening<a name=\"space-visual-effects-cs-posterior-globe-flattening\"> </a></td><td>Posterior Globe Flattening</td><td>Flattening of the posterior portion of the eye globe observed in astronauts during spaceflight</td></tr><tr><td style=\"white-space:nowrap\">choroidal-folds<a name=\"space-visual-effects-cs-choroidal-folds\"> </a></td><td>Choroidal Folds</td><td>Folds in the choroidal layer of the eye observed in astronauts during spaceflight</td></tr><tr><td style=\"white-space:nowrap\">hyperopic-shift<a name=\"space-visual-effects-cs-hyperopic-shift\"> </a></td><td>Hyperopic Shift</td><td>A shift toward farsightedness observed in astronauts during spaceflight</td></tr><tr><td style=\"white-space:nowrap\">space-radiation-cataracts<a name=\"space-visual-effects-cs-space-radiation-cataracts\"> </a></td><td>Space Radiation Cataracts</td><td>Cataracts resulting from exposure to space radiation</td></tr><tr><td style=\"white-space:nowrap\">light-flash-phenomenon<a name=\"space-visual-effects-cs-light-flash-phenomenon\"> </a></td><td>Light Flash Phenomenon</td><td>Visual perception of flashes of light caused by cosmic rays interacting with the retina or visual cortex</td></tr><tr><td style=\"white-space:nowrap\">retinal-vascular-changes<a name=\"space-visual-effects-cs-retinal-vascular-changes\"> </a></td><td>Retinal Vascular Changes</td><td>Changes in the blood vessels of the retina observed during spaceflight</td></tr></table></div>"},"url":"https://mitre.org/fhir/space-health/CodeSystem/space-visual-effects-cs","version":"0.4.2","name":"SpaceVisualEffectsCodeSystem","title":"Space Visual Effects","status":"draft","experimental":true,"date":"2025-12-24T13:59:08-07:00","publisher":"MITRE","contact":[{"name":"MITRE","telecom":[{"system":"url","value":"https://www.mitre.org/"}]}],"description":"CodeSystem for space visual effects not found in SNOMED CT","caseSensitive":true,"content":"complete","count":8,"concept":[{"code":"sans","display":"Spaceflight-Associated Neuro-ocular Syndrome","definition":"A constellation of ocular and brain findings in astronauts exposed to long-duration spaceflight, including optic disc edema, globe flattening, choroidal folds, and hyperopic shifts"},{"code":"optic-disc-edema","display":"Optic Disc Edema","definition":"Swelling of the optic disc observed in astronauts during long-duration spaceflight"},{"code":"posterior-globe-flattening","display":"Posterior Globe Flattening","definition":"Flattening of the posterior portion of the eye globe observed in astronauts during spaceflight"},{"code":"choroidal-folds","display":"Choroidal Folds","definition":"Folds in the choroidal layer of the eye observed in astronauts during spaceflight"},{"code":"hyperopic-shift","display":"Hyperopic Shift","definition":"A shift toward farsightedness observed in astronauts during spaceflight"},{"code":"space-radiation-cataracts","display":"Space Radiation Cataracts","definition":"Cataracts resulting from exposure to space radiation"},{"code":"light-flash-phenomenon","display":"Light Flash Phenomenon","definition":"Visual perception of flashes of light caused by cosmic rays interacting with the retina or visual cortex"},{"code":"retinal-vascular-changes","display":"Retinal Vascular Changes","definition":"Changes in the blood vessels of the retina observed during spaceflight"}]}