{"resourceType":"CodeSystem","id":"location-capabilities-cs","text":{"status":"generated","div":"<div xmlns=\"http://www.w3.org/1999/xhtml\"><p class=\"res-header-id\"><b>Generated Narrative: CodeSystem location-capabilities-cs</b></p><a name=\"location-capabilities-cs\"> </a><a name=\"hclocation-capabilities-cs\"> </a><p>This case-sensitive code system <code>http://hl7.org/fhir/uv/aerospace/CodeSystem/location-capabilities-cs</code> defines the following codes:</p><table class=\"codes\"><tr><td style=\"white-space:nowrap\"><b>Code</b></td><td><b>Display</b></td><td><b>Definition</b></td></tr><tr><td style=\"white-space:nowrap\">eva-simulation<a name=\"location-capabilities-cs-eva-simulation\"> </a></td><td>EVA Simulation Training</td><td>Facility capable of extravehicular activity simulation training</td></tr><tr><td style=\"white-space:nowrap\">hyperbaric-treatment<a name=\"location-capabilities-cs-hyperbaric-treatment\"> </a></td><td>Hyperbaric Treatment</td><td>Facility with hyperbaric oxygen therapy capabilities</td></tr><tr><td style=\"white-space:nowrap\">secure-communication<a name=\"location-capabilities-cs-secure-communication\"> </a></td><td>Secure Communication</td><td>Facility with secure communication systems</td></tr><tr><td style=\"white-space:nowrap\">altitude-chamber<a name=\"location-capabilities-cs-altitude-chamber\"> </a></td><td>Altitude Chamber Training</td><td>Facility with altitude chamber for hypobaric training</td></tr><tr><td style=\"white-space:nowrap\">centrifuge-training<a name=\"location-capabilities-cs-centrifuge-training\"> </a></td><td>Centrifuge Training</td><td>Facility with centrifuge for high-G training</td></tr><tr><td style=\"white-space:nowrap\">medical-emergency<a name=\"location-capabilities-cs-medical-emergency\"> </a></td><td>Emergency Medical Services</td><td>Facility with emergency medical response capabilities</td></tr><tr><td style=\"white-space:nowrap\">radiation-monitoring<a name=\"location-capabilities-cs-radiation-monitoring\"> </a></td><td>Radiation Monitoring</td><td>Facility with radiation detection and monitoring systems</td></tr><tr><td style=\"white-space:nowrap\">psychological-support<a name=\"location-capabilities-cs-psychological-support\"> </a></td><td>Psychological Support Services</td><td>Facility with psychological counseling and support services</td></tr><tr><td style=\"white-space:nowrap\">rehabilitation<a name=\"location-capabilities-cs-rehabilitation\"> </a></td><td>Medical Rehabilitation</td><td>Facility with medical rehabilitation services</td></tr><tr><td style=\"white-space:nowrap\">research-laboratory<a name=\"location-capabilities-cs-research-laboratory\"> </a></td><td>Research Laboratory</td><td>Facility with research laboratory capabilities</td></tr><tr><td style=\"white-space:nowrap\">neutral-buoyancy<a name=\"location-capabilities-cs-neutral-buoyancy\"> </a></td><td>Neutral Buoyancy Training</td><td>Facility with underwater neutral buoyancy training pool</td></tr><tr><td style=\"white-space:nowrap\">mission-control<a name=\"location-capabilities-cs-mission-control\"> </a></td><td>Mission Control</td><td>Facility with mission control and monitoring capabilities</td></tr><tr><td style=\"white-space:nowrap\">life-support-testing<a name=\"location-capabilities-cs-life-support-testing\"> </a></td><td>Life Support Testing</td><td>Facility for testing life support systems</td></tr><tr><td style=\"white-space:nowrap\">spacesuit-testing<a name=\"location-capabilities-cs-spacesuit-testing\"> </a></td><td>Spacesuit Testing</td><td>Facility for spacesuit testing and validation</td></tr></table></div>"},"url":"http://hl7.org/fhir/uv/aerospace/CodeSystem/location-capabilities-cs","version":"0.4.2","name":"LocationCapabilitiesCS","title":"Location Capabilities Code System","status":"active","experimental":false,"date":"2025-12-24T17:35:27-07:00","publisher":"MITRE","contact":[{"name":"MITRE","telecom":[{"system":"url","value":"https://www.mitre.org/"}]}],"description":"Capabilities and services available at aerospace medicine locations","caseSensitive":true,"content":"complete","count":14,"concept":[{"code":"eva-simulation","display":"EVA Simulation Training","definition":"Facility capable of extravehicular activity simulation training","designation":[{"use":{"system":"http://terminology.hl7.org/CodeSystem/hl7TermMaintInfra","code":"preferredForLanguage"},"value":"EVA Simulation Training"}]},{"code":"hyperbaric-treatment","display":"Hyperbaric Treatment","definition":"Facility with hyperbaric oxygen therapy capabilities","designation":[{"use":{"system":"http://terminology.hl7.org/CodeSystem/hl7TermMaintInfra","code":"preferredForLanguage"},"value":"Hyperbaric Treatment"}]},{"code":"secure-communication","display":"Secure Communication","definition":"Facility with secure communication systems","designation":[{"use":{"system":"http://terminology.hl7.org/CodeSystem/hl7TermMaintInfra","code":"preferredForLanguage"},"value":"Secure Communication"}]},{"code":"altitude-chamber","display":"Altitude Chamber Training","definition":"Facility with altitude chamber for hypobaric training","designation":[{"use":{"system":"http://terminology.hl7.org/CodeSystem/hl7TermMaintInfra","code":"preferredForLanguage"},"value":"Altitude Chamber Training"}]},{"code":"centrifuge-training","display":"Centrifuge Training","definition":"Facility with centrifuge for high-G training","designation":[{"use":{"system":"http://terminology.hl7.org/CodeSystem/hl7TermMaintInfra","code":"preferredForLanguage"},"value":"Centrifuge Training"}]},{"code":"medical-emergency","display":"Emergency Medical Services","definition":"Facility with emergency medical response capabilities","designation":[{"use":{"system":"http://terminology.hl7.org/CodeSystem/hl7TermMaintInfra","code":"preferredForLanguage"},"value":"Emergency Medical Services"}]},{"code":"radiation-monitoring","display":"Radiation Monitoring","definition":"Facility with radiation detection and monitoring systems","designation":[{"use":{"system":"http://terminology.hl7.org/CodeSystem/hl7TermMaintInfra","code":"preferredForLanguage"},"value":"Radiation Monitoring"}]},{"code":"psychological-support","display":"Psychological Support Services","definition":"Facility with psychological counseling and support services","designation":[{"use":{"system":"http://terminology.hl7.org/CodeSystem/hl7TermMaintInfra","code":"preferredForLanguage"},"value":"Psychological Support Services"}]},{"code":"rehabilitation","display":"Medical Rehabilitation","definition":"Facility with medical rehabilitation services","designation":[{"use":{"system":"http://terminology.hl7.org/CodeSystem/hl7TermMaintInfra","code":"preferredForLanguage"},"value":"Medical Rehabilitation"}]},{"code":"research-laboratory","display":"Research Laboratory","definition":"Facility with research laboratory capabilities","designation":[{"use":{"system":"http://terminology.hl7.org/CodeSystem/hl7TermMaintInfra","code":"preferredForLanguage"},"value":"Research Laboratory"}]},{"code":"neutral-buoyancy","display":"Neutral Buoyancy Training","definition":"Facility with underwater neutral buoyancy training pool","designation":[{"use":{"system":"http://terminology.hl7.org/CodeSystem/hl7TermMaintInfra","code":"preferredForLanguage"},"value":"Neutral Buoyancy Training"}]},{"code":"mission-control","display":"Mission Control","definition":"Facility with mission control and monitoring capabilities","designation":[{"use":{"system":"http://terminology.hl7.org/CodeSystem/hl7TermMaintInfra","code":"preferredForLanguage"},"value":"Mission Control"}]},{"code":"life-support-testing","display":"Life Support Testing","definition":"Facility for testing life support systems","designation":[{"use":{"system":"http://terminology.hl7.org/CodeSystem/hl7TermMaintInfra","code":"preferredForLanguage"},"value":"Life Support Testing"}]},{"code":"spacesuit-testing","display":"Spacesuit Testing","definition":"Facility for spacesuit testing and validation","designation":[{"use":{"system":"http://terminology.hl7.org/CodeSystem/hl7TermMaintInfra","code":"preferredForLanguage"},"value":"Spacesuit Testing"}]}]}