{"resourceType":"CodeSystem","id":"aerospace-behavioral-state-cs","text":{"status":"generated","div":"<div xmlns=\"http://www.w3.org/1999/xhtml\"><p class=\"res-header-id\"><b>Generated Narrative: CodeSystem aerospace-behavioral-state-cs</b></p><a name=\"aerospace-behavioral-state-cs\"> </a><a name=\"hcaerospace-behavioral-state-cs\"> </a><p>This case-sensitive code system <code>http://hl7.org/fhir/uv/aerospace/CodeSystem/aerospace-behavioral-state-cs</code> defines the following codes:</p><table class=\"codes\"><tr><td style=\"white-space:nowrap\"><b>Code</b></td><td><b>Display</b></td><td><b>Definition</b></td></tr><tr><td style=\"white-space:nowrap\">mood-level<a name=\"aerospace-behavioral-state-cs-mood-level\"> </a></td><td>Mood level</td><td>Numeric or ordinal scoring of current mood (e.g., -3 to +3).</td></tr><tr><td style=\"white-space:nowrap\">anxiety-level<a name=\"aerospace-behavioral-state-cs-anxiety-level\"> </a></td><td>Anxiety level</td><td>Numeric or ordinal scoring of current anxiety state.</td></tr><tr><td style=\"white-space:nowrap\">irritability-score<a name=\"aerospace-behavioral-state-cs-irritability-score\"> </a></td><td>Irritability score</td><td>Behavioral metric representing irritability and frustration.</td></tr><tr><td style=\"white-space:nowrap\">conflict-index<a name=\"aerospace-behavioral-state-cs-conflict-index\"> </a></td><td>Conflict index</td><td>Estimated probability or degree of interpersonal conflict risk.</td></tr><tr><td style=\"white-space:nowrap\">coping-capacity<a name=\"aerospace-behavioral-state-cs-coping-capacity\"> </a></td><td>Coping capacity</td><td>Perceived ability to cope with mission demands and stressors.</td></tr><tr><td style=\"white-space:nowrap\">cumulative-stress<a name=\"aerospace-behavioral-state-cs-cumulative-stress\"> </a></td><td>Cumulative stress burden</td><td>Integrated measure of stress load over a defined mission interval.</td></tr><tr><td style=\"white-space:nowrap\">social-connectedness<a name=\"aerospace-behavioral-state-cs-social-connectedness\"> </a></td><td>Social connectedness</td><td>Degree of perceived social support and connectedness with crew and ground.</td></tr><tr><td style=\"white-space:nowrap\">sleep-quality<a name=\"aerospace-behavioral-state-cs-sleep-quality\"> </a></td><td>Sleep quality</td><td>Subjective or composite index of sleep quality.</td></tr><tr><td style=\"white-space:nowrap\">cognitive-readiness<a name=\"aerospace-behavioral-state-cs-cognitive-readiness\"> </a></td><td>Cognitive readiness</td><td>Readiness for complex decision-making and EVA or critical operations.</td></tr></table></div>"},"url":"http://hl7.org/fhir/uv/aerospace/CodeSystem/aerospace-behavioral-state-cs","version":"0.4.2","name":"AerospaceBehavioralStateCS","title":"Aerospace Behavioral State Code System","status":"active","date":"2025-12-24T13:07:45-07:00","publisher":"MITRE","contact":[{"name":"MITRE","telecom":[{"system":"url","value":"https://www.mitre.org/"}]}],"description":"Codes describing behavioral and psychological state parameters in aerospace missions.","caseSensitive":true,"content":"complete","count":9,"concept":[{"code":"mood-level","display":"Mood level","definition":"Numeric or ordinal scoring of current mood (e.g., -3 to +3)."},{"code":"anxiety-level","display":"Anxiety level","definition":"Numeric or ordinal scoring of current anxiety state."},{"code":"irritability-score","display":"Irritability score","definition":"Behavioral metric representing irritability and frustration."},{"code":"conflict-index","display":"Conflict index","definition":"Estimated probability or degree of interpersonal conflict risk."},{"code":"coping-capacity","display":"Coping capacity","definition":"Perceived ability to cope with mission demands and stressors."},{"code":"cumulative-stress","display":"Cumulative stress burden","definition":"Integrated measure of stress load over a defined mission interval."},{"code":"social-connectedness","display":"Social connectedness","definition":"Degree of perceived social support and connectedness with crew and ground."},{"code":"sleep-quality","display":"Sleep quality","definition":"Subjective or composite index of sleep quality."},{"code":"cognitive-readiness","display":"Cognitive readiness","definition":"Readiness for complex decision-making and EVA or critical operations."}]}