{"resourceType":"ValueSet","id":"dosimeter-type-vs","text":{"status":"generated","div":"<div xmlns=\"http://www.w3.org/1999/xhtml\"><p class=\"res-header-id\"><b>Generated Narrative: ValueSet dosimeter-type-vs</b></p><a name=\"dosimeter-type-vs\"> </a><a name=\"hcdosimeter-type-vs\"> </a><ul><li>Include all codes defined in <a href=\"CodeSystem-radiation-detector-type-cs.html\"><code>https://mitre.org/fhir/space-health/CodeSystem/radiation-detector-type-cs</code></a><span title=\"Version is not explicitly stated, which means it is fixed to the version provided in this specification\"> version &#x1F4E6;0.4.2</span></li></ul></div>"},"url":"https://mitre.org/fhir/space-health/ValueSet/dosimeter-type-vs","version":"0.4.2","name":"DosimeterTypeVS","title":"Dosimeter Types","status":"draft","experimental":false,"date":"2025-12-24T13:07:45-07:00","publisher":"MITRE","contact":[{"name":"MITRE","telecom":[{"system":"url","value":"https://www.mitre.org/"}]}],"description":"Types of radiation dosimeters","compose":{"include":[{"system":"https://mitre.org/fhir/space-health/CodeSystem/radiation-detector-type-cs"}]}}