{"resourceType":"ValueSet","id":"space-neurological-effects","text":{"status":"generated","div":"<div xmlns=\"http://www.w3.org/1999/xhtml\"><p class=\"res-header-id\"><b>Generated Narrative: ValueSet space-neurological-effects</b></p><a name=\"space-neurological-effects\"> </a><a name=\"hcspace-neurological-effects\"> </a><ul><li>Include these codes as defined in <a href=\"http://www.snomed.org/\"><code>http://snomed.info/sct</code></a><span title=\"Version is not explicitly stated. No matching Code System found\"> version Not Stated (use latest from terminology server)</span><table class=\"none\"><tr><td style=\"white-space:nowrap\"><b>Code</b></td><td><b>Display</b></td></tr><tr><td><a href=\"http://snomed.info/id/246001\">246001</a></td><td>Lateral vestibular nucleus</td></tr><tr><td><a href=\"http://snomed.info/id/3931001\">3931001</a></td><td>Vestibular window</td></tr><tr><td><a href=\"http://snomed.info/id/16860002\">16860002</a></td><td>Vestibular function test with observation and evaluation by physician</td></tr><tr><td><a href=\"http://snomed.info/id/8535002\">8535002</a></td><td>Cochleovestibular active Ménière's disease</td></tr><tr><td><a href=\"http://snomed.info/id/37031009\">37031009</a></td><td>Motion sickness</td></tr><tr><td><a href=\"http://snomed.info/id/3170006\">3170006</a></td><td>Papilledema associated with increased intracranial pressure</td></tr><tr><td><a href=\"http://snomed.info/id/11692000\">11692000</a></td><td>Normal intracranial pressure</td></tr><tr><td><a href=\"http://snomed.info/id/28073009\">28073009</a></td><td>Increased intracranial pressure</td></tr><tr><td><a href=\"http://snomed.info/id/57964004\">57964004</a></td><td>Decreased intracranial pressure</td></tr><tr><td><a href=\"http://snomed.info/id/12738006\">12738006</a></td><td>Brain</td></tr><tr><td><a href=\"http://snomed.info/id/68267002\">68267002</a></td><td>Benign intracranial hypertension</td></tr><tr><td><a href=\"http://snomed.info/id/3235001\">3235001</a></td><td>Disorder of balance</td></tr><tr><td><a href=\"http://snomed.info/id/10904000\">10904000</a></td><td>Orthostatic body position</td></tr></table></li></ul></div>"},"url":"https://mitre.org/fhir/space-health/ValueSet/space-neurological-effects","version":"0.4.2","name":"SpaceNeurologicalEffectsValueSet","title":"Space Neurological Effects","status":"draft","experimental":true,"date":"2025-12-24T13:07:45-07:00","publisher":"MITRE","contact":[{"name":"MITRE","telecom":[{"system":"url","value":"https://www.mitre.org/"}]}],"description":"Neurological effects relevant to human spaceflight, including vestibular conditions, motion sickness, and intracranial pressure changes","compose":{"include":[{"system":"http://snomed.info/sct","concept":[{"code":"246001","display":"Lateral vestibular nucleus"},{"code":"3931001","display":"Vestibular window"},{"code":"16860002","display":"Vestibular function test with observation and evaluation by physician"},{"code":"8535002","display":"Cochleovestibular active Ménière's disease"},{"code":"37031009","display":"Motion sickness"},{"code":"3170006","display":"Papilledema associated with increased intracranial pressure"},{"code":"11692000","display":"Normal intracranial pressure"},{"code":"28073009","display":"Increased intracranial pressure"},{"code":"57964004","display":"Decreased intracranial pressure"},{"code":"12738006","display":"Brain"},{"code":"68267002","display":"Benign intracranial hypertension"},{"code":"3235001","display":"Disorder of balance"},{"code":"10904000","display":"Orthostatic body position"}]}]}}