{"resourceType":"ValueSet","id":"space-physiological-effects","text":{"status":"generated","div":"<div xmlns=\"http://www.w3.org/1999/xhtml\"><p class=\"res-header-id\"><b>Generated Narrative: ValueSet space-physiological-effects</b></p><a name=\"space-physiological-effects\"> </a><a name=\"hcspace-physiological-effects\"> </a><ul><li>Include these codes as defined in <a href=\"http://www.snomed.org/\"><code>http://snomed.info/sct</code></a><span title=\"Version is not explicitly stated. No matching Code System found\"> version Not Stated (use latest from terminology server)</span><table class=\"none\"><tr><td style=\"white-space:nowrap\"><b>Code</b></td><td><b>Display</b></td></tr><tr><td><a href=\"http://snomed.info/id/37031009\">37031009</a></td><td>Motion sickness</td></tr><tr><td><a href=\"http://snomed.info/id/88092000\">88092000</a></td><td>Muscle atrophy</td></tr><tr><td><a href=\"http://snomed.info/id/156721007\">156721007</a></td><td>Disuse muscle atrophy</td></tr><tr><td><a href=\"http://snomed.info/id/240129002\">240129002</a></td><td>Disuse muscle atrophy</td></tr><tr><td><a href=\"http://snomed.info/id/109706009\">109706009</a></td><td>Alveolar bone loss</td></tr><tr><td><a href=\"http://snomed.info/id/109709002\">109709002</a></td><td>Horizontal alveolar bone loss</td></tr><tr><td><a href=\"http://snomed.info/id/109710007\">109710007</a></td><td>Vertical alveolar bone loss</td></tr><tr><td><a href=\"http://snomed.info/id/28651003\">28651003</a></td><td>Orthostatic hypotension</td></tr><tr><td><a href=\"http://snomed.info/id/84438001\">84438001</a></td><td>Idiopathic orthostatic hypotension</td></tr><tr><td><a href=\"http://snomed.info/id/75181005\">75181005</a></td><td>Chronic orthostatic hypotension</td></tr><tr><td><a href=\"http://snomed.info/id/40031005\">40031005</a></td><td>Visual impairment</td></tr><tr><td><a href=\"http://snomed.info/id/39898005\">39898005</a></td><td>Sleep disorder</td></tr><tr><td><a href=\"http://snomed.info/id/111489007\">111489007</a></td><td>Breathing-related sleep disorder</td></tr><tr><td><a href=\"http://snomed.info/id/30920001\">30920001</a></td><td>Circadian rhythm</td></tr><tr><td><a href=\"http://snomed.info/id/15976004\">15976004</a></td><td>Abnormal circadian rhythm</td></tr><tr><td><a href=\"http://snomed.info/id/3745000\">3745000</a></td><td>Circadian rhythm sleep disorder</td></tr><tr><td><a href=\"http://snomed.info/id/271794005\">271794005</a></td><td>Circadian dysregulation</td></tr><tr><td><a href=\"http://snomed.info/id/62577008\">62577008</a></td><td>Insomnia</td></tr><tr><td><a href=\"http://snomed.info/id/30869003\">30869003</a></td><td>Hypoxia</td></tr><tr><td><a href=\"http://snomed.info/id/238158000\">238158000</a></td><td>Hyperoxia</td></tr><tr><td><a href=\"http://snomed.info/id/250844005\">250844005</a></td><td>Intracranial pressure</td></tr><tr><td><a href=\"http://snomed.info/id/28073009\">28073009</a></td><td>Increased intracranial pressure</td></tr><tr><td><a href=\"http://snomed.info/id/57964004\">57964004</a></td><td>Decreased intracranial pressure</td></tr><tr><td><a href=\"http://snomed.info/id/16986008\">16986008</a></td><td>Back pain</td></tr><tr><td><a href=\"http://snomed.info/id/78441005\">78441005</a></td><td>Osteopenia</td></tr><tr><td><a href=\"http://snomed.info/id/64859006\">64859006</a></td><td>Osteoporosis</td></tr><tr><td><a href=\"http://snomed.info/id/16046003\">16046003</a></td><td>Muscle stiffness</td></tr></table></li></ul></div>"},"url":"https://mitre.org/fhir/space-health/ValueSet/space-physiological-effects","version":"0.4.2","name":"SpacePhysiologicalEffectsValueSet","title":"Space Physiological Effects","status":"draft","experimental":true,"date":"2025-12-24T15:11:38-07:00","publisher":"MITRE","contact":[{"name":"MITRE","telecom":[{"system":"url","value":"https://www.mitre.org/"}]}],"description":"Physiological effects and conditions relevant to human spaceflight, including motion sickness, bone loss, muscle atrophy, and sleep disorders","compose":{"include":[{"system":"http://snomed.info/sct","concept":[{"code":"37031009","display":"Motion sickness"},{"code":"88092000","display":"Muscle atrophy"},{"code":"156721007","display":"Disuse muscle atrophy"},{"code":"240129002","display":"Disuse muscle atrophy"},{"code":"109706009","display":"Alveolar bone loss"},{"code":"109709002","display":"Horizontal alveolar bone loss"},{"code":"109710007","display":"Vertical alveolar bone loss"},{"code":"28651003","display":"Orthostatic hypotension"},{"code":"84438001","display":"Idiopathic orthostatic hypotension"},{"code":"75181005","display":"Chronic orthostatic hypotension"},{"code":"40031005","display":"Visual impairment"},{"code":"39898005","display":"Sleep disorder"},{"code":"111489007","display":"Breathing-related sleep disorder"},{"code":"30920001","display":"Circadian rhythm"},{"code":"15976004","display":"Abnormal circadian rhythm"},{"code":"3745000","display":"Circadian rhythm sleep disorder"},{"code":"271794005","display":"Circadian dysregulation"},{"code":"62577008","display":"Insomnia"},{"code":"30869003","display":"Hypoxia"},{"code":"238158000","display":"Hyperoxia"},{"code":"250844005","display":"Intracranial pressure"},{"code":"28073009","display":"Increased intracranial pressure"},{"code":"57964004","display":"Decreased intracranial pressure"},{"code":"16986008","display":"Back pain"},{"code":"78441005","display":"Osteopenia"},{"code":"64859006","display":"Osteoporosis"},{"code":"16046003","display":"Muscle stiffness"}]}]}}