{"resourceType":"ValueSet","id":"artemis-all-devices-vs","text":{"status":"generated","div":"<div xmlns=\"http://www.w3.org/1999/xhtml\"><p class=\"res-header-id\"><b>Generated Narrative: ValueSet artemis-all-devices-vs</b></p><a name=\"artemis-all-devices-vs\"> </a><a name=\"hcartemis-all-devices-vs\"> </a><p>This value set includes codes based on the following rules:</p><ul><li>Include all codes defined in <a href=\"CodeSystem-artemis-certified-devices-cs.html\"><code>http://hl7.org/fhir/uv/aerospace/CodeSystem/artemis-certified-devices-cs</code></a><span title=\"Version is not explicitly stated, which means it is fixed to the version provided in this specification\"> version &#x1F4E6;0.4.2</span></li><li>Include all codes defined in <a href=\"CodeSystem-artemis-prototype-devices-cs.html\"><code>http://hl7.org/fhir/uv/aerospace/CodeSystem/artemis-prototype-devices-cs</code></a><span title=\"Version is not explicitly stated, which means it is fixed to the version provided in this specification\"> version &#x1F4E6;0.4.2</span></li></ul></div>"},"url":"http://hl7.org/fhir/uv/aerospace/ValueSet/artemis-all-devices-vs","version":"0.4.2","name":"ArtemisAllDevicesVS","title":"All Artemis Devices","status":"active","experimental":false,"date":"2025-12-24T17:35:27-07:00","publisher":"MITRE","contact":[{"name":"MITRE","telecom":[{"system":"url","value":"https://www.mitre.org/"}]}],"description":"Both certified and prototype Artemis devices","compose":{"include":[{"system":"http://hl7.org/fhir/uv/aerospace/CodeSystem/artemis-certified-devices-cs"},{"system":"http://hl7.org/fhir/uv/aerospace/CodeSystem/artemis-prototype-devices-cs"}]}}