{"resourceType":"ValueSet","id":"evs-units-vs","text":{"status":"generated","div":"<div xmlns=\"http://www.w3.org/1999/xhtml\"><p class=\"res-header-id\"><b>Generated Narrative: ValueSet evs-units-vs</b></p><a name=\"evs-units-vs\"> </a><a name=\"hcevs-units-vs\"> </a><ul><li>Include these codes as defined in <a href=\"http://unitsofmeasure.org\"><code>http://unitsofmeasure.org</code></a><span title=\"Version is not explicitly stated. No matching Code System found\"> version Not Stated (use latest from terminology server)</span><table class=\"none\"><tr><td style=\"white-space:nowrap\"><b>Code</b></td><td><b>Display</b></td></tr><tr><td>min/wk</td><td>minutes per week</td></tr><tr><td>min</td><td>minutes</td></tr></table></li></ul></div>"},"url":"https://mitre.org/fhir/space-health/ValueSet/evs-units-vs","version":"0.5.5","name":"EVSUnitsVS","title":"EVS Units","status":"active","experimental":false,"date":"2025-12-30T10:45:53-07:00","publisher":"MITRE","contact":[{"name":"MITRE","telecom":[{"system":"url","value":"https://www.mitre.org/"}]}],"description":"Units for Exercise Vital Sign measurements","compose":{"include":[{"system":"http://unitsofmeasure.org","concept":[{"code":"min/wk","display":"minutes per week"},{"code":"min","display":"minutes"}]}]}}