{"resourceType":"ValueSet","id":"space-psychological-effects","text":{"status":"generated","div":"<div xmlns=\"http://www.w3.org/1999/xhtml\"><p class=\"res-header-id\"><b>Generated Narrative: ValueSet space-psychological-effects</b></p><a name=\"space-psychological-effects\"> </a><a name=\"hcspace-psychological-effects\"> </a><ul><li>Include these codes as defined in <a href=\"http://www.snomed.org/\"><code>http://snomed.info/sct</code></a><span title=\"Version is not explicitly stated. No matching Code System found\"> version Not Stated (use latest from terminology server)</span><table class=\"none\"><tr><td style=\"white-space:nowrap\"><b>Code</b></td><td><b>Display</b></td></tr><tr><td><a href=\"http://snomed.info/id/39898005\">39898005</a></td><td>Sleep disorder</td></tr><tr><td><a href=\"http://snomed.info/id/111489007\">111489007</a></td><td>Breathing-related sleep disorder</td></tr><tr><td><a href=\"http://snomed.info/id/3745000\">3745000</a></td><td>Circadian rhythm sleep disorder</td></tr><tr><td><a href=\"http://snomed.info/id/16197009\">16197009</a></td><td>Social isolation</td></tr><tr><td><a href=\"http://snomed.info/id/64441002\">64441002</a></td><td>Social isolation</td></tr><tr><td><a href=\"http://snomed.info/id/29903003\">29903003</a></td><td>Sensory deprivation isolation</td></tr><tr><td><a href=\"http://snomed.info/id/126943008\">126943008</a></td><td>Separation anxiety</td></tr><tr><td><a href=\"http://snomed.info/id/109006\">109006</a></td><td>Anxiety disorder of childhood OR adolescence</td></tr><tr><td><a href=\"http://snomed.info/id/832007\">832007</a></td><td>Moderate major depression</td></tr><tr><td><a href=\"http://snomed.info/id/80216008\">80216008</a></td><td>Cognitive disturbance</td></tr><tr><td><a href=\"http://snomed.info/id/102891000\">102891000</a></td><td>Age-related cognitive decline</td></tr><tr><td><a href=\"http://snomed.info/id/62577008\">62577008</a></td><td>Insomnia</td></tr><tr><td><a href=\"http://snomed.info/id/8614008\">8614008</a></td><td>Vocal fatigue</td></tr><tr><td><a href=\"http://snomed.info/id/17099003\">17099003</a></td><td>Peripheral muscle fatigue</td></tr><tr><td><a href=\"http://snomed.info/id/22171002\">22171002</a></td><td>Neuromuscular fatigue</td></tr></table></li></ul></div>"},"url":"https://mitre.org/fhir/space-health/ValueSet/space-psychological-effects","version":"0.4.2","name":"SpacePsychologicalEffectsValueSet","title":"Space Psychological Effects","status":"draft","experimental":true,"date":"2025-12-24T17:35:27-07:00","publisher":"MITRE","contact":[{"name":"MITRE","telecom":[{"system":"url","value":"https://www.mitre.org/"}]}],"description":"Psychological effects relevant to human spaceflight, including sleep disorders, isolation, anxiety, and depression","compose":{"include":[{"system":"http://snomed.info/sct","concept":[{"code":"39898005","display":"Sleep disorder"},{"code":"111489007","display":"Breathing-related sleep disorder"},{"code":"3745000","display":"Circadian rhythm sleep disorder"},{"code":"16197009","display":"Social isolation"},{"code":"64441002","display":"Social isolation"},{"code":"29903003","display":"Sensory deprivation isolation"},{"code":"126943008","display":"Separation anxiety"},{"code":"109006","display":"Anxiety disorder of childhood OR adolescence"},{"code":"832007","display":"Moderate major depression"},{"code":"80216008","display":"Cognitive disturbance"},{"code":"102891000","display":"Age-related cognitive decline"},{"code":"62577008","display":"Insomnia"},{"code":"8614008","display":"Vocal fatigue"},{"code":"17099003","display":"Peripheral muscle fatigue"},{"code":"22171002","display":"Neuromuscular fatigue"}]}]}}