{"resourceType":"ValueSet","id":"operational-status-vs","text":{"status":"generated","div":"<div xmlns=\"http://www.w3.org/1999/xhtml\"><p class=\"res-header-id\"><b>Generated Narrative: ValueSet operational-status-vs</b></p><a name=\"operational-status-vs\"> </a><a name=\"hcoperational-status-vs\"> </a><ul><li>Include all codes defined in <a href=\"CodeSystem-operational-status-cs.html\"><code>http://hl7.org/fhir/uv/aerospace/CodeSystem/operational-status-cs</code></a><span title=\"Version is not explicitly stated, which means it is fixed to the version provided in this specification\"> version &#x1F4E6;0.4.2</span></li></ul></div>"},"url":"http://hl7.org/fhir/uv/aerospace/ValueSet/operational-status-vs","version":"0.4.2","name":"OperationalStatusVS","title":"Operational Status Value Set","status":"active","experimental":false,"date":"2025-12-24T13:07:45-07:00","publisher":"MITRE","contact":[{"name":"MITRE","telecom":[{"system":"url","value":"https://www.mitre.org/"}]}],"description":"Operational status codes for facilities and vehicles","compose":{"include":[{"system":"http://hl7.org/fhir/uv/aerospace/CodeSystem/operational-status-cs"}]}}