{"resourceType":"ValueSet","id":"space-radiation-type-vs","text":{"status":"generated","div":"<div xmlns=\"http://www.w3.org/1999/xhtml\"><p class=\"res-header-id\"><b>Generated Narrative: ValueSet space-radiation-type-vs</b></p><a name=\"space-radiation-type-vs\"> </a><a name=\"hcspace-radiation-type-vs\"> </a><ul><li>Include all codes defined in <a href=\"CodeSystem-space-radiation-type-cs.html\"><code>https://mitre.org/fhir/space-health/CodeSystem/space-radiation-type-cs</code></a><span title=\"Version is not explicitly stated, which means it is fixed to the version provided in this specification\"> version &#x1F4E6;0.4.2</span></li></ul></div>"},"url":"https://mitre.org/fhir/space-health/ValueSet/space-radiation-type-vs","version":"0.4.2","name":"SpaceRadiationTypeVS","title":"Space Radiation Types","status":"draft","experimental":false,"date":"2025-12-24T15:11:38-07:00","publisher":"MITRE","contact":[{"name":"MITRE","telecom":[{"system":"url","value":"https://www.mitre.org/"}]}],"description":"Types of radiation encountered in space","compose":{"include":[{"system":"https://mitre.org/fhir/space-health/CodeSystem/space-radiation-type-cs"}]}}