{"resourceType":"ValueSet","id":"space-performance-metric-vs","text":{"status":"generated","div":"<div xmlns=\"http://www.w3.org/1999/xhtml\"><p class=\"res-header-id\"><b>Generated Narrative: ValueSet space-performance-metric-vs</b></p><a name=\"space-performance-metric-vs\"> </a><a name=\"hcspace-performance-metric-vs\"> </a><ul><li>Include all codes defined in <a href=\"CodeSystem-space-performance-metric-cs.html\"><code>http://hl7.org/fhir/uv/aerospace/CodeSystem/space-performance-metric-cs</code></a><span title=\"Version is not explicitly stated, which means it is fixed to the version provided in this specification\"> version &#x1F4E6;0.5.5</span></li></ul></div>"},"url":"https://mitre.org/fhir/space-health/ValueSet/space-performance-metric-vs","version":"0.5.5","name":"SpacePerformanceMetricVS","title":"Space Exercise Performance Metrics","status":"active","experimental":false,"date":"2025-12-30T10:45:53-07:00","publisher":"MITRE","contact":[{"name":"MITRE","telecom":[{"system":"url","value":"https://www.mitre.org/"}]}],"description":"Performance metrics for space exercise (defined in SpacePerformanceMetricCS)","compose":{"include":[{"system":"http://hl7.org/fhir/uv/aerospace/CodeSystem/space-performance-metric-cs"}]}}