{"resourceType":"ValueSet","id":"organ-dose-codes-vs-complete","text":{"status":"generated","div":"<div xmlns=\"http://www.w3.org/1999/xhtml\"><p class=\"res-header-id\"><b>Generated Narrative: ValueSet organ-dose-codes-vs-complete</b></p><a name=\"organ-dose-codes-vs-complete\"> </a><a name=\"hcorgan-dose-codes-vs-complete\"> </a><ul><li>Include these codes as defined in <code>http://hl7.org/fhir/uv/aerospace/CodeSystem/aerospace-code-system</code><span title=\"Version is not explicitly stated. No matching Code System found\"> version Not Stated (use latest from terminology server)</span><table class=\"none\"><tr><td style=\"white-space:nowrap\"><b>Code</b></td><td><b>Display</b></td></tr><tr><td>bone-marrow-dose</td><td>Bone Marrow Dose</td></tr><tr><td>eye-lens-dose</td><td>Eye Lens Dose</td></tr><tr><td>skin-dose</td><td>Skin Dose</td></tr><tr><td>cns-dose</td><td>Central Nervous System Dose</td></tr><tr><td>thyroid-dose</td><td>Thyroid Dose</td></tr><tr><td>gonad-dose</td><td>Gonad Dose</td></tr><tr><td>lung-dose</td><td>Lung Dose</td></tr><tr><td>gi-tract-dose</td><td>GI Tract Dose</td></tr></table></li></ul></div>"},"url":"https://mitre.org/fhir/space-health/ValueSet/organ-dose-codes-vs-complete","version":"0.4.2","name":"OrganDoseCodesVSComplete","title":"Complete Organ-Specific Dose Codes","status":"active","experimental":false,"date":"2025-12-24T17:35:27-07:00","publisher":"MITRE","contact":[{"name":"MITRE","telecom":[{"system":"url","value":"https://www.mitre.org/"}]}],"description":"Comprehensive codes for organ-specific radiation dose measurements","compose":{"include":[{"system":"http://hl7.org/fhir/uv/aerospace/CodeSystem/aerospace-code-system","concept":[{"code":"bone-marrow-dose","display":"Bone Marrow Dose"},{"code":"eye-lens-dose","display":"Eye Lens Dose"},{"code":"skin-dose","display":"Skin Dose"},{"code":"cns-dose","display":"Central Nervous System Dose"},{"code":"thyroid-dose","display":"Thyroid Dose"},{"code":"gonad-dose","display":"Gonad Dose"},{"code":"lung-dose","display":"Lung Dose"},{"code":"gi-tract-dose","display":"GI Tract Dose"}]}]}}