{"resourceType":"ValueSet","id":"macronutrient-metrics-vs","text":{"status":"generated","div":"<div xmlns=\"http://www.w3.org/1999/xhtml\"><p class=\"res-header-id\"><b>Generated Narrative: ValueSet macronutrient-metrics-vs</b></p><a name=\"macronutrient-metrics-vs\"> </a><a name=\"hcmacronutrient-metrics-vs\"> </a><ul><li>Include all codes defined in <a href=\"CodeSystem-macronutrient-metrics-cs.html\"><code>https://mitre.org/fhir/space-health/CodeSystem/macronutrient-metrics-cs</code></a><span title=\"Version is not explicitly stated, which means it is fixed to the version provided in this specification\"> version &#x1F4E6;0.4.2</span></li></ul></div>"},"url":"https://mitre.org/fhir/space-health/ValueSet/macronutrient-metrics-vs","version":"0.4.2","name":"MacronutrientMetricsVS","title":"Macronutrient Metrics","status":"active","experimental":false,"date":"2025-12-24T17:35:27-07:00","publisher":"MITRE","contact":[{"name":"MITRE","telecom":[{"system":"url","value":"https://www.mitre.org/"}]}],"description":"Measurement types for macronutrient tracking","compose":{"include":[{"system":"https://mitre.org/fhir/space-health/CodeSystem/macronutrient-metrics-cs"}]}}