{"resourceType":"ValueSet","id":"dosimeter-type-vs","text":{"status":"generated","div":"<div xmlns=\"http://www.w3.org/1999/xhtml\"><p class=\"res-header-id\"><b>Generated Narrative: ValueSet dosimeter-type-vs</b></p><a name=\"dosimeter-type-vs\"> </a><a name=\"hcdosimeter-type-vs\"> </a><a name=\"dosimeter-type-vs-en-US\"> </a><ul><li>Include these codes as defined in <code>http://hl7.org/fhir/uv/aerospace</code><table class=\"none\"><tr><td style=\"white-space:nowrap\"><b>Code</b></td><td><b>Display</b></td></tr><tr><td>passive</td><td>Passive Dosimeter</td></tr><tr><td>active</td><td>Active Real-time Dosimeter</td></tr><tr><td>area</td><td>Area Monitor</td></tr></table></li></ul></div>"},"url":"https://mitre.org/fhir/space-health/ValueSet/dosimeter-type-vs","version":"0.4.2","name":"DosimeterTypeVS","title":"Dosimeter Technology Types","status":"draft","date":"2025-06-01T17:51:37-05:00","publisher":"MITRE","contact":[{"name":"MITRE","telecom":[{"system":"url","value":"https://www.mitre.org/"}]}],"compose":{"include":[{"system":"http://hl7.org/fhir/uv/aerospace","concept":[{"code":"passive","display":"Passive Dosimeter"},{"code":"active","display":"Active Real-time Dosimeter"},{"code":"area","display":"Area Monitor"}]}]}}