{"resourceType":"ValueSet","id":"space-radiation-effects","text":{"status":"generated","div":"<div xmlns=\"http://www.w3.org/1999/xhtml\"><p class=\"res-header-id\"><b>Generated Narrative: ValueSet space-radiation-effects</b></p><a name=\"space-radiation-effects\"> </a><a name=\"hcspace-radiation-effects\"> </a><ul><li>Include these codes as defined in <a href=\"http://www.snomed.org/\"><code>http://snomed.info/sct</code></a><span title=\"Version is not explicitly stated. No matching Code System found\"> version Not Stated (use latest from terminology server)</span><table class=\"none\"><tr><td style=\"white-space:nowrap\"><b>Code</b></td><td><b>Display</b></td></tr><tr><td><a href=\"http://snomed.info/id/46316000\">46316000</a></td><td>Cosmic radiation</td></tr><tr><td><a href=\"http://snomed.info/id/242796004\">242796004</a></td><td>Exposure to cosmic radiation</td></tr><tr><td><a href=\"http://snomed.info/id/20558004\">20558004</a></td><td>Radiation sickness</td></tr><tr><td><a href=\"http://snomed.info/id/85983004\">85983004</a></td><td>Radiation sickness</td></tr><tr><td><a href=\"http://snomed.info/id/32215002\">32215002</a></td><td>Subacute radiation sickness</td></tr><tr><td><a href=\"http://snomed.info/id/45941008\">45941008</a></td><td>Chronic radiation sickness</td></tr><tr><td><a href=\"http://snomed.info/id/1791001\">1791001</a></td><td>Radiation injury with fibrosis</td></tr><tr><td><a href=\"http://snomed.info/id/22483007\">22483007</a></td><td>Radiation injury with inflammation</td></tr><tr><td><a href=\"http://snomed.info/id/30386001\">30386001</a></td><td>Radiation injury with necrosis</td></tr><tr><td><a href=\"http://snomed.info/id/81018009\">81018009</a></td><td>Radiation injury</td></tr><tr><td><a href=\"http://snomed.info/id/109301001\">109301001</a></td><td>Radiation injury of bone</td></tr><tr><td><a href=\"http://snomed.info/id/109953003\">109953003</a></td><td>Radiation injury of bone marrow</td></tr><tr><td><a href=\"http://snomed.info/id/123730007\">123730007</a></td><td>Acute radiation injury</td></tr><tr><td><a href=\"http://snomed.info/id/360002\">360002</a></td><td>Acute radiation disease</td></tr><tr><td><a href=\"http://snomed.info/id/2966007\">2966007</a></td><td>Aplastic anemia secondary to radiation</td></tr><tr><td><a href=\"http://snomed.info/id/11804009\">11804009</a></td><td>Contact dermatitis due to solar radiation</td></tr></table></li></ul></div>"},"url":"https://mitre.org/fhir/space-health/ValueSet/space-radiation-effects","version":"0.4.2","name":"SpaceRadiationEffectsValueSet","title":"Space Radiation Effects","status":"draft","experimental":true,"date":"2025-12-24T19:44:53-07:00","publisher":"MITRE","contact":[{"name":"MITRE","telecom":[{"system":"url","value":"https://www.mitre.org/"}]}],"description":"Radiation effects and conditions relevant to human spaceflight, including cosmic radiation, radiation sickness, and radiation injuries","compose":{"include":[{"system":"http://snomed.info/sct","concept":[{"code":"46316000","display":"Cosmic radiation"},{"code":"242796004","display":"Exposure to cosmic radiation"},{"code":"20558004","display":"Radiation sickness"},{"code":"85983004","display":"Radiation sickness"},{"code":"32215002","display":"Subacute radiation sickness"},{"code":"45941008","display":"Chronic radiation sickness"},{"code":"1791001","display":"Radiation injury with fibrosis"},{"code":"22483007","display":"Radiation injury with inflammation"},{"code":"30386001","display":"Radiation injury with necrosis"},{"code":"81018009","display":"Radiation injury"},{"code":"109301001","display":"Radiation injury of bone"},{"code":"109953003","display":"Radiation injury of bone marrow"},{"code":"123730007","display":"Acute radiation injury"},{"code":"360002","display":"Acute radiation disease"},{"code":"2966007","display":"Aplastic anemia secondary to radiation"},{"code":"11804009","display":"Contact dermatitis due to solar radiation"}]}]}}