{"resourceType":"ValueSet","id":"SleepLossHypoxiaResponses","text":{"status":"generated","div":"<div xmlns=\"http://www.w3.org/1999/xhtml\"><p class=\"res-header-id\"><b>Generated Narrative: ValueSet SleepLossHypoxiaResponses</b></p><a name=\"SleepLossHypoxiaResponses\"> </a><a name=\"hcSleepLossHypoxiaResponses\"> </a><a name=\"SleepLossHypoxiaResponses-en-US\"> </a><ul><li>Include these codes as defined in <a href=\"http://www.snomed.org/\"><code>http://snomed.info/sct</code></a><table class=\"none\"><tr><td style=\"white-space:nowrap\"><b>Code</b></td><td><b>Display</b></td></tr><tr><td><a href=\"http://snomed.info/id/78590007\">78590007</a></td><td>Acute mountain sickness</td></tr><tr><td><a href=\"http://snomed.info/id/130989002\">130989002</a></td><td>Sleep deprivation</td></tr><tr><td><a href=\"http://snomed.info/id/30869003\">30869003</a></td><td>Hypoxia</td></tr><tr><td><a href=\"http://snomed.info/id/233707008\">233707008</a></td><td>High altitude pulmonary edema</td></tr><tr><td><a href=\"http://snomed.info/id/230762003\">230762003</a></td><td>High altitude cerebral edema</td></tr><tr><td><a href=\"http://snomed.info/id/23583003\">23583003</a></td><td>Inflammation</td></tr><tr><td><a href=\"http://snomed.info/id/50530005\">50530005</a></td><td>Cheyne-stokes breathing</td></tr><tr><td><a href=\"http://snomed.info/id/55235003\">55235003</a></td><td>CRP - C-reactive protein level</td></tr><tr><td><a href=\"http://snomed.info/id/15754000\">15754000</a></td><td>Interleukin-7</td></tr></table></li></ul></div>"},"url":"https://mitre.org/fhir/space-health/ValueSet/SleepLossHypoxiaResponses","version":"0.4.2","name":"SleepLossHypoxiaResponses","title":"Sleep Loss and Hypoxia Responses","status":"draft","date":"2025-06-01T17:51:37-05:00","publisher":"MITRE","contact":[{"name":"MITRE","telecom":[{"system":"url","value":"https://www.mitre.org/"}]}],"description":"Concepts related to sleep deprivation and physiological/cognitive responses to systemic environmental hypoxia.","compose":{"include":[{"system":"http://snomed.info/sct","concept":[{"code":"78590007","display":"Acute mountain sickness"},{"code":"130989002","display":"Sleep deprivation"},{"code":"30869003","display":"Hypoxia"},{"code":"233707008","display":"High altitude pulmonary edema"},{"code":"230762003","display":"High altitude cerebral edema"},{"code":"23583003","display":"Inflammation"},{"code":"50530005","display":"Cheyne-stokes breathing"},{"code":"55235003","display":"CRP - C-reactive protein level"},{"code":"15754000","display":"Interleukin-7"}]}]}}