{
  "resourceType" : "Contract",
  "id" : "SpaceTourismTravelInsuranceContract",
  "meta" : {
    "profile" : ["https://mitre.org/fhir/space-health/StructureDefinition/SpaceInsuranceContract"]
  },
  "text" : {
    "status" : "generated",
    "div" : "<div xmlns=\"http://www.w3.org/1999/xhtml\"><p class=\"res-header-id\"><b>Generated Narrative: Contract SpaceTourismTravelInsuranceContract</b></p><a name=\"SpaceTourismTravelInsuranceContract\"> </a><a name=\"hcSpaceTourismTravelInsuranceContract\"> </a><a name=\"SpaceTourismTravelInsuranceContract-en-US\"> </a><div style=\"display: inline-block; background-color: #d9e0e7; padding: 6px; margin: 4px; border: 1px solid #8da1b4; border-radius: 5px; line-height: 60%\"><p style=\"margin-bottom: 0px\"/><p style=\"margin-bottom: 0px\">Profile: <a href=\"StructureDefinition-SpaceInsuranceContract.html\">Space Insurance Contract</a></p></div></div>"
  }
}