{
  "resourceType" : "Location",
  "id" : "LegangePoint2",
  "meta" : {
    "profile" : ["https://mitre.org/fhir/space-health/StructureDefinition/SpaceLocation"]
  },
  "text" : {
    "status" : "generated",
    "div" : "<div xmlns=\"http://www.w3.org/1999/xhtml\"><p class=\"res-header-id\"><b>Generated Narrative: Location LegangePoint2</b></p><a name=\"LegangePoint2\"> </a><a name=\"hcLegangePoint2\"> </a><div style=\"display: inline-block; background-color: #d9e0e7; padding: 6px; margin: 4px; border: 1px solid #8da1b4; border-radius: 5px; line-height: 60%\"><p style=\"margin-bottom: 0px\"/><p style=\"margin-bottom: 0px\">Profile: <a href=\"StructureDefinition-SpaceLocation.html\">xGeo Locations</a></p></div><p><b>name</b>: Location - Legrange Point 2</p></div>"
  },
  "name" : "Location - Legrange Point 2"
}