{
  "resourceType" : "Location",
  "id" : "PatuxentRiverNavalAirStation",
  "text" : {
    "status" : "generated",
    "div" : "<div xmlns=\"http://www.w3.org/1999/xhtml\"><p class=\"res-header-id\"><b>Generated Narrative: Location PatuxentRiverNavalAirStation</b></p><a name=\"PatuxentRiverNavalAirStation\"> </a><a name=\"hcPatuxentRiverNavalAirStation\"> </a><p><b>name</b>: Naval Air Station Patuxent River</p><p><b>description</b>: Navy test pilot training with altitude chambers</p><p><b>address</b>: Patuxent River MD US </p></div>"
  },
  "name" : "Naval Air Station Patuxent River",
  "description" : "Navy test pilot training with altitude chambers",
  "address" : {
    "city" : "Patuxent River",
    "state" : "MD",
    "country" : "US"
  }
}