{
  "resourceType" : "Location",
  "id" : "ArtemisBaseCampHabitat",
  "meta" : {
    "profile" : ["https://mitre.org/fhir/space-health/StructureDefinition/SpaceLocation"]
  },
  "text" : {
    "status" : "generated",
    "div" : "<div xmlns=\"http://www.w3.org/1999/xhtml\"><p class=\"res-header-id\"><b>Generated Narrative: Location ArtemisBaseCampHabitat</b></p><a name=\"ArtemisBaseCampHabitat\"> </a><a name=\"hcArtemisBaseCampHabitat\"> </a><div style=\"display: inline-block; background-color: #d9e0e7; padding: 6px; margin: 4px; border: 1px solid #8da1b4; border-radius: 5px; line-height: 60%\"><p style=\"margin-bottom: 0px\"/><p style=\"margin-bottom: 0px\">Profile: <a href=\"StructureDefinition-SpaceLocation.html\">xGeo Locations</a></p></div><p><b>name</b>: Artemis Base Camp Habitat</p><p><b>description</b>: Pressurized lunar surface habitat for extended stays</p></div>"
  },
  "name" : "Artemis Base Camp Habitat",
  "description" : "Pressurized lunar surface habitat for extended stays"
}