{
  "resourceType" : "Location",
  "id" : "BrooksAltitudeChamber",
  "text" : {
    "status" : "generated",
    "div" : "<div xmlns=\"http://www.w3.org/1999/xhtml\"><p class=\"res-header-id\"><b>Generated Narrative: Location BrooksAltitudeChamber</b></p><a name=\"BrooksAltitudeChamber\"> </a><a name=\"hcBrooksAltitudeChamber\"> </a><p><b>name</b>: Brooks Altitude Chamber Complex</p><p><b>description</b>: Hypobaric chambers for altitude and pressure training</p><p><b>address</b>: San Antonio TX US </p></div>"
  },
  "name" : "Brooks Altitude Chamber Complex",
  "description" : "Hypobaric chambers for altitude and pressure training",
  "address" : {
    "city" : "San Antonio",
    "state" : "TX",
    "country" : "US"
  }
}