{
  "resourceType" : "CodeSystem",
  "id" : "artemis-mission-cs",
  "text" : {
    "status" : "generated",
    "div" : "<div xmlns=\"http://www.w3.org/1999/xhtml\"><p class=\"res-header-id\"><b>Generated Narrative: CodeSystem artemis-mission-cs</b></p><a name=\"artemis-mission-cs\"> </a><a name=\"hcartemis-mission-cs\"> </a><p><b>Properties</b></p><p><b>This code system defines the following properties for its concepts</b></p><table class=\"grid\"><tr><td><b>Name</b></td><td><b>Code</b></td><td><b>URI</b></td><td><b>Type</b></td><td><b>Description</b></td></tr><tr><td>status</td><td>status</td><td>http://hl7.org/fhir/uv/aerospace/CodeSystem/artemis-mission-cs#status</td><td>code</td><td>Mission status (completed, in-progress, planned)</td></tr><tr><td>target</td><td>target</td><td>http://hl7.org/fhir/uv/aerospace/CodeSystem/artemis-mission-cs#target</td><td>string</td><td>Target destination (orbit or landing)</td></tr><tr><td>launchDate</td><td>launchDate</td><td>http://hl7.org/fhir/uv/aerospace/CodeSystem/artemis-mission-cs#launchDate</td><td>dateTime</td><td>Launch date of mission (actual or planned)</td></tr></table><p><b>Concepts</b></p><p>This case-sensitive code system <code>http://hl7.org/fhir/uv/aerospace/CodeSystem/artemis-mission-cs</code> defines the following codes:</p><table class=\"codes\"><tr><td style=\"white-space:nowrap\"><b>Code</b></td><td><b>Display</b></td><td><b>Definition</b></td><td><b>status</b></td><td><b>target</b></td><td><b>launchDate</b></td></tr><tr><td style=\"white-space:nowrap\">ARTEMIS-I<a name=\"artemis-mission-cs-ARTEMIS-I\"> </a></td><td>Artemis I</td><td>Uncrewed test flight of Orion and SLS around the Moon. Launched Nov 16, 2022. Status: completed. Target: Lunar orbit and return.</td><td>completed</td><td>Lunar orbit and return (uncrewed test)</td><td>2022-11-16T06:47:00Z</td></tr><tr><td style=\"white-space:nowrap\">ARTEMIS-II<a name=\"artemis-mission-cs-ARTEMIS-II\"> </a></td><td>Artemis II</td><td>First crewed lunar flyby mission of Artemis program. Planned ~2026. Status: planned. Target: Lunar flyby (crewed).</td><td>planned</td><td>Lunar flyby (crewed)</td><td>2026-09-01T00:00:00Z</td></tr><tr><td style=\"white-space:nowrap\">ARTEMIS-III<a name=\"artemis-mission-cs-ARTEMIS-III\"> </a></td><td>Artemis III</td><td>First crewed lunar landing of Artemis program at south pole. Planned ~2027. Status: planned. Target: Lunar south pole landing.</td><td>planned</td><td>Lunar south pole landing</td><td>2027-09-01T00:00:00Z</td></tr><tr><td style=\"white-space:nowrap\">ARTEMIS-IV<a name=\"artemis-mission-cs-ARTEMIS-IV\"> </a></td><td>Artemis IV</td><td>Lunar Gateway assembly mission with landing. Planned ~2028. Status: planned. Target: Gateway assembly + landing.</td><td>planned</td><td>Lunar Gateway assembly + landing</td><td>2028-09-01T00:00:00Z</td></tr><tr><td style=\"white-space:nowrap\">ARTEMIS-V<a name=\"artemis-mission-cs-ARTEMIS-V\"> </a></td><td>Artemis V</td><td>Lunar landing with new lander and Lunar Terrain Vehicle. Planned ~2030. Status: planned. Target: Lunar landing (new lander, LTV rover).</td><td>planned</td><td>Lunar landing (new lander, LTV rover)</td><td>2030-01-01T00:00:00Z</td></tr></table></div>"
  },
  "url" : "http://hl7.org/fhir/uv/aerospace/CodeSystem/artemis-mission-cs",
  "version" : "0.5.6",
  "name" : "ArtemisMissionCS",
  "title" : "Artemis Missions",
  "status" : "active",
  "experimental" : false,
  "date" : "2025-12-30T19:11:20-07:00",
  "publisher" : "MITRE",
  "contact" : [{
    "name" : "MITRE",
    "telecom" : [{
      "system" : "url",
      "value" : "https://www.mitre.org/"
    }]
  }],
  "description" : "Historical and planned Artemis program missions with target destinations, launch dates, and status",
  "caseSensitive" : true,
  "content" : "complete",
  "count" : 5,
  "property" : [{
    "code" : "status",
    "uri" : "http://hl7.org/fhir/uv/aerospace/CodeSystem/artemis-mission-cs#status",
    "description" : "Mission status (completed, in-progress, planned)",
    "type" : "code"
  },
  {
    "code" : "target",
    "uri" : "http://hl7.org/fhir/uv/aerospace/CodeSystem/artemis-mission-cs#target",
    "description" : "Target destination (orbit or landing)",
    "type" : "string"
  },
  {
    "code" : "launchDate",
    "uri" : "http://hl7.org/fhir/uv/aerospace/CodeSystem/artemis-mission-cs#launchDate",
    "description" : "Launch date of mission (actual or planned)",
    "type" : "dateTime"
  }],
  "concept" : [{
    "code" : "ARTEMIS-I",
    "display" : "Artemis I",
    "definition" : "Uncrewed test flight of Orion and SLS around the Moon. Launched Nov 16, 2022. Status: completed. Target: Lunar orbit and return.",
    "designation" : [{
      "use" : {
        "system" : "http://terminology.hl7.org/CodeSystem/designation-usage",
        "code" : "definition"
      },
      "value" : "Status: completed | Target: Lunar orbit and return (uncrewed test) | Launch: 2022-11-16"
    }],
    "property" : [{
      "code" : "status",
      "valueCode" : "completed"
    },
    {
      "code" : "target",
      "valueString" : "Lunar orbit and return (uncrewed test)"
    },
    {
      "code" : "launchDate",
      "valueDateTime" : "2022-11-16T06:47:00Z"
    }]
  },
  {
    "code" : "ARTEMIS-II",
    "display" : "Artemis II",
    "definition" : "First crewed lunar flyby mission of Artemis program. Planned ~2026. Status: planned. Target: Lunar flyby (crewed).",
    "designation" : [{
      "use" : {
        "system" : "http://terminology.hl7.org/CodeSystem/designation-usage",
        "code" : "definition"
      },
      "value" : "Status: planned | Target: Lunar flyby (crewed) | Launch: ~2026"
    }],
    "property" : [{
      "code" : "status",
      "valueCode" : "planned"
    },
    {
      "code" : "target",
      "valueString" : "Lunar flyby (crewed)"
    },
    {
      "code" : "launchDate",
      "valueDateTime" : "2026-09-01T00:00:00Z"
    }]
  },
  {
    "code" : "ARTEMIS-III",
    "display" : "Artemis III",
    "definition" : "First crewed lunar landing of Artemis program at south pole. Planned ~2027. Status: planned. Target: Lunar south pole landing.",
    "designation" : [{
      "use" : {
        "system" : "http://terminology.hl7.org/CodeSystem/designation-usage",
        "code" : "definition"
      },
      "value" : "Status: planned | Target: Lunar south pole landing | Launch: ~2027"
    }],
    "property" : [{
      "code" : "status",
      "valueCode" : "planned"
    },
    {
      "code" : "target",
      "valueString" : "Lunar south pole landing"
    },
    {
      "code" : "launchDate",
      "valueDateTime" : "2027-09-01T00:00:00Z"
    }]
  },
  {
    "code" : "ARTEMIS-IV",
    "display" : "Artemis IV",
    "definition" : "Lunar Gateway assembly mission with landing. Planned ~2028. Status: planned. Target: Gateway assembly + landing.",
    "designation" : [{
      "use" : {
        "system" : "http://terminology.hl7.org/CodeSystem/designation-usage",
        "code" : "definition"
      },
      "value" : "Status: planned | Target: Lunar Gateway assembly + landing | Launch: ~2028"
    }],
    "property" : [{
      "code" : "status",
      "valueCode" : "planned"
    },
    {
      "code" : "target",
      "valueString" : "Lunar Gateway assembly + landing"
    },
    {
      "code" : "launchDate",
      "valueDateTime" : "2028-09-01T00:00:00Z"
    }]
  },
  {
    "code" : "ARTEMIS-V",
    "display" : "Artemis V",
    "definition" : "Lunar landing with new lander and Lunar Terrain Vehicle. Planned ~2030. Status: planned. Target: Lunar landing (new lander, LTV rover).",
    "designation" : [{
      "use" : {
        "system" : "http://terminology.hl7.org/CodeSystem/designation-usage",
        "code" : "definition"
      },
      "value" : "Status: planned | Target: Lunar landing (new lander, LTV rover) | Launch: ~2030"
    }],
    "property" : [{
      "code" : "status",
      "valueCode" : "planned"
    },
    {
      "code" : "target",
      "valueString" : "Lunar landing (new lander, LTV rover)"
    },
    {
      "code" : "launchDate",
      "valueDateTime" : "2030-01-01T00:00:00Z"
    }]
  }]
}