{
  "resourceType" : "CodeSystem",
  "id" : "space-treatment-procedures-cs",
  "text" : {
    "status" : "generated",
    "div" : "<div xmlns=\"http://www.w3.org/1999/xhtml\"><p class=\"res-header-id\"><b>Generated Narrative: CodeSystem space-treatment-procedures-cs</b></p><a name=\"space-treatment-procedures-cs\"> </a><a name=\"hcspace-treatment-procedures-cs\"> </a><a name=\"space-treatment-procedures-cs-en-US\"> </a><p>This case-sensitive code system <code>https://mitre.org/fhir/space-health/CodeSystem/space-treatment-procedures-cs</code> defines the following codes:</p><table class=\"codes\"><tr><td style=\"white-space:nowrap\"><b>Code</b></td><td><b>Display</b></td><td><b>Definition</b></td></tr><tr><td style=\"white-space:nowrap\">in-flight-medical-care<a name=\"space-treatment-procedures-cs-in-flight-medical-care\"> </a></td><td>In-flight Medical Care</td><td>Medical care provided during spaceflight</td></tr><tr><td style=\"white-space:nowrap\">space-surgery<a name=\"space-treatment-procedures-cs-space-surgery\"> </a></td><td>Space Surgery</td><td>Surgical procedures adapted for the microgravity environment</td></tr><tr><td style=\"white-space:nowrap\">space-anesthesia<a name=\"space-treatment-procedures-cs-space-anesthesia\"> </a></td><td>Space Anesthesia</td><td>Administration of anesthesia in the microgravity environment</td></tr><tr><td style=\"white-space:nowrap\">fluid-resuscitation-microgravity<a name=\"space-treatment-procedures-cs-fluid-resuscitation-microgravity\"> </a></td><td>Fluid Resuscitation in Microgravity</td><td>Administration of intravenous fluids in microgravity conditions</td></tr><tr><td style=\"white-space:nowrap\">countermeasure-exercise<a name=\"space-treatment-procedures-cs-countermeasure-exercise\"> </a></td><td>Countermeasure Exercise</td><td>Prescribed exercise to prevent physiological deconditioning during spaceflight</td></tr><tr><td style=\"white-space:nowrap\">artificial-gravity-therapy<a name=\"space-treatment-procedures-cs-artificial-gravity-therapy\"> </a></td><td>Artificial Gravity Therapy</td><td>Use of artificial gravity to prevent physiological deconditioning</td></tr><tr><td style=\"white-space:nowrap\">pharmaceutical-stability-space<a name=\"space-treatment-procedures-cs-pharmaceutical-stability-space\"> </a></td><td>Pharmaceutical Stability in Space</td><td>Assessment and maintenance of medication stability in the space environment</td></tr><tr><td style=\"white-space:nowrap\">radiation-protection-procedures<a name=\"space-treatment-procedures-cs-radiation-protection-procedures\"> </a></td><td>Radiation Protection Procedures</td><td>Methods to protect astronauts from space radiation</td></tr><tr><td style=\"white-space:nowrap\">LBNP-therapy<a name=\"space-treatment-procedures-cs-LBNP-therapy\"> </a></td><td>Lower Body Negative Pressure Therapy</td><td>Use of lower body negative pressure to prevent cardiovascular deconditioning</td></tr><tr><td style=\"white-space:nowrap\">space-rehabilitation<a name=\"space-treatment-procedures-cs-space-rehabilitation\"> </a></td><td>Space Rehabilitation</td><td>Rehabilitation techniques used during spaceflight to prevent or treat physiological deconditioning</td></tr><tr><td style=\"white-space:nowrap\">EVA-medical-contingency<a name=\"space-treatment-procedures-cs-EVA-medical-contingency\"> </a></td><td>EVA Medical Contingency Management</td><td>Management of medical emergencies during extravehicular activities</td></tr><tr><td style=\"white-space:nowrap\">hyperbaric-oxygen-therapy-space<a name=\"space-treatment-procedures-cs-hyperbaric-oxygen-therapy-space\"> </a></td><td>Hyperbaric Oxygen Therapy in Space</td><td>Administration of hyperbaric oxygen therapy in the space environment</td></tr><tr><td style=\"white-space:nowrap\">microgravity-trauma-management<a name=\"space-treatment-procedures-cs-microgravity-trauma-management\"> </a></td><td>Microgravity Trauma Management</td><td>Management of traumatic injuries in the microgravity environment</td></tr></table></div>"
  },
  "url" : "https://mitre.org/fhir/space-health/CodeSystem/space-treatment-procedures-cs",
  "version" : "0.4.2",
  "name" : "SpaceTreatmentProceduresCodeSystem",
  "title" : "Space Treatment Procedures",
  "status" : "draft",
  "experimental" : true,
  "date" : "2025-06-01T22:56:50-05:00",
  "publisher" : "MITRE",
  "contact" : [{
    "name" : "MITRE",
    "telecom" : [{
      "system" : "url",
      "value" : "https://www.mitre.org/"
    }]
  }],
  "description" : "CodeSystem for space treatment procedures not found in SNOMED CT",
  "caseSensitive" : true,
  "content" : "complete",
  "count" : 13,
  "concept" : [{
    "code" : "in-flight-medical-care",
    "display" : "In-flight Medical Care",
    "definition" : "Medical care provided during spaceflight"
  },
  {
    "code" : "space-surgery",
    "display" : "Space Surgery",
    "definition" : "Surgical procedures adapted for the microgravity environment"
  },
  {
    "code" : "space-anesthesia",
    "display" : "Space Anesthesia",
    "definition" : "Administration of anesthesia in the microgravity environment"
  },
  {
    "code" : "fluid-resuscitation-microgravity",
    "display" : "Fluid Resuscitation in Microgravity",
    "definition" : "Administration of intravenous fluids in microgravity conditions"
  },
  {
    "code" : "countermeasure-exercise",
    "display" : "Countermeasure Exercise",
    "definition" : "Prescribed exercise to prevent physiological deconditioning during spaceflight"
  },
  {
    "code" : "artificial-gravity-therapy",
    "display" : "Artificial Gravity Therapy",
    "definition" : "Use of artificial gravity to prevent physiological deconditioning"
  },
  {
    "code" : "pharmaceutical-stability-space",
    "display" : "Pharmaceutical Stability in Space",
    "definition" : "Assessment and maintenance of medication stability in the space environment"
  },
  {
    "code" : "radiation-protection-procedures",
    "display" : "Radiation Protection Procedures",
    "definition" : "Methods to protect astronauts from space radiation"
  },
  {
    "code" : "LBNP-therapy",
    "display" : "Lower Body Negative Pressure Therapy",
    "definition" : "Use of lower body negative pressure to prevent cardiovascular deconditioning"
  },
  {
    "code" : "space-rehabilitation",
    "display" : "Space Rehabilitation",
    "definition" : "Rehabilitation techniques used during spaceflight to prevent or treat physiological deconditioning"
  },
  {
    "code" : "EVA-medical-contingency",
    "display" : "EVA Medical Contingency Management",
    "definition" : "Management of medical emergencies during extravehicular activities"
  },
  {
    "code" : "hyperbaric-oxygen-therapy-space",
    "display" : "Hyperbaric Oxygen Therapy in Space",
    "definition" : "Administration of hyperbaric oxygen therapy in the space environment"
  },
  {
    "code" : "microgravity-trauma-management",
    "display" : "Microgravity Trauma Management",
    "definition" : "Management of traumatic injuries in the microgravity environment"
  }]
}