{
  "resourceType" : "Condition",
  "id" : "ConditionRadiationExposure",
  "meta" : {
    "profile" : ["https://mitre.org/fhir/space-health/StructureDefinition/SpaceCondition"]
  },
  "text" : {
    "status" : "generated",
    "div" : "<div xmlns=\"http://www.w3.org/1999/xhtml\"><p class=\"res-header-id\"><b>Generated Narrative: Condition ConditionRadiationExposure</b></p><a name=\"ConditionRadiationExposure\"> </a><a name=\"hcConditionRadiationExposure\"> </a><a name=\"ConditionRadiationExposure-en-US\"> </a><div style=\"display: inline-block; background-color: #d9e0e7; padding: 6px; margin: 4px; border: 1px solid #8da1b4; border-radius: 5px; line-height: 60%\"><p style=\"margin-bottom: 0px\"/><p style=\"margin-bottom: 0px\">Profile: <a href=\"StructureDefinition-SpaceCondition.html\">Space Health Condition</a></p></div><p><b>code</b>: <span title=\"Codes:{http://snomed.info/sct 218190002}\">Exposure to radiation (event)</span></p><p><b>subject</b>: <a href=\"Patient-space-construction-engineer-1.html\">Space Constructioneer</a></p><p><b>onset</b>: 2022</p></div>"
  },
  "code" : {
    "coding" : [{
      "system" : "http://snomed.info/sct",
      "code" : "218190002",
      "display" : "Exposure to radiation (event)"
    }]
  },
  "subject" : {
    "reference" : "Patient/space-construction-engineer-1",
    "display" : "Space Constructioneer"
  },
  "onsetDateTime" : "2022"
}