<?xml version="1.0" encoding="UTF-8"?>

<ValueSet xmlns="http://hl7.org/fhir">
  <id value="diving-medical-examinations"/>
  <text>
    <status value="generated"/><div xmlns="http://www.w3.org/1999/xhtml"><p class="res-header-id"><b>Generated Narrative: ValueSet diving-medical-examinations</b></p><a name="diving-medical-examinations"> </a><a name="hcdiving-medical-examinations"> </a><p>This value set includes codes based on the following rules:</p><ul><li>Include codes from<a href="CodeSystem-diving-medicine-cs.html"><code>https://mitre.org/fhir/space-health/CodeSystem/diving-medicine-cs</code></a><span title="Version is not explicitly stated, which means it is fixed to the version provided in this specification"> version &#x1F4E6;0.5.1</span> where concept  is-a <a href="CodeSystem-diving-medicine-cs.html#diving-medicine-cs-dive-medical-exam">dive-medical-exam</a></li><li>Include codes from<a href="CodeSystem-diving-medicine-cs.html"><code>https://mitre.org/fhir/space-health/CodeSystem/diving-medicine-cs</code></a><span title="Version is not explicitly stated, which means it is fixed to the version provided in this specification"> version &#x1F4E6;0.5.1</span> where concept  is-a <a href="CodeSystem-diving-medicine-cs.html#diving-medicine-cs-hyperbaric-clearance">hyperbaric-clearance</a></li><li>Include codes from<a href="CodeSystem-diving-medicine-cs.html"><code>https://mitre.org/fhir/space-health/CodeSystem/diving-medicine-cs</code></a><span title="Version is not explicitly stated, which means it is fixed to the version provided in this specification"> version &#x1F4E6;0.5.1</span> where concept  is-a <a href="CodeSystem-diving-medicine-cs.html#diving-medicine-cs-fitness-assessment">fitness-assessment</a></li><li>Include codes from<a href="CodeSystem-diving-medicine-cs.html"><code>https://mitre.org/fhir/space-health/CodeSystem/diving-medicine-cs</code></a><span title="Version is not explicitly stated, which means it is fixed to the version provided in this specification"> version &#x1F4E6;0.5.1</span> where concept  is-a <a href="CodeSystem-diving-medicine-cs.html#diving-medicine-cs-post-incident-eval">post-incident-eval</a></li><li>Include codes from<a href="CodeSystem-diving-medicine-cs.html"><code>https://mitre.org/fhir/space-health/CodeSystem/diving-medicine-cs</code></a><span title="Version is not explicitly stated, which means it is fixed to the version provided in this specification"> version &#x1F4E6;0.5.1</span> where concept  is-a <a href="CodeSystem-diving-medicine-cs.html#diving-medicine-cs-annual-recert">annual-recert</a></li></ul></div>
  </text>
  <url value="https://mitre.org/fhir/space-health/ValueSet/diving-medical-examinations"/>
  <version value="0.5.1"/>
  <name value="DivingMedicalExaminations"/>
  <title value="Diving Medical Examinations"/>
  <status value="draft"/>
  <experimental value="false"/>
  <date value="2025-12-29T13:16:13-07:00"/>
  <publisher value="MITRE"/>
  <contact>
    <name value="MITRE"/>
    <telecom>
      <system value="url"/>
      <value value="https://www.mitre.org/"/>
    </telecom>
  </contact>
  <description value="Types of medical examinations for diving fitness"/>
  <compose>
    <include>
      <system value="https://mitre.org/fhir/space-health/CodeSystem/diving-medicine-cs"/>
      <filter>
        <property value="concept"/>
        <op value="is-a"/>
        <value value="dive-medical-exam"/>
      </filter>
    </include>
    <include>
      <system value="https://mitre.org/fhir/space-health/CodeSystem/diving-medicine-cs"/>
      <filter>
        <property value="concept"/>
        <op value="is-a"/>
        <value value="hyperbaric-clearance"/>
      </filter>
    </include>
    <include>
      <system value="https://mitre.org/fhir/space-health/CodeSystem/diving-medicine-cs"/>
      <filter>
        <property value="concept"/>
        <op value="is-a"/>
        <value value="fitness-assessment"/>
      </filter>
    </include>
    <include>
      <system value="https://mitre.org/fhir/space-health/CodeSystem/diving-medicine-cs"/>
      <filter>
        <property value="concept"/>
        <op value="is-a"/>
        <value value="post-incident-eval"/>
      </filter>
    </include>
    <include>
      <system value="https://mitre.org/fhir/space-health/CodeSystem/diving-medicine-cs"/>
      <filter>
        <property value="concept"/>
        <op value="is-a"/>
        <value value="annual-recert"/>
      </filter>
    </include>
  </compose>
</ValueSet>