{
  "resourceType" : "ValueSet",
  "id" : "LunarDustToxicityValueSet",
  "text" : {
    "status" : "generated",
    "div" : "<div xmlns=\"http://www.w3.org/1999/xhtml\"><p class=\"res-header-id\"><b>Generated Narrative: ValueSet LunarDustToxicityValueSet</b></p><a name=\"LunarDustToxicityValueSet\"> </a><a name=\"hcLunarDustToxicityValueSet\"> </a><ul><li>Include these codes as defined in <a href=\"http://www.snomed.org/\"><code>http://snomed.info/sct</code></a><span title=\"Version is not explicitly stated. No matching Code System found\"> version Not Stated (use latest from terminology server)</span><table class=\"none\"><tr><td style=\"white-space:nowrap\"><b>Code</b></td><td><b>Display</b></td></tr><tr><td><a href=\"http://snomed.info/id/60481001\">60481001</a></td><td>Toxicity</td></tr><tr><td><a href=\"http://snomed.info/id/51615001\">51615001</a></td><td>Pulmonary fibrosis</td></tr><tr><td><a href=\"http://snomed.info/id/13645005\">13645005</a></td><td>Chronic obstructive pulmonary disease</td></tr><tr><td><a href=\"http://snomed.info/id/257553007\">257553007</a></td><td>Irritation</td></tr><tr><td><a href=\"http://snomed.info/id/4979002\">4979002</a></td><td>Dermatitis</td></tr><tr><td><a href=\"http://snomed.info/id/11214006\">11214006</a></td><td>Reactive</td></tr><tr><td><a href=\"http://snomed.info/id/2296009\">2296009</a></td><td>Iron dextran toxicity</td></tr><tr><td><a href=\"http://snomed.info/id/271794005\">271794005</a></td><td>Circadian dysregulation</td></tr><tr><td><a href=\"http://snomed.info/id/187875007\">187875007</a></td><td>Lung cancer</td></tr><tr><td><a href=\"http://snomed.info/id/805002\">805002</a></td><td>Silicosis</td></tr><tr><td><a href=\"http://snomed.info/id/84499006\">84499006</a></td><td>Chronic inflammation</td></tr><tr><td><a href=\"http://snomed.info/id/71677004\">71677004</a></td><td>Exposure</td></tr><tr><td><a href=\"http://snomed.info/id/139175004\">139175004</a></td><td>Respiratory symptoms</td></tr><tr><td><a href=\"http://snomed.info/id/144417005\">144417005</a></td><td>Renal function tests</td></tr><tr><td><a href=\"http://snomed.info/id/195978009\">195978009</a></td><td>Exacerbation of asthma</td></tr><tr><td><a href=\"http://snomed.info/id/23583003\">23583003</a></td><td>Inflammation</td></tr><tr><td><a href=\"http://snomed.info/id/5410007\">5410007</a></td><td>Oxidative phosphorylation</td></tr><tr><td><a href=\"http://snomed.info/id/46595003\">46595003</a></td><td>Deposition</td></tr></table></li></ul></div>"
  },
  "url" : "https://mitre.org/fhir/space-health/ValueSet/LunarDustToxicityValueSet",
  "version" : "0.5.0",
  "name" : "LunarDustToxicityValueSet",
  "title" : "Lunar Dust Toxicity",
  "status" : "draft",
  "date" : "2025-12-25T11:43:35-07:00",
  "publisher" : "MITRE",
  "contact" : [{
    "name" : "MITRE",
    "telecom" : [{
      "system" : "url",
      "value" : "https://www.mitre.org/"
    }]
  }],
  "description" : "Conditions and effects associated with lunar dust exposure, including respiratory, ocular, and systemic toxicities.",
  "compose" : {
    "include" : [{
      "system" : "http://snomed.info/sct",
      "concept" : [{
        "code" : "60481001",
        "display" : "Toxicity"
      },
      {
        "code" : "51615001",
        "display" : "Pulmonary fibrosis"
      },
      {
        "code" : "13645005",
        "display" : "Chronic obstructive pulmonary disease"
      },
      {
        "code" : "257553007",
        "display" : "Irritation"
      },
      {
        "code" : "4979002",
        "display" : "Dermatitis"
      },
      {
        "code" : "11214006",
        "display" : "Reactive"
      },
      {
        "code" : "2296009",
        "display" : "Iron dextran toxicity"
      },
      {
        "code" : "271794005",
        "display" : "Circadian dysregulation"
      },
      {
        "code" : "187875007",
        "display" : "Lung cancer"
      },
      {
        "code" : "805002",
        "display" : "Silicosis"
      },
      {
        "code" : "84499006",
        "display" : "Chronic inflammation"
      },
      {
        "code" : "71677004",
        "display" : "Exposure"
      },
      {
        "code" : "139175004",
        "display" : "Respiratory symptoms"
      },
      {
        "code" : "144417005",
        "display" : "Renal function tests"
      },
      {
        "code" : "195978009",
        "display" : "Exacerbation of asthma"
      },
      {
        "code" : "23583003",
        "display" : "Inflammation"
      },
      {
        "code" : "5410007",
        "display" : "Oxidative phosphorylation"
      },
      {
        "code" : "46595003",
        "display" : "Deposition"
      }]
    }]
  }
}