{
  "resourceType" : "ValueSet",
  "id" : "crewed-mars-missions-vs",
  "text" : {
    "status" : "generated",
    "div" : "<div xmlns=\"http://www.w3.org/1999/xhtml\"><p class=\"res-header-id\"><b>Generated Narrative: ValueSet crewed-mars-missions-vs</b></p><a name=\"crewed-mars-missions-vs\"> </a><a name=\"hccrewed-mars-missions-vs\"> </a><ul><li>Include all codes defined in <a href=\"CodeSystem-crewed-mars-missions-cs.html\"><code>http://hl7.org/fhir/uv/aerospace/CodeSystem/crewed-mars-missions-cs</code></a><span title=\"Version is not explicitly stated, which means it is fixed to the version provided in this specification\"> version &#x1F4E6;0.5.1</span></li></ul></div>"
  },
  "url" : "http://hl7.org/fhir/uv/aerospace/ValueSet/crewed-mars-missions-vs",
  "version" : "0.5.1",
  "name" : "CrewedMarsMissionsVS",
  "title" : "Human Mars Mission Plans",
  "status" : "active",
  "experimental" : false,
  "date" : "2025-12-29T13:16:13-07:00",
  "publisher" : "MITRE",
  "contact" : [{
    "name" : "MITRE",
    "telecom" : [{
      "system" : "url",
      "value" : "https://www.mitre.org/"
    }]
  }],
  "description" : "Proposed and conceptual human mission architectures to Mars",
  "compose" : {
    "include" : [{
      "system" : "http://hl7.org/fhir/uv/aerospace/CodeSystem/crewed-mars-missions-cs"
    }]
  }
}