{
  "resourceType" : "ValueSet",
  "id" : "radiation-dose-units-vs",
  "text" : {
    "status" : "generated",
    "div" : "<div xmlns=\"http://www.w3.org/1999/xhtml\"><p class=\"res-header-id\"><b>Generated Narrative: ValueSet radiation-dose-units-vs</b></p><a name=\"radiation-dose-units-vs\"> </a><a name=\"hcradiation-dose-units-vs\"> </a><ul><li>Include these codes as defined in <a href=\"http://unitsofmeasure.org\"><code>http://unitsofmeasure.org</code></a><span title=\"Version is not explicitly stated. No matching Code System found\"> version Not Stated (use latest from terminology server)</span><table class=\"none\"><tr><td style=\"white-space:nowrap\"><b>Code</b></td><td><b>Display</b></td></tr><tr><td>mSv</td><td>Millisievert</td></tr><tr><td>uSv</td><td>Microsievert</td></tr><tr><td>Sv</td><td>Sievert</td></tr><tr><td>mGy</td><td>Milligray</td></tr><tr><td>uGy</td><td>Microgray</td></tr><tr><td>Gy</td><td>Gray</td></tr></table></li></ul></div>"
  },
  "url" : "https://mitre.org/fhir/space-health/ValueSet/radiation-dose-units-vs",
  "version" : "0.5.3",
  "name" : "RadiationDoseUnitsVS",
  "title" : "Radiation Dose Units",
  "status" : "draft",
  "experimental" : false,
  "date" : "2025-12-29T22:23:37-07:00",
  "publisher" : "MITRE",
  "contact" : [{
    "name" : "MITRE",
    "telecom" : [{
      "system" : "url",
      "value" : "https://www.mitre.org/"
    }]
  }],
  "description" : "Units for radiation dose measurements",
  "compose" : {
    "include" : [{
      "system" : "http://unitsofmeasure.org",
      "concept" : [{
        "code" : "mSv",
        "display" : "Millisievert"
      },
      {
        "code" : "uSv",
        "display" : "Microsievert"
      },
      {
        "code" : "Sv",
        "display" : "Sievert"
      },
      {
        "code" : "mGy",
        "display" : "Milligray"
      },
      {
        "code" : "uGy",
        "display" : "Microgray"
      },
      {
        "code" : "Gy",
        "display" : "Gray"
      }]
    }]
  }
}