<?xml version="1.0" encoding="UTF-8"?>

<ValueSet xmlns="http://hl7.org/fhir">
  <id value="artemis-all-devices-vs"/>
  <text>
    <status value="generated"/><div xmlns="http://www.w3.org/1999/xhtml"><p class="res-header-id"><b>Generated Narrative: ValueSet artemis-all-devices-vs</b></p><a name="artemis-all-devices-vs"> </a><a name="hcartemis-all-devices-vs"> </a><p>This value set includes codes based on the following rules:</p><ul><li>Include all codes defined in <a href="CodeSystem-artemis-certified-devices-cs.html"><code>http://hl7.org/fhir/uv/aerospace/CodeSystem/artemis-certified-devices-cs</code></a><span title="Version is not explicitly stated, which means it is fixed to the version provided in this specification"> version &#x1F4E6;0.5.2</span></li><li>Include all codes defined in <a href="CodeSystem-artemis-prototype-devices-cs.html"><code>http://hl7.org/fhir/uv/aerospace/CodeSystem/artemis-prototype-devices-cs</code></a><span title="Version is not explicitly stated, which means it is fixed to the version provided in this specification"> version &#x1F4E6;0.5.2</span></li></ul></div>
  </text>
  <url value="http://hl7.org/fhir/uv/aerospace/ValueSet/artemis-all-devices-vs"/>
  <version value="0.5.2"/>
  <name value="ArtemisAllDevicesVS"/>
  <title value="All Artemis Devices"/>
  <status value="active"/>
  <experimental value="false"/>
  <date value="2025-12-29T20:17:52-07:00"/>
  <publisher value="MITRE"/>
  <contact>
    <name value="MITRE"/>
    <telecom>
      <system value="url"/>
      <value value="https://www.mitre.org/"/>
    </telecom>
  </contact>
  <description value="Both certified and prototype Artemis devices"/>
  <compose>
    <include>
      <system value="http://hl7.org/fhir/uv/aerospace/CodeSystem/artemis-certified-devices-cs"/>
    </include>
    <include>
      <system value="http://hl7.org/fhir/uv/aerospace/CodeSystem/artemis-prototype-devices-cs"/>
    </include>
  </compose>
</ValueSet>