<?xml version="1.0" encoding="UTF-8"?>

<ValueSet xmlns="http://hl7.org/fhir">
  <id value="space-neurological-effects"/>
  <text>
    <status value="generated"/><div xmlns="http://www.w3.org/1999/xhtml"><p class="res-header-id"><b>Generated Narrative: ValueSet space-neurological-effects</b></p><a name="space-neurological-effects"> </a><a name="hcspace-neurological-effects"> </a><a name="space-neurological-effects-en-US"> </a><ul><li>Include these codes as defined in <a href="http://www.snomed.org/"><code>http://snomed.info/sct</code></a><table class="none"><tr><td style="white-space:nowrap"><b>Code</b></td><td><b>Display</b></td></tr><tr><td><a href="http://snomed.info/id/246001">246001</a></td><td>Lateral vestibular nucleus</td></tr><tr><td><a href="http://snomed.info/id/3931001">3931001</a></td><td>Vestibular window</td></tr><tr><td><a href="http://snomed.info/id/16860002">16860002</a></td><td>Vestibular function test with observation and evaluation by physician</td></tr><tr><td><a href="http://snomed.info/id/8535002">8535002</a></td><td>Cochleovestibular active Ménière's disease</td></tr><tr><td><a href="http://snomed.info/id/37031009">37031009</a></td><td>Motion sickness</td></tr><tr><td><a href="http://snomed.info/id/3170006">3170006</a></td><td>Papilledema associated with increased intracranial pressure</td></tr><tr><td><a href="http://snomed.info/id/11692000">11692000</a></td><td>Normal intracranial pressure</td></tr><tr><td><a href="http://snomed.info/id/28073009">28073009</a></td><td>Increased intracranial pressure</td></tr><tr><td><a href="http://snomed.info/id/57964004">57964004</a></td><td>Decreased intracranial pressure</td></tr><tr><td><a href="http://snomed.info/id/12738006">12738006</a></td><td>Brain</td></tr><tr><td><a href="http://snomed.info/id/68267002">68267002</a></td><td>Benign intracranial hypertension</td></tr><tr><td><a href="http://snomed.info/id/3235001">3235001</a></td><td>Disorder of balance</td></tr><tr><td><a href="http://snomed.info/id/10904000">10904000</a></td><td>Orthostatic body position</td></tr></table></li></ul></div>
  </text>
  <url value="https://mitre.org/fhir/space-health/ValueSet/space-neurological-effects"/>
  <version value="0.4.1"/>
  <name value="SpaceNeurologicalEffectsValueSet"/>
  <title value="Space Neurological Effects"/>
  <status value="draft"/>
  <experimental value="true"/>
  <date value="2025-06-01T17:14:01-05:00"/>
  <publisher value="MITRE"/>
  <contact>
    <name value="MITRE"/>
    <telecom>
      <system value="url"/>
      <value value="https://www.mitre.org/"/>
    </telecom>
  </contact>
  <description value="Neurological effects relevant to human spaceflight, including vestibular conditions, motion sickness, and intracranial pressure changes"/>
  <compose>
    <include>
      <system value="http://snomed.info/sct"/>
      <concept>
        <code value="246001"/>
        <display value="Lateral vestibular nucleus"/>
      </concept>
      <concept>
        <code value="3931001"/>
        <display value="Vestibular window"/>
      </concept>
      <concept>
        <code value="16860002"/>
        <display value="Vestibular function test with observation and evaluation by physician"/>
      </concept>
      <concept>
        <code value="8535002"/>
        <display value="Cochleovestibular active Ménière's disease"/>
      </concept>
      <concept>
        <code value="37031009"/>
        <display value="Motion sickness"/>
      </concept>
      <concept>
        <code value="3170006"/>
        <display value="Papilledema associated with increased intracranial pressure"/>
      </concept>
      <concept>
        <code value="11692000"/>
        <display value="Normal intracranial pressure"/>
      </concept>
      <concept>
        <code value="28073009"/>
        <display value="Increased intracranial pressure"/>
      </concept>
      <concept>
        <code value="57964004"/>
        <display value="Decreased intracranial pressure"/>
      </concept>
      <concept>
        <code value="12738006"/>
        <display value="Brain"/>
      </concept>
      <concept>
        <code value="68267002"/>
        <display value="Benign intracranial hypertension"/>
      </concept>
      <concept>
        <code value="3235001"/>
        <display value="Disorder of balance"/>
      </concept>
      <concept>
        <code value="10904000"/>
        <display value="Orthostatic body position"/>
      </concept>
    </include>
  </compose>
</ValueSet>