{
  "resourceType" : "Condition",
  "id" : "ConditionOsteoporosis",
  "meta" : {
    "profile" : ["https://mitre.org/fhir/space-health/StructureDefinition/SpaceCondition"]
  },
  "text" : {
    "status" : "generated",
    "div" : "<div xmlns=\"http://www.w3.org/1999/xhtml\"><p class=\"res-header-id\"><b>Generated Narrative: Condition ConditionOsteoporosis</b></p><a name=\"ConditionOsteoporosis\"> </a><a name=\"hcConditionOsteoporosis\"> </a><div style=\"display: inline-block; background-color: #d9e0e7; padding: 6px; margin: 4px; border: 1px solid #8da1b4; border-radius: 5px; line-height: 60%\"><p style=\"margin-bottom: 0px\"/><p style=\"margin-bottom: 0px\">Profile: <a href=\"StructureDefinition-SpaceCondition.html\">Space Health Condition</a></p></div><p><b>code</b>: <span title=\"Codes:{http://snomed.info/sct 64859006}\">Osteoporosis (disorder)</span></p><p><b>subject</b>: <a href=\"Patient/CaptainJaneway\">Catherine Janeway</a></p><p><b>onset</b>: 2022</p></div>"
  },
  "code" : {
    "coding" : [{
      "system" : "http://snomed.info/sct",
      "code" : "64859006",
      "display" : "Osteoporosis (disorder)"
    }]
  },
  "subject" : {
    "reference" : "Patient/CaptainJaneway",
    "display" : "Catherine Janeway"
  },
  "onsetDateTime" : "2022"
}