{
  "resourceType" : "Device",
  "id" : "ScubaDivingEquipment",
  "meta" : {
    "profile" : ["https://mitre.org/fhir/space-health/StructureDefinition/DivingEquipment"]
  },
  "text" : {
    "status" : "generated",
    "div" : "<div xmlns=\"http://www.w3.org/1999/xhtml\"><p class=\"res-header-id\"><b>Generated Narrative: Device ScubaDivingEquipment</b></p><a name=\"ScubaDivingEquipment\"> </a><a name=\"hcScubaDivingEquipment\"> </a><a name=\"ScubaDivingEquipment-en-US\"> </a><div style=\"display: inline-block; background-color: #d9e0e7; padding: 6px; margin: 4px; border: 1px solid #8da1b4; border-radius: 5px; line-height: 60%\"><p style=\"margin-bottom: 0px\"/><p style=\"margin-bottom: 0px\">Profile: <a href=\"StructureDefinition-DivingEquipment.html\">Diving Equipment</a></p></div><p><b>status</b>: Active</p><h3>DeviceNames</h3><table class=\"grid\"><tr><td style=\"display: none\">-</td><td><b>Name</b></td><td><b>Type</b></td></tr><tr><td style=\"display: none\">*</td><td>SCUBA Equipment</td><td>User Friendly name</td></tr></table><p><b>type</b>: <span title=\"Codes:\">Underwater Breathing Apparatus</span></p></div>"
  },
  "status" : "active",
  "deviceName" : [{
    "name" : "SCUBA Equipment",
    "type" : "user-friendly-name"
  }],
  "type" : {
    "text" : "Underwater Breathing Apparatus"
  }
}