{
  "resourceType" : "Patient",
  "id" : "ExampleAstronaut",
  "meta" : {
    "profile" : ["https://mitre.org/fhir/space-health/StructureDefinition/Astronaut"]
  },
  "text" : {
    "status" : "generated",
    "div" : "<div xmlns=\"http://www.w3.org/1999/xhtml\"><p class=\"res-header-id\"><b>Generated Narrative: Patient ExampleAstronaut</b></p><a name=\"ExampleAstronaut\"> </a><a name=\"hcExampleAstronaut\"> </a><a name=\"ExampleAstronaut-en-US\"> </a><div style=\"display: inline-block; background-color: #d9e0e7; padding: 6px; margin: 4px; border: 1px solid #8da1b4; border-radius: 5px; line-height: 60%\"><p style=\"margin-bottom: 0px\"/><p style=\"margin-bottom: 0px\">Profile: <a href=\"StructureDefinition-Astronaut.html\">Astronaut Patient Profile</a></p></div><p style=\"border: 1px #661aff solid; background-color: #e6e6ff; padding: 10px;\">Jane Astronaut  Female, DoB: 1980-01-01 ( http://nasa.gov/astronaut-id#AST-001)</p><hr/><table class=\"grid\"><tr><td style=\"background-color: #f3f5da\" title=\"Record is active\">Active:</td><td colspan=\"3\">true</td></tr></table></div>"
  },
  "identifier" : [{
    "system" : "http://nasa.gov/astronaut-id",
    "value" : "AST-001"
  }],
  "active" : true,
  "name" : [{
    "family" : "Astronaut",
    "given" : ["Jane"]
  }],
  "gender" : "female",
  "birthDate" : "1980-01-01"
}