{
  "resourceType" : "Procedure",
  "id" : "ISS-Exercise-Session-Proc-001",
  "meta" : {
    "profile" : ["https://mitre.org/fhir/space-health/StructureDefinition/space-exercise-session"]
  },
  "text" : {
    "status" : "extensions",
    "div" : "<div xmlns=\"http://www.w3.org/1999/xhtml\"><p class=\"res-header-id\"><b>Generated Narrative: Procedure ISS-Exercise-Session-Proc-001</b></p><a name=\"ISS-Exercise-Session-Proc-001\"> </a><a name=\"hcISS-Exercise-Session-Proc-001\"> </a><div style=\"display: inline-block; background-color: #d9e0e7; padding: 6px; margin: 4px; border: 1px solid #8da1b4; border-radius: 5px; line-height: 60%\"><p style=\"margin-bottom: 0px\"/><p style=\"margin-bottom: 0px\">Profile: <a href=\"StructureDefinition-space-exercise-session.html\">Space Exercise Session</a></p></div><p><b>Mission Context</b>: <a href=\"Encounter-ISS-Exp75-InFlight.html\">Encounter: status = in-progress; class = ambulatory (ActCode#AMB); period = 2025-03-01 00:00:00+0000 --&gt; (ongoing)</a></p><p><b>status</b>: Completed</p><p><b>code</b>: <span title=\"Codes:\">ISS T2 treadmill running session</span></p><p><b>subject</b>: <a href=\"Patient/AstronautExample\">Patient/AstronautExample</a></p><p><b>encounter</b>: <a href=\"Encounter-ISS-Exp75-InFlight.html\">Encounter: status = in-progress; class = ambulatory (ActCode#AMB); period = 2025-03-01 00:00:00+0000 --&gt; (ongoing)</a></p><p><b>performed</b>: 2025-06-01 13:00:00+0000 --&gt; 2025-06-01 13:30:00+0000</p><p><b>usedReference</b>: <a href=\"Device-ISS-T2-Treadmill.html\">Device: status = active; manufacturer = NASA; modelNumber = T2-TVIS; type = </a></p></div>"
  },
  "extension" : [{
    "url" : "http://hl7.org/fhir/uv/aerospace/StructureDefinition/mission-context",
    "valueReference" : {
      "reference" : "Encounter/ISS-Exp75-InFlight"
    }
  }],
  "status" : "completed",
  "code" : {
    "text" : "ISS T2 treadmill running session"
  },
  "subject" : {
    "reference" : "Patient/AstronautExample"
  },
  "encounter" : {
    "reference" : "Encounter/ISS-Exp75-InFlight"
  },
  "performedPeriod" : {
    "start" : "2025-06-01T13:00:00Z",
    "end" : "2025-06-01T13:30:00Z"
  },
  "usedReference" : [{
    "reference" : "Device/ISS-T2-Treadmill"
  }]
}